ds,Category,y,is_holiday,is_promo,day_of_week,day_name,month,quarter,year,is_weekend,y_original,y_capped,is_outlier,lag_1,lag_7,lag_14,rolling_mean_7,rolling_mean_30
2015-01-02,Furniture,0.0,0.0,0.0,4,Friday,1,1,2015,0,0.0,0.0,0,0.0,0.0,0.0,0.0,0.0
2015-01-03,Furniture,1893.995,1.0,0.0,5,Saturday,1,1,2015,1,1893.995,0.0,1,0.0,0.0,0.0,0.0,0.0
2015-01-04,Furniture,0.0,0.0,0.0,6,Sunday,1,1,2015,1,0.0,0.0,0,0.0,0.0,0.0,0.0,0.0
2015-01-05,Furniture,0.0,0.0,0.0,0,Monday,1,1,2015,0,0.0,0.0,0,0.0,0.0,0.0,0.0,0.0
2015-01-06,Furniture,2024.06,0.0,0.0,1,Tuesday,1,1,2015,0,2024.06,0.0,1,0.0,0.0,0.0,0.0,0.0
2015-01-07,Furniture,0.0,0.0,0.0,2,Wednesday,1,1,2015,0,0.0,0.0,0,0.0,0.0,0.0,0.0,0.0
2015-01-08,Furniture,44.128,0.0,0.0,3,Thursday,1,1,2015,0,44.128,0.0,1,0.0,0.0,0.0,0.0,0.0
2015-01-09,Furniture,0.0,0.0,0.0,4,Friday,1,1,2015,0,0.0,0.0,0,0.0,0.0,0.0,0.0,0.0
2015-01-10,Furniture,0.0,0.0,0.0,5,Saturday,1,1,2015,1,0.0,0.0,0,0.0,0.0,0.0,0.0,0.0
2015-01-11,Furniture,31.68,0.0,0.0,6,Sunday,1,1,2015,1,31.68,0.0,1,0.0,0.0,0.0,0.0,0.0
2015-01-12,Furniture,4513.606,0.0,0.0,0,Monday,1,1,2015,0,4513.606,0.0,1,0.0,0.0,0.0,0.0,0.0
2015-01-13,Furniture,0.0,0.0,0.0,1,Tuesday,1,1,2015,0,0.0,0.0,0,0.0,0.0,0.0,0.0,0.0
2015-01-14,Furniture,0.0,0.0,0.0,2,Wednesday,1,1,2015,0,0.0,0.0,0,0.0,0.0,0.0,0.0,0.0
2015-01-15,Furniture,0.0,0.0,0.0,3,Thursday,1,1,2015,0,0.0,0.0,0,0.0,0.0,0.0,0.0,0.0
2015-01-16,Furniture,0.0,0.0,0.0,4,Friday,1,1,2015,0,0.0,0.0,0,0.0,0.0,0.0,0.0,0.0
2015-01-17,Furniture,0.0,0.0,0.0,5,Saturday,1,1,2015,1,0.0,0.0,0,0.0,0.0,0.0,0.0,0.0
2015-01-18,Furniture,0.0,0.0,0.0,6,Sunday,1,1,2015,1,0.0,0.0,0,0.0,0.0,0.0,0.0,0.0
2015-01-19,Furniture,0.0,0.0,0.0,0,Monday,1,1,2015,0,0.0,0.0,0,0.0,0.0,0.0,0.0,0.0
2015-01-20,Furniture,0.0,0.0,0.0,1,Tuesday,1,1,2015,0,0.0,0.0,0,0.0,0.0,0.0,0.0,0.0
2015-01-21,Furniture,0.0,0.0,0.0,2,Wednesday,1,1,2015,0,0.0,0.0,0,0.0,0.0,0.0,0.0,0.0
2015-01-22,Furniture,0.0,0.0,0.0,3,Thursday,1,1,2015,0,0.0,0.0,0,0.0,0.0,0.0,0.0,0.0
2015-01-23,Furniture,0.0,0.0,0.0,4,Friday,1,1,2015,0,0.0,0.0,0,0.0,0.0,0.0,0.0,0.0
2015-01-24,Furniture,0.0,0.0,0.0,5,Saturday,1,1,2015,1,0.0,0.0,0,0.0,0.0,0.0,0.0,0.0
2015-01-25,Furniture,0.0,0.0,0.0,6,Sunday,1,1,2015,1,0.0,0.0,0,0.0,0.0,0.0,0.0,0.0
2015-01-26,Furniture,0.0,0.0,0.0,0,Monday,1,1,2015,0,0.0,0.0,0,0.0,0.0,0.0,0.0,0.0
2015-01-27,Furniture,0.0,0.0,0.0,1,Tuesday,1,1,2015,0,0.0,0.0,0,0.0,0.0,0.0,0.0,0.0
2015-01-28,Furniture,0.0,0.0,0.0,2,Wednesday,1,1,2015,0,0.0,0.0,0,0.0,0.0,0.0,0.0,0.0
2015-01-29,Furniture,0.0,0.0,0.0,3,Thursday,1,1,2015,0,0.0,0.0,0,0.0,0.0,0.0,0.0,0.0
2015-01-30,Furniture,0.0,0.0,0.0,4,Friday,1,1,2015,0,0.0,0.0,0,0.0,0.0,0.0,0.0,0.0
2015-01-31,Furniture,0.0,0.0,0.0,5,Saturday,1,1,2015,1,0.0,0.0,0,0.0,0.0,0.0,0.0,0.0
2015-02-01,Furniture,0.0,0.0,0.0,6,Sunday,2,1,2015,1,0.0,0.0,0,0.0,0.0,0.0,0.0,0.0
2015-02-02,Furniture,0.0,0.0,0.0,0,Monday,2,1,2015,0,0.0,0.0,0,0.0,0.0,0.0,0.0,0.0
2015-02-03,Furniture,0.0,0.0,0.0,1,Tuesday,2,1,2015,0,0.0,0.0,0,0.0,0.0,0.0,0.0,0.0
2015-02-04,Furniture,177.68,0.0,0.0,2,Wednesday,2,1,2015,0,177.68,0.0,1,0.0,0.0,0.0,0.0,0.0
2015-02-05,Furniture,0.0,0.0,0.0,3,Thursday,2,1,2015,0,0.0,0.0,0,0.0,0.0,0.0,0.0,0.0
2015-02-06,Furniture,73.32,0.0,0.0,4,Friday,2,1,2015,0,73.32,0.0,1,0.0,0.0,0.0,0.0,0.0
2015-02-07,Furniture,0.0,0.0,0.0,5,Saturday,2,1,2015,1,0.0,0.0,0,0.0,0.0,0.0,0.0,0.0
2015-02-08,Furniture,0.0,0.0,0.0,6,Sunday,2,1,2015,1,0.0,0.0,0,0.0,0.0,0.0,0.0,0.0
2015-02-09,Furniture,70.71,0.0,0.0,0,Monday,2,1,2015,0,70.71,0.0,1,0.0,0.0,0.0,0.0,0.0
2015-02-10,Furniture,0.0,0.0,0.0,1,Tuesday,2,1,2015,0,0.0,0.0,0,0.0,0.0,0.0,0.0,0.0
2015-02-11,Furniture,89.34,0.0,0.0,2,Wednesday,2,1,2015,0,89.34,0.0,1,0.0,0.0,0.0,0.0,0.0
2015-02-12,Furniture,1282.8,0.0,0.0,3,Thursday,2,1,2015,0,1282.8,0.0,1,0.0,0.0,0.0,0.0,0.0
2015-02-13,Furniture,0.0,0.0,0.0,4,Friday,2,1,2015,0,0.0,0.0,0,0.0,0.0,0.0,0.0,0.0
2015-02-14,Furniture,0.0,0.0,0.0,5,Saturday,2,1,2015,1,0.0,0.0,0,0.0,0.0,0.0,0.0,0.0
2015-02-15,Furniture,0.0,0.0,0.0,6,Sunday,2,1,2015,1,0.0,0.0,0,0.0,0.0,0.0,0.0,0.0
2015-02-16,Furniture,0.0,0.0,0.0,0,Monday,2,1,2015,0,0.0,0.0,0,0.0,0.0,0.0,0.0,0.0
2015-02-17,Furniture,0.0,0.0,0.0,1,Tuesday,2,1,2015,0,0.0,0.0,0,0.0,0.0,0.0,0.0,0.0
2015-02-18,Furniture,0.0,0.0,0.0,2,Wednesday,2,1,2015,0,0.0,0.0,0,0.0,0.0,0.0,0.0,0.0
2015-02-19,Furniture,0.0,0.0,0.0,3,Thursday,2,1,2015,0,0.0,0.0,0,0.0,0.0,0.0,0.0,0.0
2015-02-20,Furniture,0.0,0.0,0.0,4,Friday,2,1,2015,0,0.0,0.0,0,0.0,0.0,0.0,0.0,0.0
2015-02-21,Furniture,0.0,0.0,0.0,5,Saturday,2,1,2015,1,0.0,0.0,0,0.0,0.0,0.0,0.0,0.0
2015-02-22,Furniture,0.0,0.0,0.0,6,Sunday,2,1,2015,1,0.0,0.0,0,0.0,0.0,0.0,0.0,0.0
2015-02-23,Furniture,0.0,0.0,0.0,0,Monday,2,1,2015,0,0.0,0.0,0,0.0,0.0,0.0,0.0,0.0
2015-02-24,Furniture,0.0,0.0,0.0,1,Tuesday,2,1,2015,0,0.0,0.0,0,0.0,0.0,0.0,0.0,0.0
2015-02-25,Furniture,0.0,0.0,0.0,2,Wednesday,2,1,2015,0,0.0,0.0,0,0.0,0.0,0.0,0.0,0.0
2015-02-26,Furniture,0.0,0.0,0.0,3,Thursday,2,1,2015,0,0.0,0.0,0,0.0,0.0,0.0,0.0,0.0
2015-02-27,Furniture,0.0,0.0,0.0,4,Friday,2,1,2015,0,0.0,0.0,0,0.0,0.0,0.0,0.0,0.0
2015-02-28,Furniture,0.0,0.0,0.0,5,Saturday,2,1,2015,1,0.0,0.0,0,0.0,0.0,0.0,0.0,0.0
2015-03-01,Furniture,0.0,0.0,0.0,6,Sunday,3,1,2015,1,0.0,0.0,0,0.0,0.0,0.0,0.0,0.0
2015-03-02,Furniture,0.0,0.0,0.0,0,Monday,3,1,2015,0,0.0,0.0,0,0.0,0.0,0.0,0.0,0.0
2015-03-03,Furniture,928.8019999999999,0.0,0.0,1,Tuesday,3,1,2015,0,928.8019999999999,0.0,1,0.0,0.0,0.0,0.0,0.0
2015-03-04,Furniture,0.0,0.0,0.0,2,Wednesday,3,1,2015,0,0.0,0.0,0,0.0,0.0,0.0,0.0,0.0
2015-03-05,Furniture,0.0,0.0,0.0,3,Thursday,3,1,2015,0,0.0,0.0,0,0.0,0.0,0.0,0.0,0.0
2015-03-06,Furniture,515.88,0.0,0.0,4,Friday,3,1,2015,0,515.88,0.0,1,0.0,0.0,0.0,0.0,0.0
2015-03-07,Furniture,0.0,0.0,0.0,5,Saturday,3,1,2015,1,0.0,0.0,0,0.0,0.0,0.0,0.0,0.0
2015-03-08,Furniture,218.75,0.0,0.0,6,Sunday,3,1,2015,1,218.75,0.0,1,0.0,0.0,0.0,0.0,0.0
2015-03-09,Furniture,0.0,0.0,0.0,0,Monday,3,1,2015,0,0.0,0.0,0,0.0,0.0,0.0,0.0,0.0
2015-03-10,Furniture,555.8389999999999,0.0,0.0,1,Tuesday,3,1,2015,0,555.8389999999999,0.0,1,0.0,0.0,0.0,0.0,0.0
2015-03-11,Furniture,1355.388,0.0,0.0,2,Wednesday,3,1,2015,0,1355.388,0.0,1,0.0,0.0,0.0,0.0,0.0
2015-03-12,Furniture,0.0,0.0,0.0,3,Thursday,3,1,2015,0,0.0,0.0,0,0.0,0.0,0.0,0.0,0.0
2015-03-13,Furniture,0.0,0.0,0.0,4,Friday,3,1,2015,0,0.0,0.0,0,0.0,0.0,0.0,0.0,0.0
2015-03-14,Furniture,0.0,0.0,0.0,5,Saturday,3,1,2015,1,0.0,0.0,0,0.0,0.0,0.0,0.0,0.0
2015-03-15,Furniture,0.0,0.0,0.0,6,Sunday,3,1,2015,1,0.0,0.0,0,0.0,0.0,0.0,0.0,0.0
2015-03-16,Furniture,0.0,0.0,0.0,0,Monday,3,1,2015,0,0.0,0.0,0,0.0,0.0,0.0,0.0,0.0
2015-03-17,Furniture,0.0,0.0,0.0,1,Tuesday,3,1,2015,0,0.0,0.0,0,0.0,0.0,0.0,0.0,0.0
2015-03-18,Furniture,0.0,0.0,0.0,2,Wednesday,3,1,2015,0,0.0,0.0,0,0.0,0.0,0.0,0.0,0.0
2015-03-19,Furniture,0.0,0.0,0.0,3,Thursday,3,1,2015,0,0.0,0.0,0,0.0,0.0,0.0,0.0,0.0
2015-03-20,Furniture,0.0,0.0,0.0,4,Friday,3,1,2015,0,0.0,0.0,0,0.0,0.0,0.0,0.0,0.0
2015-03-21,Furniture,0.0,0.0,0.0,5,Saturday,3,1,2015,1,0.0,0.0,0,0.0,0.0,0.0,0.0,0.0
2015-03-22,Furniture,0.0,0.0,0.0,6,Sunday,3,1,2015,1,0.0,0.0,0,0.0,0.0,0.0,0.0,0.0
2015-03-23,Furniture,0.0,0.0,0.0,0,Monday,3,1,2015,0,0.0,0.0,0,0.0,0.0,0.0,0.0,0.0
2015-03-24,Furniture,0.0,0.0,0.0,1,Tuesday,3,1,2015,0,0.0,0.0,0,0.0,0.0,0.0,0.0,0.0
2015-03-25,Furniture,0.0,0.0,0.0,2,Wednesday,3,1,2015,0,0.0,0.0,0,0.0,0.0,0.0,0.0,0.0
2015-03-26,Furniture,0.0,0.0,0.0,3,Thursday,3,1,2015,0,0.0,0.0,0,0.0,0.0,0.0,0.0,0.0
2015-03-27,Furniture,0.0,0.0,0.0,4,Friday,3,1,2015,0,0.0,0.0,0,0.0,0.0,0.0,0.0,0.0
2015-03-28,Furniture,0.0,0.0,0.0,5,Saturday,3,1,2015,1,0.0,0.0,0,0.0,0.0,0.0,0.0,0.0
2015-03-29,Furniture,0.0,0.0,0.0,6,Sunday,3,1,2015,1,0.0,0.0,0,0.0,0.0,0.0,0.0,0.0
2015-03-30,Furniture,0.0,0.0,0.0,0,Monday,3,1,2015,0,0.0,0.0,0,0.0,0.0,0.0,0.0,0.0
2015-03-31,Furniture,0.0,0.0,0.0,1,Tuesday,3,1,2015,0,0.0,0.0,0,0.0,0.0,0.0,0.0,0.0
2015-04-01,Furniture,0.0,0.0,0.0,2,Wednesday,4,2,2015,0,0.0,0.0,0,0.0,0.0,0.0,0.0,0.0
2015-04-02,Furniture,0.0,0.0,0.0,3,Thursday,4,2,2015,0,0.0,0.0,0,0.0,0.0,0.0,0.0,0.0
2015-04-03,Furniture,0.0,0.0,0.0,4,Friday,4,2,2015,0,0.0,0.0,0,0.0,0.0,0.0,0.0,0.0
2015-04-04,Furniture,5.47,0.0,0.0,5,Saturday,4,2,2015,1,5.47,0.0,1,0.0,0.0,0.0,0.0,0.0
2015-04-05,Furniture,39.64,0.0,0.0,6,Sunday,4,2,2015,1,39.64,0.0,1,0.0,0.0,0.0,0.0,0.0
2015-04-06,Furniture,424.48799999999994,0.0,0.0,0,Monday,4,2,2015,0,424.48799999999994,0.0,1,0.0,0.0,0.0,0.0,0.0
2015-04-07,Furniture,0.0,0.0,0.0,1,Tuesday,4,2,2015,0,0.0,0.0,0,0.0,0.0,0.0,0.0,0.0
2015-04-08,Furniture,0.0,0.0,0.0,2,Wednesday,4,2,2015,0,0.0,0.0,0,0.0,0.0,0.0,0.0,0.0
2015-04-09,Furniture,0.0,0.0,0.0,3,Thursday,4,2,2015,0,0.0,0.0,0,0.0,0.0,0.0,0.0,0.0
2015-04-10,Furniture,589.41,0.0,0.0,4,Friday,4,2,2015,0,589.41,0.0,1,0.0,0.0,0.0,0.0,0.0
2015-04-11,Furniture,744.9499999999999,0.0,0.0,5,Saturday,4,2,2015,1,744.9499999999999,0.0,1,0.0,0.0,0.0,0.0,0.0
2015-04-12,Furniture,0.0,0.0,0.0,6,Sunday,4,2,2015,1,0.0,0.0,0,0.0,0.0,0.0,0.0,0.0
2015-04-13,Furniture,0.0,0.0,0.0,0,Monday,4,2,2015,0,0.0,0.0,0,0.0,0.0,0.0,0.0,0.0
2015-04-14,Furniture,0.0,0.0,0.0,1,Tuesday,4,2,2015,0,0.0,0.0,0,0.0,0.0,0.0,0.0,0.0
2015-04-15,Furniture,0.0,0.0,0.0,2,Wednesday,4,2,2015,0,0.0,0.0,0,0.0,0.0,0.0,0.0,0.0
2015-04-16,Furniture,0.0,0.0,0.0,3,Thursday,4,2,2015,0,0.0,0.0,0,0.0,0.0,0.0,0.0,0.0
2015-04-17,Furniture,0.0,0.0,0.0,4,Friday,4,2,2015,0,0.0,0.0,0,0.0,0.0,0.0,0.0,0.0
2015-04-18,Furniture,0.0,0.0,0.0,5,Saturday,4,2,2015,1,0.0,0.0,0,0.0,0.0,0.0,0.0,0.0
2015-04-19,Furniture,0.0,0.0,0.0,6,Sunday,4,2,2015,1,0.0,0.0,0,0.0,0.0,0.0,0.0,0.0
2015-04-20,Furniture,0.0,0.0,0.0,0,Monday,4,2,2015,0,0.0,0.0,0,0.0,0.0,0.0,0.0,0.0
2015-04-21,Furniture,0.0,0.0,0.0,1,Tuesday,4,2,2015,0,0.0,0.0,0,0.0,0.0,0.0,0.0,0.0
2015-04-22,Furniture,0.0,0.0,0.0,2,Wednesday,4,2,2015,0,0.0,0.0,0,0.0,0.0,0.0,0.0,0.0
2015-04-23,Furniture,0.0,0.0,0.0,3,Thursday,4,2,2015,0,0.0,0.0,0,0.0,0.0,0.0,0.0,0.0
2015-04-24,Furniture,0.0,0.0,0.0,4,Friday,4,2,2015,0,0.0,0.0,0,0.0,0.0,0.0,0.0,0.0
2015-04-25,Furniture,0.0,0.0,0.0,5,Saturday,4,2,2015,1,0.0,0.0,0,0.0,0.0,0.0,0.0,0.0
2015-04-26,Furniture,0.0,0.0,0.0,6,Sunday,4,2,2015,1,0.0,0.0,0,0.0,0.0,0.0,0.0,0.0
2015-04-27,Furniture,0.0,0.0,0.0,0,Monday,4,2,2015,0,0.0,0.0,0,0.0,0.0,0.0,0.0,0.0
2015-04-28,Furniture,0.0,0.0,0.0,1,Tuesday,4,2,2015,0,0.0,0.0,0,0.0,0.0,0.0,0.0,0.0
2015-04-29,Furniture,0.0,0.0,0.0,2,Wednesday,4,2,2015,0,0.0,0.0,0,0.0,0.0,0.0,0.0,0.0
2015-04-30,Furniture,0.0,0.0,0.0,3,Thursday,4,2,2015,0,0.0,0.0,0,0.0,0.0,0.0,0.0,0.0
2015-05-01,Furniture,0.0,0.0,0.0,4,Friday,5,2,2015,0,0.0,0.0,0,0.0,0.0,0.0,0.0,0.0
2015-05-02,Furniture,0.0,0.0,0.0,5,Saturday,5,2,2015,1,0.0,0.0,0,0.0,0.0,0.0,0.0,0.0
2015-05-03,Furniture,0.0,0.0,0.0,6,Sunday,5,2,2015,1,0.0,0.0,0,0.0,0.0,0.0,0.0,0.0
2015-05-04,Furniture,0.0,0.0,0.0,0,Monday,5,2,2015,0,0.0,0.0,0,0.0,0.0,0.0,0.0,0.0
2015-05-05,Furniture,127.869,0.0,0.0,1,Tuesday,5,2,2015,0,127.869,0.0,1,0.0,0.0,0.0,0.0,0.0
2015-05-06,Furniture,0.0,0.0,0.0,2,Wednesday,5,2,2015,0,0.0,0.0,0,0.0,0.0,0.0,0.0,0.0
2015-05-07,Furniture,232.73600000000002,0.0,0.0,3,Thursday,5,2,2015,0,232.73600000000002,0.0,1,0.0,0.0,0.0,0.0,0.0
2015-05-08,Furniture,1962.724,0.0,0.0,4,Friday,5,2,2015,0,1962.724,0.0,1,0.0,0.0,0.0,0.0,0.0
2015-05-09,Furniture,31.984,0.0,0.0,5,Saturday,5,2,2015,1,31.984,0.0,1,0.0,0.0,0.0,0.0,0.0
2015-05-10,Furniture,0.0,0.0,0.0,6,Sunday,5,2,2015,1,0.0,0.0,0,0.0,0.0,0.0,0.0,0.0
2015-05-11,Furniture,443.50800000000004,0.0,0.0,0,Monday,5,2,2015,0,443.50800000000004,0.0,1,0.0,0.0,0.0,0.0,0.0
2015-05-12,Furniture,0.0,0.0,0.0,1,Tuesday,5,2,2015,0,0.0,0.0,0,0.0,0.0,0.0,0.0,0.0
2015-05-13,Furniture,0.0,0.0,0.0,2,Wednesday,5,2,2015,0,0.0,0.0,0,0.0,0.0,0.0,0.0,0.0
2015-05-14,Furniture,0.0,0.0,0.0,3,Thursday,5,2,2015,0,0.0,0.0,0,0.0,0.0,0.0,0.0,0.0
2015-05-15,Furniture,0.0,0.0,0.0,4,Friday,5,2,2015,0,0.0,0.0,0,0.0,0.0,0.0,0.0,0.0
2015-05-16,Furniture,0.0,0.0,0.0,5,Saturday,5,2,2015,1,0.0,0.0,0,0.0,0.0,0.0,0.0,0.0
2015-05-17,Furniture,0.0,0.0,0.0,6,Sunday,5,2,2015,1,0.0,0.0,0,0.0,0.0,0.0,0.0,0.0
2015-05-18,Furniture,0.0,0.0,0.0,0,Monday,5,2,2015,0,0.0,0.0,0,0.0,0.0,0.0,0.0,0.0
2015-05-19,Furniture,0.0,0.0,0.0,1,Tuesday,5,2,2015,0,0.0,0.0,0,0.0,0.0,0.0,0.0,0.0
2015-05-20,Furniture,0.0,0.0,0.0,2,Wednesday,5,2,2015,0,0.0,0.0,0,0.0,0.0,0.0,0.0,0.0
2015-05-21,Furniture,0.0,0.0,0.0,3,Thursday,5,2,2015,0,0.0,0.0,0,0.0,0.0,0.0,0.0,0.0
2015-05-22,Furniture,0.0,0.0,0.0,4,Friday,5,2,2015,0,0.0,0.0,0,0.0,0.0,0.0,0.0,0.0
2015-05-23,Furniture,0.0,0.0,0.0,5,Saturday,5,2,2015,1,0.0,0.0,0,0.0,0.0,0.0,0.0,0.0
2015-05-24,Furniture,0.0,0.0,0.0,6,Sunday,5,2,2015,1,0.0,0.0,0,0.0,0.0,0.0,0.0,0.0
2015-05-25,Furniture,0.0,0.0,0.0,0,Monday,5,2,2015,0,0.0,0.0,0,0.0,0.0,0.0,0.0,0.0
2015-05-26,Furniture,0.0,0.0,0.0,1,Tuesday,5,2,2015,0,0.0,0.0,0,0.0,0.0,0.0,0.0,0.0
2015-05-27,Furniture,0.0,0.0,0.0,2,Wednesday,5,2,2015,0,0.0,0.0,0,0.0,0.0,0.0,0.0,0.0
2015-05-28,Furniture,0.0,0.0,0.0,3,Thursday,5,2,2015,0,0.0,0.0,0,0.0,0.0,0.0,0.0,0.0
2015-05-29,Furniture,0.0,0.0,0.0,4,Friday,5,2,2015,0,0.0,0.0,0,0.0,0.0,0.0,0.0,0.0
2015-05-30,Furniture,0.0,0.0,0.0,5,Saturday,5,2,2015,1,0.0,0.0,0,0.0,0.0,0.0,0.0,0.0
2015-05-31,Furniture,0.0,0.0,0.0,6,Sunday,5,2,2015,1,0.0,0.0,0,0.0,0.0,0.0,0.0,0.0
2015-06-01,Furniture,2573.82,0.0,0.0,0,Monday,6,2,2015,0,2573.82,0.0,1,0.0,0.0,0.0,0.0,0.0
2015-06-02,Furniture,0.0,0.0,0.0,1,Tuesday,6,2,2015,0,0.0,0.0,0,0.0,0.0,0.0,0.0,0.0
2015-06-03,Furniture,0.0,0.0,0.0,2,Wednesday,6,2,2015,0,0.0,0.0,0,0.0,0.0,0.0,0.0,0.0
2015-06-04,Furniture,933.384,0.0,0.0,3,Thursday,6,2,2015,0,933.384,0.0,1,0.0,0.0,0.0,0.0,0.0
2015-06-05,Furniture,0.0,0.0,0.0,4,Friday,6,2,2015,0,0.0,0.0,0,0.0,0.0,0.0,0.0,0.0
2015-06-06,Furniture,991.764,0.0,0.0,5,Saturday,6,2,2015,1,991.764,0.0,1,0.0,0.0,0.0,0.0,0.0
2015-06-07,Furniture,478.48,0.0,0.0,6,Sunday,6,2,2015,1,478.48,0.0,1,0.0,0.0,0.0,0.0,0.0
2015-06-08,Furniture,0.0,0.0,0.0,0,Monday,6,2,2015,0,0.0,0.0,0,0.0,0.0,0.0,0.0,0.0
2015-06-09,Furniture,41.88,0.0,0.0,1,Tuesday,6,2,2015,0,41.88,0.0,1,0.0,0.0,0.0,0.0,0.0
2015-06-10,Furniture,0.0,0.0,0.0,2,Wednesday,6,2,2015,0,0.0,0.0,0,0.0,0.0,0.0,0.0,0.0
2015-06-11,Furniture,0.0,0.0,0.0,3,Thursday,6,2,2015,0,0.0,0.0,0,0.0,0.0,0.0,0.0,0.0
2015-06-12,Furniture,525.192,0.0,0.0,4,Friday,6,2,2015,0,525.192,0.0,1,0.0,0.0,0.0,0.0,0.0
2015-06-13,Furniture,0.0,0.0,0.0,5,Saturday,6,2,2015,1,0.0,0.0,0,0.0,0.0,0.0,0.0,0.0
2015-06-14,Furniture,0.0,0.0,0.0,6,Sunday,6,2,2015,1,0.0,0.0,0,0.0,0.0,0.0,0.0,0.0
2015-06-15,Furniture,0.0,0.0,0.0,0,Monday,6,2,2015,0,0.0,0.0,0,0.0,0.0,0.0,0.0,0.0
2015-06-16,Furniture,0.0,0.0,0.0,1,Tuesday,6,2,2015,0,0.0,0.0,0,0.0,0.0,0.0,0.0,0.0
2015-06-17,Furniture,0.0,0.0,0.0,2,Wednesday,6,2,2015,0,0.0,0.0,0,0.0,0.0,0.0,0.0,0.0
2015-06-18,Furniture,0.0,0.0,0.0,3,Thursday,6,2,2015,0,0.0,0.0,0,0.0,0.0,0.0,0.0,0.0
2015-06-19,Furniture,0.0,0.0,0.0,4,Friday,6,2,2015,0,0.0,0.0,0,0.0,0.0,0.0,0.0,0.0
2015-06-20,Furniture,0.0,0.0,0.0,5,Saturday,6,2,2015,1,0.0,0.0,0,0.0,0.0,0.0,0.0,0.0
2015-06-21,Furniture,0.0,0.0,0.0,6,Sunday,6,2,2015,1,0.0,0.0,0,0.0,0.0,0.0,0.0,0.0
2015-06-22,Furniture,0.0,0.0,0.0,0,Monday,6,2,2015,0,0.0,0.0,0,0.0,0.0,0.0,0.0,0.0
2015-06-23,Furniture,0.0,0.0,0.0,1,Tuesday,6,2,2015,0,0.0,0.0,0,0.0,0.0,0.0,0.0,0.0
2015-06-24,Furniture,0.0,0.0,0.0,2,Wednesday,6,2,2015,0,0.0,0.0,0,0.0,0.0,0.0,0.0,0.0
2015-06-25,Furniture,0.0,0.0,0.0,3,Thursday,6,2,2015,0,0.0,0.0,0,0.0,0.0,0.0,0.0,0.0
2015-06-26,Furniture,0.0,0.0,0.0,4,Friday,6,2,2015,0,0.0,0.0,0,0.0,0.0,0.0,0.0,0.0
2015-06-27,Furniture,0.0,0.0,0.0,5,Saturday,6,2,2015,1,0.0,0.0,0,0.0,0.0,0.0,0.0,0.0
2015-06-28,Furniture,0.0,0.0,0.0,6,Sunday,6,2,2015,1,0.0,0.0,0,0.0,0.0,0.0,0.0,0.0
2015-06-29,Furniture,0.0,0.0,0.0,0,Monday,6,2,2015,0,0.0,0.0,0,0.0,0.0,0.0,0.0,0.0
2015-06-30,Furniture,0.0,0.0,0.0,1,Tuesday,6,2,2015,0,0.0,0.0,0,0.0,0.0,0.0,0.0,0.0
2015-07-01,Furniture,76.728,0.0,0.0,2,Wednesday,7,3,2015,0,76.728,0.0,1,0.0,0.0,0.0,0.0,0.0
2015-07-02,Furniture,0.0,0.0,0.0,3,Thursday,7,3,2015,0,0.0,0.0,0,0.0,0.0,0.0,0.0,0.0
2015-07-03,Furniture,966.9839999999999,0.0,0.0,4,Friday,7,3,2015,0,966.9839999999999,0.0,1,0.0,0.0,0.0,0.0,0.0
2015-07-04,Furniture,8.96,0.0,0.0,5,Saturday,7,3,2015,1,8.96,0.0,1,0.0,0.0,0.0,0.0,0.0
2015-07-05,Furniture,1066.5700000000002,0.0,0.0,6,Sunday,7,3,2015,1,1066.5700000000002,0.0,1,0.0,0.0,0.0,0.0,0.0
2015-07-06,Furniture,268.935,0.0,0.0,0,Monday,7,3,2015,0,268.935,0.0,1,0.0,0.0,0.0,0.0,0.0
2015-07-07,Furniture,241.19400000000002,0.0,0.0,1,Tuesday,7,3,2015,0,241.19400000000002,0.0,1,0.0,0.0,0.0,0.0,0.0
2015-07-08,Furniture,0.0,0.0,0.0,2,Wednesday,7,3,2015,0,0.0,0.0,0,0.0,0.0,0.0,0.0,0.0
2015-07-09,Furniture,1714.5929999999998,0.0,0.0,3,Thursday,7,3,2015,0,1714.5929999999998,0.0,1,0.0,0.0,0.0,0.0,0.0
2015-07-10,Furniture,129.92,0.0,0.0,4,Friday,7,3,2015,0,129.92,0.0,1,0.0,0.0,0.0,0.0,0.0
2015-07-11,Furniture,683.144,0.0,0.0,5,Saturday,7,3,2015,1,683.144,0.0,1,0.0,0.0,0.0,0.0,0.0
2015-07-12,Furniture,0.0,0.0,0.0,6,Sunday,7,3,2015,1,0.0,0.0,0,0.0,0.0,0.0,0.0,0.0
2015-07-13,Furniture,0.0,0.0,0.0,0,Monday,7,3,2015,0,0.0,0.0,0,0.0,0.0,0.0,0.0,0.0
2015-07-14,Furniture,0.0,0.0,0.0,1,Tuesday,7,3,2015,0,0.0,0.0,0,0.0,0.0,0.0,0.0,0.0
2015-07-15,Furniture,0.0,0.0,0.0,2,Wednesday,7,3,2015,0,0.0,0.0,0,0.0,0.0,0.0,0.0,0.0
2015-07-16,Furniture,0.0,0.0,0.0,3,Thursday,7,3,2015,0,0.0,0.0,0,0.0,0.0,0.0,0.0,0.0
2015-07-17,Furniture,0.0,0.0,0.0,4,Friday,7,3,2015,0,0.0,0.0,0,0.0,0.0,0.0,0.0,0.0
2015-07-18,Furniture,0.0,0.0,0.0,5,Saturday,7,3,2015,1,0.0,0.0,0,0.0,0.0,0.0,0.0,0.0
2015-07-19,Furniture,0.0,0.0,0.0,6,Sunday,7,3,2015,1,0.0,0.0,0,0.0,0.0,0.0,0.0,0.0
2015-07-20,Furniture,0.0,0.0,0.0,0,Monday,7,3,2015,0,0.0,0.0,0,0.0,0.0,0.0,0.0,0.0
2015-07-21,Furniture,0.0,0.0,0.0,1,Tuesday,7,3,2015,0,0.0,0.0,0,0.0,0.0,0.0,0.0,0.0
2015-07-22,Furniture,0.0,0.0,0.0,2,Wednesday,7,3,2015,0,0.0,0.0,0,0.0,0.0,0.0,0.0,0.0
2015-07-23,Furniture,0.0,0.0,0.0,3,Thursday,7,3,2015,0,0.0,0.0,0,0.0,0.0,0.0,0.0,0.0
2015-07-24,Furniture,0.0,0.0,0.0,4,Friday,7,3,2015,0,0.0,0.0,0,0.0,0.0,0.0,0.0,0.0
2015-07-25,Furniture,0.0,0.0,0.0,5,Saturday,7,3,2015,1,0.0,0.0,0,0.0,0.0,0.0,0.0,0.0
2015-07-26,Furniture,0.0,0.0,0.0,6,Sunday,7,3,2015,1,0.0,0.0,0,0.0,0.0,0.0,0.0,0.0
2015-07-27,Furniture,0.0,0.0,0.0,0,Monday,7,3,2015,0,0.0,0.0,0,0.0,0.0,0.0,0.0,0.0
2015-07-28,Furniture,0.0,0.0,0.0,1,Tuesday,7,3,2015,0,0.0,0.0,0,0.0,0.0,0.0,0.0,0.0
2015-07-29,Furniture,0.0,0.0,0.0,2,Wednesday,7,3,2015,0,0.0,0.0,0,0.0,0.0,0.0,0.0,0.0
2015-07-30,Furniture,0.0,0.0,0.0,3,Thursday,7,3,2015,0,0.0,0.0,0,0.0,0.0,0.0,0.0,0.0
2015-07-31,Furniture,0.0,0.0,0.0,4,Friday,7,3,2015,0,0.0,0.0,0,0.0,0.0,0.0,0.0,0.0
2015-08-01,Furniture,0.0,0.0,0.0,5,Saturday,8,3,2015,1,0.0,0.0,0,0.0,0.0,0.0,0.0,0.0
2015-08-02,Furniture,14.56,0.0,0.0,6,Sunday,8,3,2015,1,14.56,0.0,1,0.0,0.0,0.0,0.0,0.0
2015-08-03,Furniture,0.0,0.0,0.0,0,Monday,8,3,2015,0,0.0,0.0,0,0.0,0.0,0.0,0.0,0.0
2015-08-04,Furniture,1487.622,0.0,0.0,1,Tuesday,8,3,2015,0,1487.622,0.0,1,0.0,0.0,0.0,0.0,0.0
2015-08-05,Furniture,0.0,0.0,0.0,2,Wednesday,8,3,2015,0,0.0,0.0,0,0.0,0.0,0.0,0.0,0.0
2015-08-06,Furniture,755.904,0.0,0.0,3,Thursday,8,3,2015,0,755.904,0.0,1,0.0,0.0,0.0,0.0,0.0
2015-08-07,Furniture,566.37,0.0,0.0,4,Friday,8,3,2015,0,566.37,0.0,1,0.0,0.0,0.0,0.0,0.0
2015-08-08,Furniture,658.472,0.0,0.0,5,Saturday,8,3,2015,1,658.472,0.0,1,0.0,0.0,0.0,0.0,0.0
2015-08-09,Furniture,3855.444,0.0,0.0,6,Sunday,8,3,2015,1,3855.444,0.0,1,0.0,0.0,0.0,0.0,0.0
2015-08-10,Furniture,0.0,0.0,0.0,0,Monday,8,3,2015,0,0.0,0.0,0,0.0,0.0,0.0,0.0,0.0
2015-08-11,Furniture,0.0,0.0,0.0,1,Tuesday,8,3,2015,0,0.0,0.0,0,0.0,0.0,0.0,0.0,0.0
2015-08-12,Furniture,723.24,0.0,0.0,2,Wednesday,8,3,2015,0,723.24,0.0,1,0.0,0.0,0.0,0.0,0.0
2015-08-13,Furniture,0.0,0.0,0.0,3,Thursday,8,3,2015,0,0.0,0.0,0,0.0,0.0,0.0,0.0,0.0
2015-08-14,Furniture,0.0,0.0,0.0,4,Friday,8,3,2015,0,0.0,0.0,0,0.0,0.0,0.0,0.0,0.0
2015-08-15,Furniture,0.0,0.0,0.0,5,Saturday,8,3,2015,1,0.0,0.0,0,0.0,0.0,0.0,0.0,0.0
2015-08-16,Furniture,0.0,0.0,0.0,6,Sunday,8,3,2015,1,0.0,0.0,0,0.0,0.0,0.0,0.0,0.0
2015-08-17,Furniture,0.0,0.0,0.0,0,Monday,8,3,2015,0,0.0,0.0,0,0.0,0.0,0.0,0.0,0.0
2015-08-18,Furniture,0.0,0.0,0.0,1,Tuesday,8,3,2015,0,0.0,0.0,0,0.0,0.0,0.0,0.0,0.0
2015-08-19,Furniture,0.0,0.0,0.0,2,Wednesday,8,3,2015,0,0.0,0.0,0,0.0,0.0,0.0,0.0,0.0
2015-08-20,Furniture,0.0,0.0,0.0,3,Thursday,8,3,2015,0,0.0,0.0,0,0.0,0.0,0.0,0.0,0.0
2015-08-21,Furniture,0.0,0.0,0.0,4,Friday,8,3,2015,0,0.0,0.0,0,0.0,0.0,0.0,0.0,0.0
2015-08-22,Furniture,0.0,0.0,0.0,5,Saturday,8,3,2015,1,0.0,0.0,0,0.0,0.0,0.0,0.0,0.0
2015-08-23,Furniture,0.0,0.0,0.0,6,Sunday,8,3,2015,1,0.0,0.0,0,0.0,0.0,0.0,0.0,0.0
2015-08-24,Furniture,0.0,0.0,0.0,0,Monday,8,3,2015,0,0.0,0.0,0,0.0,0.0,0.0,0.0,0.0
2015-08-25,Furniture,0.0,0.0,0.0,1,Tuesday,8,3,2015,0,0.0,0.0,0,0.0,0.0,0.0,0.0,0.0
2015-08-26,Furniture,0.0,0.0,0.0,2,Wednesday,8,3,2015,0,0.0,0.0,0,0.0,0.0,0.0,0.0,0.0
2015-08-27,Furniture,0.0,0.0,0.0,3,Thursday,8,3,2015,0,0.0,0.0,0,0.0,0.0,0.0,0.0,0.0
2015-08-28,Furniture,0.0,0.0,0.0,4,Friday,8,3,2015,0,0.0,0.0,0,0.0,0.0,0.0,0.0,0.0
2015-08-29,Furniture,0.0,0.0,0.0,5,Saturday,8,3,2015,1,0.0,0.0,0,0.0,0.0,0.0,0.0,0.0
2015-08-30,Furniture,0.0,0.0,0.0,6,Sunday,8,3,2015,1,0.0,0.0,0,0.0,0.0,0.0,0.0,0.0
2015-08-31,Furniture,0.0,0.0,0.0,0,Monday,8,3,2015,0,0.0,0.0,0,0.0,0.0,0.0,0.0,0.0
2015-09-01,Furniture,0.0,0.0,0.0,1,Tuesday,9,3,2015,0,0.0,0.0,0,0.0,0.0,0.0,0.0,0.0
2015-09-02,Furniture,0.0,0.0,0.0,2,Wednesday,9,3,2015,0,0.0,0.0,0,0.0,0.0,0.0,0.0,0.0
2015-09-03,Furniture,0.0,0.0,0.0,3,Thursday,9,3,2015,0,0.0,0.0,0,0.0,0.0,0.0,0.0,0.0
2015-09-04,Furniture,0.0,0.0,0.0,4,Friday,9,3,2015,0,0.0,0.0,0,0.0,0.0,0.0,0.0,0.0
2015-09-05,Furniture,0.0,0.0,0.0,5,Saturday,9,3,2015,1,0.0,0.0,0,0.0,0.0,0.0,0.0,0.0
2015-09-06,Furniture,3233.7439999999997,0.0,0.0,6,Sunday,9,3,2015,1,3233.7439999999997,0.0,1,0.0,0.0,0.0,0.0,0.0
2015-09-07,Furniture,119.833,0.0,0.0,0,Monday,9,3,2015,0,119.833,0.0,1,0.0,0.0,0.0,0.0,0.0
2015-09-08,Furniture,0.0,0.0,0.0,1,Tuesday,9,3,2015,0,0.0,0.0,0,0.0,0.0,0.0,0.0,0.0
2015-09-09,Furniture,864.024,0.0,0.0,2,Wednesday,9,3,2015,0,864.024,0.0,1,0.0,0.0,0.0,0.0,0.0
2015-09-10,Furniture,0.0,0.0,0.0,3,Thursday,9,3,2015,0,0.0,0.0,0,0.0,0.0,0.0,0.0,0.0
2015-09-11,Furniture,279.186,0.0,0.0,4,Friday,9,3,2015,0,279.186,0.0,1,0.0,0.0,0.0,0.0,0.0
2015-09-12,Furniture,0.0,0.0,0.0,5,Saturday,9,3,2015,1,0.0,0.0,0,0.0,0.0,0.0,0.0,0.0
2015-09-13,Furniture,0.0,0.0,0.0,6,Sunday,9,3,2015,1,0.0,0.0,0,0.0,0.0,0.0,0.0,0.0
2015-09-14,Furniture,0.0,0.0,0.0,0,Monday,9,3,2015,0,0.0,0.0,0,0.0,0.0,0.0,0.0,0.0
2015-09-15,Furniture,0.0,0.0,0.0,1,Tuesday,9,3,2015,0,0.0,0.0,0,0.0,0.0,0.0,0.0,0.0
2015-09-16,Furniture,0.0,0.0,0.0,2,Wednesday,9,3,2015,0,0.0,0.0,0,0.0,0.0,0.0,0.0,0.0
2015-09-17,Furniture,0.0,0.0,0.0,3,Thursday,9,3,2015,0,0.0,0.0,0,0.0,0.0,0.0,0.0,0.0
2015-09-18,Furniture,0.0,0.0,0.0,4,Friday,9,3,2015,0,0.0,0.0,0,0.0,0.0,0.0,0.0,0.0
2015-09-19,Furniture,0.0,0.0,0.0,5,Saturday,9,3,2015,1,0.0,0.0,0,0.0,0.0,0.0,0.0,0.0
2015-09-20,Furniture,0.0,0.0,0.0,6,Sunday,9,3,2015,1,0.0,0.0,0,0.0,0.0,0.0,0.0,0.0
2015-09-21,Furniture,0.0,0.0,0.0,0,Monday,9,3,2015,0,0.0,0.0,0,0.0,0.0,0.0,0.0,0.0
2015-09-22,Furniture,0.0,0.0,0.0,1,Tuesday,9,3,2015,0,0.0,0.0,0,0.0,0.0,0.0,0.0,0.0
2015-09-23,Furniture,0.0,0.0,0.0,2,Wednesday,9,3,2015,0,0.0,0.0,0,0.0,0.0,0.0,0.0,0.0
2015-09-24,Furniture,0.0,0.0,0.0,3,Thursday,9,3,2015,0,0.0,0.0,0,0.0,0.0,0.0,0.0,0.0
2015-09-25,Furniture,0.0,0.0,0.0,4,Friday,9,3,2015,0,0.0,0.0,0,0.0,0.0,0.0,0.0,0.0
2015-09-26,Furniture,0.0,0.0,0.0,5,Saturday,9,3,2015,1,0.0,0.0,0,0.0,0.0,0.0,0.0,0.0
2015-09-27,Furniture,0.0,0.0,0.0,6,Sunday,9,3,2015,1,0.0,0.0,0,0.0,0.0,0.0,0.0,0.0
2015-09-28,Furniture,0.0,0.0,0.0,0,Monday,9,3,2015,0,0.0,0.0,0,0.0,0.0,0.0,0.0,0.0
2015-09-29,Furniture,0.0,0.0,0.0,1,Tuesday,9,3,2015,0,0.0,0.0,0,0.0,0.0,0.0,0.0,0.0
2015-09-30,Furniture,0.0,0.0,0.0,2,Wednesday,9,3,2015,0,0.0,0.0,0,0.0,0.0,0.0,0.0,0.0
2015-10-01,Furniture,51.94,0.0,0.0,3,Thursday,10,4,2015,0,51.94,0.0,1,0.0,0.0,0.0,0.0,0.0
2015-10-02,Furniture,0.0,0.0,0.0,4,Friday,10,4,2015,0,0.0,0.0,0,0.0,0.0,0.0,0.0,0.0
2015-10-03,Furniture,0.0,0.0,0.0,5,Saturday,10,4,2015,1,0.0,0.0,0,0.0,0.0,0.0,0.0,0.0
2015-10-04,Furniture,0.0,0.0,0.0,6,Sunday,10,4,2015,1,0.0,0.0,0,0.0,0.0,0.0,0.0,0.0
2015-10-05,Furniture,606.749,0.0,0.0,0,Monday,10,4,2015,0,606.749,0.0,1,0.0,0.0,0.0,0.0,0.0
2015-10-06,Furniture,0.0,0.0,0.0,1,Tuesday,10,4,2015,0,0.0,0.0,0,0.0,0.0,0.0,0.0,0.0
2015-10-07,Furniture,0.0,0.0,0.0,2,Wednesday,10,4,2015,0,0.0,0.0,0,0.0,0.0,0.0,0.0,0.0
2015-10-08,Furniture,0.0,0.0,0.0,3,Thursday,10,4,2015,0,0.0,0.0,0,0.0,0.0,0.0,0.0,0.0
2015-10-09,Furniture,1741.94,0.0,0.0,4,Friday,10,4,2015,0,1741.94,0.0,1,0.0,0.0,0.0,0.0,0.0
2015-10-10,Furniture,169.224,0.0,0.0,5,Saturday,10,4,2015,1,169.224,0.0,1,0.0,0.0,0.0,0.0,0.0
2015-10-11,Furniture,657.0200000000001,0.0,0.0,6,Sunday,10,4,2015,1,657.0200000000001,0.0,1,0.0,0.0,0.0,0.0,0.0
2015-10-12,Furniture,338.352,0.0,0.0,0,Monday,10,4,2015,0,338.352,0.0,1,0.0,0.0,0.0,0.0,0.0
2015-10-13,Furniture,0.0,0.0,0.0,1,Tuesday,10,4,2015,0,0.0,0.0,0,0.0,0.0,0.0,0.0,0.0
2015-10-14,Furniture,0.0,0.0,0.0,2,Wednesday,10,4,2015,0,0.0,0.0,0,0.0,0.0,0.0,0.0,0.0
2015-10-15,Furniture,0.0,0.0,0.0,3,Thursday,10,4,2015,0,0.0,0.0,0,0.0,0.0,0.0,0.0,0.0
2015-10-16,Furniture,0.0,0.0,0.0,4,Friday,10,4,2015,0,0.0,0.0,0,0.0,0.0,0.0,0.0,0.0
2015-10-17,Furniture,0.0,0.0,0.0,5,Saturday,10,4,2015,1,0.0,0.0,0,0.0,0.0,0.0,0.0,0.0
2015-10-18,Furniture,0.0,0.0,0.0,6,Sunday,10,4,2015,1,0.0,0.0,0,0.0,0.0,0.0,0.0,0.0
2015-10-19,Furniture,0.0,0.0,0.0,0,Monday,10,4,2015,0,0.0,0.0,0,0.0,0.0,0.0,0.0,0.0
2015-10-20,Furniture,0.0,0.0,0.0,1,Tuesday,10,4,2015,0,0.0,0.0,0,0.0,0.0,0.0,0.0,0.0
2015-10-21,Furniture,0.0,0.0,0.0,2,Wednesday,10,4,2015,0,0.0,0.0,0,0.0,0.0,0.0,0.0,0.0
2015-10-22,Furniture,0.0,0.0,0.0,3,Thursday,10,4,2015,0,0.0,0.0,0,0.0,0.0,0.0,0.0,0.0
2015-10-23,Furniture,0.0,0.0,0.0,4,Friday,10,4,2015,0,0.0,0.0,0,0.0,0.0,0.0,0.0,0.0
2015-10-24,Furniture,0.0,0.0,0.0,5,Saturday,10,4,2015,1,0.0,0.0,0,0.0,0.0,0.0,0.0,0.0
2015-10-25,Furniture,0.0,0.0,0.0,6,Sunday,10,4,2015,1,0.0,0.0,0,0.0,0.0,0.0,0.0,0.0
2015-10-26,Furniture,0.0,0.0,0.0,0,Monday,10,4,2015,0,0.0,0.0,0,0.0,0.0,0.0,0.0,0.0
2015-10-27,Furniture,0.0,0.0,0.0,1,Tuesday,10,4,2015,0,0.0,0.0,0,0.0,0.0,0.0,0.0,0.0
2015-10-28,Furniture,0.0,0.0,0.0,2,Wednesday,10,4,2015,0,0.0,0.0,0,0.0,0.0,0.0,0.0,0.0
2015-10-29,Furniture,0.0,0.0,0.0,3,Thursday,10,4,2015,0,0.0,0.0,0,0.0,0.0,0.0,0.0,0.0
2015-10-30,Furniture,0.0,0.0,0.0,4,Friday,10,4,2015,0,0.0,0.0,0,0.0,0.0,0.0,0.0,0.0
2015-10-31,Furniture,0.0,0.0,0.0,5,Saturday,10,4,2015,1,0.0,0.0,0,0.0,0.0,0.0,0.0,0.0
2015-11-01,Furniture,9.94,0.0,0.0,6,Sunday,11,4,2015,1,9.94,0.0,1,0.0,0.0,0.0,0.0,0.0
2015-11-02,Furniture,1650.05,0.0,0.0,0,Monday,11,4,2015,0,1650.05,0.0,1,0.0,0.0,0.0,0.0,0.0
2015-11-03,Furniture,8.32,0.0,0.0,1,Tuesday,11,4,2015,0,8.32,0.0,1,0.0,0.0,0.0,0.0,0.0
2015-11-04,Furniture,0.0,0.0,0.0,2,Wednesday,11,4,2015,0,0.0,0.0,0,0.0,0.0,0.0,0.0,0.0
2015-11-05,Furniture,1279.0720000000001,0.0,0.0,3,Thursday,11,4,2015,0,1279.0720000000001,0.0,1,0.0,0.0,0.0,0.0,0.0
2015-11-06,Furniture,0.0,0.0,0.0,4,Friday,11,4,2015,0,0.0,0.0,0,0.0,0.0,0.0,0.0,0.0
2015-11-07,Furniture,979.0500000000001,0.0,0.0,5,Saturday,11,4,2015,1,979.0500000000001,0.0,1,0.0,0.0,0.0,0.0,0.0
2015-11-08,Furniture,12.35,0.0,0.0,6,Sunday,11,4,2015,1,12.35,0.0,1,0.0,0.0,0.0,0.0,0.0
2015-11-09,Furniture,127.95,0.0,0.0,0,Monday,11,4,2015,0,127.95,0.0,1,0.0,0.0,0.0,0.0,0.0
2015-11-10,Furniture,505.958,0.0,0.0,1,Tuesday,11,4,2015,0,505.958,0.0,1,0.0,0.0,0.0,0.0,0.0
2015-11-11,Furniture,2071.424,0.0,0.0,2,Wednesday,11,4,2015,0,2071.424,0.0,1,0.0,0.0,0.0,0.0,0.0
2015-11-12,Furniture,0.0,0.0,0.0,3,Thursday,11,4,2015,0,0.0,0.0,0,0.0,0.0,0.0,0.0,0.0
2015-11-13,Furniture,0.0,0.0,0.0,4,Friday,11,4,2015,0,0.0,0.0,0,0.0,0.0,0.0,0.0,0.0
2015-11-14,Furniture,0.0,0.0,0.0,5,Saturday,11,4,2015,1,0.0,0.0,0,0.0,0.0,0.0,0.0,0.0
2015-11-15,Furniture,0.0,0.0,0.0,6,Sunday,11,4,2015,1,0.0,0.0,0,0.0,0.0,0.0,0.0,0.0
2015-11-16,Furniture,0.0,0.0,0.0,0,Monday,11,4,2015,0,0.0,0.0,0,0.0,0.0,0.0,0.0,0.0
2015-11-17,Furniture,0.0,0.0,0.0,1,Tuesday,11,4,2015,0,0.0,0.0,0,0.0,0.0,0.0,0.0,0.0
2015-11-18,Furniture,0.0,0.0,0.0,2,Wednesday,11,4,2015,0,0.0,0.0,0,0.0,0.0,0.0,0.0,0.0
2015-11-19,Furniture,0.0,0.0,0.0,3,Thursday,11,4,2015,0,0.0,0.0,0,0.0,0.0,0.0,0.0,0.0
2015-11-20,Furniture,0.0,0.0,0.0,4,Friday,11,4,2015,0,0.0,0.0,0,0.0,0.0,0.0,0.0,0.0
2015-11-21,Furniture,0.0,0.0,0.0,5,Saturday,11,4,2015,1,0.0,0.0,0,0.0,0.0,0.0,0.0,0.0
2015-11-22,Furniture,0.0,0.0,0.0,6,Sunday,11,4,2015,1,0.0,0.0,0,0.0,0.0,0.0,0.0,0.0
2015-11-23,Furniture,0.0,0.0,0.0,0,Monday,11,4,2015,0,0.0,0.0,0,0.0,0.0,0.0,0.0,0.0
2015-11-24,Furniture,0.0,0.0,0.0,1,Tuesday,11,4,2015,0,0.0,0.0,0,0.0,0.0,0.0,0.0,0.0
2015-11-25,Furniture,0.0,0.0,0.0,2,Wednesday,11,4,2015,0,0.0,0.0,0,0.0,0.0,0.0,0.0,0.0
2015-11-26,Furniture,0.0,0.0,0.0,3,Thursday,11,4,2015,0,0.0,0.0,0,0.0,0.0,0.0,0.0,0.0
2015-11-27,Furniture,0.0,0.0,0.0,4,Friday,11,4,2015,0,0.0,0.0,0,0.0,0.0,0.0,0.0,0.0
2015-11-28,Furniture,0.0,0.0,0.0,5,Saturday,11,4,2015,1,0.0,0.0,0,0.0,0.0,0.0,0.0,0.0
2015-11-29,Furniture,0.0,0.0,0.0,6,Sunday,11,4,2015,1,0.0,0.0,0,0.0,0.0,0.0,0.0,0.0
2015-11-30,Furniture,0.0,0.0,0.0,0,Monday,11,4,2015,0,0.0,0.0,0,0.0,0.0,0.0,0.0,0.0
2015-12-01,Furniture,0.0,0.0,0.0,1,Tuesday,12,4,2015,0,0.0,0.0,0,0.0,0.0,0.0,0.0,0.0
2015-12-02,Furniture,129.568,0.0,0.0,2,Wednesday,12,4,2015,0,129.568,0.0,1,0.0,0.0,0.0,0.0,0.0
2015-12-03,Furniture,0.0,0.0,0.0,3,Thursday,12,4,2015,0,0.0,0.0,0,0.0,0.0,0.0,0.0,0.0
2015-12-04,Furniture,308.499,0.0,0.0,4,Friday,12,4,2015,0,308.499,0.0,1,0.0,0.0,0.0,0.0,0.0
2015-12-05,Furniture,734.846,0.0,0.0,5,Saturday,12,4,2015,1,734.846,0.0,1,0.0,0.0,0.0,0.0,0.0
2015-12-06,Furniture,0.0,0.0,0.0,6,Sunday,12,4,2015,1,0.0,0.0,0,0.0,0.0,0.0,0.0,0.0
2015-12-07,Furniture,1333.846,0.0,0.0,0,Monday,12,4,2015,0,1333.846,0.0,1,0.0,0.0,0.0,0.0,0.0
2015-12-08,Furniture,85.44,0.0,0.0,1,Tuesday,12,4,2015,0,85.44,0.0,1,0.0,0.0,0.0,0.0,0.0
2015-12-09,Furniture,3825.852,1.0,0.0,2,Wednesday,12,4,2015,0,3825.852,0.0,1,0.0,0.0,0.0,0.0,0.0
2015-12-10,Furniture,0.0,0.0,0.0,3,Thursday,12,4,2015,0,0.0,0.0,0,0.0,0.0,0.0,0.0,0.0
2015-12-11,Furniture,697.0572,0.0,0.0,4,Friday,12,4,2015,0,697.0572,0.0,1,0.0,0.0,0.0,0.0,0.0
2015-12-12,Furniture,4695.6005000000005,0.0,0.0,5,Saturday,12,4,2015,1,4695.6005000000005,0.0,1,0.0,0.0,0.0,0.0,0.0
2015-12-13,Furniture,0.0,0.0,0.0,6,Sunday,12,4,2015,1,0.0,0.0,0,0.0,0.0,0.0,0.0,0.0
2015-12-14,Furniture,0.0,0.0,0.0,0,Monday,12,4,2015,0,0.0,0.0,0,0.0,0.0,0.0,0.0,0.0
2015-12-15,Furniture,0.0,0.0,0.0,1,Tuesday,12,4,2015,0,0.0,0.0,0,0.0,0.0,0.0,0.0,0.0
2015-12-16,Furniture,0.0,0.0,0.0,2,Wednesday,12,4,2015,0,0.0,0.0,0,0.0,0.0,0.0,0.0,0.0
2015-12-17,Furniture,0.0,0.0,0.0,3,Thursday,12,4,2015,0,0.0,0.0,0,0.0,0.0,0.0,0.0,0.0
2015-12-18,Furniture,0.0,0.0,0.0,4,Friday,12,4,2015,0,0.0,0.0,0,0.0,0.0,0.0,0.0,0.0
2015-12-19,Furniture,0.0,0.0,0.0,5,Saturday,12,4,2015,1,0.0,0.0,0,0.0,0.0,0.0,0.0,0.0
2015-12-20,Furniture,0.0,0.0,0.0,6,Sunday,12,4,2015,1,0.0,0.0,0,0.0,0.0,0.0,0.0,0.0
2015-12-21,Furniture,0.0,0.0,0.0,0,Monday,12,4,2015,0,0.0,0.0,0,0.0,0.0,0.0,0.0,0.0
2015-12-22,Furniture,0.0,0.0,0.0,1,Tuesday,12,4,2015,0,0.0,0.0,0,0.0,0.0,0.0,0.0,0.0
2015-12-23,Furniture,0.0,0.0,0.0,2,Wednesday,12,4,2015,0,0.0,0.0,0,0.0,0.0,0.0,0.0,0.0
2015-12-24,Furniture,0.0,0.0,0.0,3,Thursday,12,4,2015,0,0.0,0.0,0,0.0,0.0,0.0,0.0,0.0
2015-12-25,Furniture,0.0,0.0,0.0,4,Friday,12,4,2015,0,0.0,0.0,0,0.0,0.0,0.0,0.0,0.0
2015-12-26,Furniture,0.0,0.0,0.0,5,Saturday,12,4,2015,1,0.0,0.0,0,0.0,0.0,0.0,0.0,0.0
2015-12-27,Furniture,0.0,0.0,0.0,6,Sunday,12,4,2015,1,0.0,0.0,0,0.0,0.0,0.0,0.0,0.0
2015-12-28,Furniture,0.0,0.0,0.0,0,Monday,12,4,2015,0,0.0,0.0,0,0.0,0.0,0.0,0.0,0.0
2015-12-29,Furniture,0.0,0.0,0.0,1,Tuesday,12,4,2015,0,0.0,0.0,0,0.0,0.0,0.0,0.0,0.0
2015-12-30,Furniture,0.0,0.0,0.0,2,Wednesday,12,4,2015,0,0.0,0.0,0,0.0,0.0,0.0,0.0,0.0
2015-12-31,Furniture,0.0,0.0,0.0,3,Thursday,12,4,2015,0,0.0,0.0,0,0.0,0.0,0.0,0.0,0.0
2016-01-01,Furniture,0.0,0.0,0.0,4,Friday,1,1,2016,0,0.0,0.0,0,0.0,0.0,0.0,0.0,0.0
2016-01-02,Furniture,0.0,0.0,0.0,5,Saturday,1,1,2016,1,0.0,0.0,0,0.0,0.0,0.0,0.0,0.0
2016-01-03,Furniture,1412.7504,0.0,0.0,6,Sunday,1,1,2016,1,1412.7504,0.0,1,0.0,0.0,0.0,0.0,0.0
2016-01-04,Furniture,0.0,0.0,0.0,0,Monday,1,1,2016,0,0.0,0.0,0,0.0,0.0,0.0,0.0,0.0
2016-01-05,Furniture,63.552,0.0,0.0,1,Tuesday,1,1,2016,0,63.552,0.0,1,0.0,0.0,0.0,0.0,0.0
2016-01-06,Furniture,0.0,0.0,0.0,2,Wednesday,1,1,2016,0,0.0,0.0,0,0.0,0.0,0.0,0.0,0.0
2016-01-07,Furniture,0.0,0.0,0.0,3,Thursday,1,1,2016,0,0.0,0.0,0,0.0,0.0,0.0,0.0,0.0
2016-01-08,Furniture,1004.976,0.0,0.0,4,Friday,1,1,2016,0,1004.976,0.0,1,0.0,0.0,0.0,0.0,0.0
2016-01-09,Furniture,185.1,0.0,0.0,5,Saturday,1,1,2016,1,185.1,0.0,1,0.0,0.0,0.0,0.0,0.0
2016-01-10,Furniture,0.0,0.0,0.0,6,Sunday,1,1,2016,1,0.0,0.0,0,0.0,0.0,0.0,0.0,0.0
2016-01-11,Furniture,1094.388,0.0,0.0,0,Monday,1,1,2016,0,1094.388,0.0,1,0.0,0.0,0.0,0.0,0.0
2016-01-12,Furniture,6600.68,0.0,0.0,1,Tuesday,1,1,2016,0,6600.68,0.0,1,0.0,0.0,0.0,0.0,0.0
2016-01-13,Furniture,0.0,0.0,0.0,2,Wednesday,1,1,2016,0,0.0,0.0,0,0.0,0.0,0.0,0.0,0.0
2016-01-14,Furniture,0.0,0.0,0.0,3,Thursday,1,1,2016,0,0.0,0.0,0,0.0,0.0,0.0,0.0,0.0
2016-01-15,Furniture,0.0,0.0,0.0,4,Friday,1,1,2016,0,0.0,0.0,0,0.0,0.0,0.0,0.0,0.0
2016-01-16,Furniture,0.0,0.0,0.0,5,Saturday,1,1,2016,1,0.0,0.0,0,0.0,0.0,0.0,0.0,0.0
2016-01-17,Furniture,0.0,0.0,0.0,6,Sunday,1,1,2016,1,0.0,0.0,0,0.0,0.0,0.0,0.0,0.0
2016-01-18,Furniture,0.0,0.0,0.0,0,Monday,1,1,2016,0,0.0,0.0,0,0.0,0.0,0.0,0.0,0.0
2016-01-19,Furniture,0.0,0.0,0.0,1,Tuesday,1,1,2016,0,0.0,0.0,0,0.0,0.0,0.0,0.0,0.0
2016-01-20,Furniture,0.0,0.0,0.0,2,Wednesday,1,1,2016,0,0.0,0.0,0,0.0,0.0,0.0,0.0,0.0
2016-01-21,Furniture,0.0,0.0,0.0,3,Thursday,1,1,2016,0,0.0,0.0,0,0.0,0.0,0.0,0.0,0.0
2016-01-22,Furniture,0.0,0.0,0.0,4,Friday,1,1,2016,0,0.0,0.0,0,0.0,0.0,0.0,0.0,0.0
2016-01-23,Furniture,0.0,0.0,0.0,5,Saturday,1,1,2016,1,0.0,0.0,0,0.0,0.0,0.0,0.0,0.0
2016-01-24,Furniture,0.0,0.0,0.0,6,Sunday,1,1,2016,1,0.0,0.0,0,0.0,0.0,0.0,0.0,0.0
2016-01-25,Furniture,0.0,0.0,0.0,0,Monday,1,1,2016,0,0.0,0.0,0,0.0,0.0,0.0,0.0,0.0
2016-01-26,Furniture,0.0,0.0,0.0,1,Tuesday,1,1,2016,0,0.0,0.0,0,0.0,0.0,0.0,0.0,0.0
2016-01-27,Furniture,0.0,0.0,0.0,2,Wednesday,1,1,2016,0,0.0,0.0,0,0.0,0.0,0.0,0.0,0.0
2016-01-28,Furniture,0.0,0.0,0.0,3,Thursday,1,1,2016,0,0.0,0.0,0,0.0,0.0,0.0,0.0,0.0
2016-01-29,Furniture,0.0,0.0,0.0,4,Friday,1,1,2016,0,0.0,0.0,0,0.0,0.0,0.0,0.0,0.0
2016-01-30,Furniture,0.0,0.0,0.0,5,Saturday,1,1,2016,1,0.0,0.0,0,0.0,0.0,0.0,0.0,0.0
2016-01-31,Furniture,0.0,0.0,0.0,6,Sunday,1,1,2016,1,0.0,0.0,0,0.0,0.0,0.0,0.0,0.0
2016-02-01,Furniture,452.45,0.0,0.0,0,Monday,2,1,2016,0,452.45,0.0,1,0.0,0.0,0.0,0.0,0.0
2016-02-02,Furniture,0.0,0.0,0.0,1,Tuesday,2,1,2016,0,0.0,0.0,0,0.0,0.0,0.0,0.0,0.0
2016-02-03,Furniture,787.53,0.0,0.0,2,Wednesday,2,1,2016,0,787.53,0.0,1,0.0,0.0,0.0,0.0,0.0
2016-02-04,Furniture,0.0,0.0,0.0,3,Thursday,2,1,2016,0,0.0,0.0,0,0.0,0.0,0.0,0.0,0.0
2016-02-05,Furniture,0.0,0.0,0.0,4,Friday,2,1,2016,0,0.0,0.0,0,0.0,0.0,0.0,0.0,0.0
2016-02-06,Furniture,0.0,0.0,0.0,5,Saturday,2,1,2016,1,0.0,0.0,0,0.0,0.0,0.0,0.0,0.0
2016-02-07,Furniture,950.378,0.0,0.0,6,Sunday,2,1,2016,1,950.378,0.0,1,0.0,0.0,0.0,0.0,0.0
2016-02-08,Furniture,388.48,1.0,0.0,0,Monday,2,1,2016,0,388.48,0.0,1,0.0,0.0,0.0,0.0,0.0
2016-02-09,Furniture,0.0,0.0,0.0,1,Tuesday,2,1,2016,0,0.0,0.0,0,0.0,0.0,0.0,0.0,0.0
2016-02-10,Furniture,11.032,0.0,0.0,2,Wednesday,2,1,2016,0,11.032,0.0,1,0.0,0.0,0.0,0.0,0.0
2016-02-11,Furniture,4379.385,0.0,0.0,3,Thursday,2,1,2016,0,4379.385,0.0,1,0.0,0.0,0.0,0.0,0.0
2016-02-12,Furniture,0.0,0.0,0.0,4,Friday,2,1,2016,0,0.0,0.0,0,0.0,0.0,0.0,0.0,0.0
2016-02-13,Furniture,0.0,0.0,0.0,5,Saturday,2,1,2016,1,0.0,0.0,0,0.0,0.0,0.0,0.0,0.0
2016-02-14,Furniture,0.0,0.0,0.0,6,Sunday,2,1,2016,1,0.0,0.0,0,0.0,0.0,0.0,0.0,0.0
2016-02-15,Furniture,0.0,0.0,0.0,0,Monday,2,1,2016,0,0.0,0.0,0,0.0,0.0,0.0,0.0,0.0
2016-02-16,Furniture,0.0,0.0,0.0,1,Tuesday,2,1,2016,0,0.0,0.0,0,0.0,0.0,0.0,0.0,0.0
2016-02-17,Furniture,0.0,0.0,0.0,2,Wednesday,2,1,2016,0,0.0,0.0,0,0.0,0.0,0.0,0.0,0.0
2016-02-18,Furniture,0.0,0.0,0.0,3,Thursday,2,1,2016,0,0.0,0.0,0,0.0,0.0,0.0,0.0,0.0
2016-02-19,Furniture,0.0,0.0,0.0,4,Friday,2,1,2016,0,0.0,0.0,0,0.0,0.0,0.0,0.0,0.0
2016-02-20,Furniture,0.0,0.0,0.0,5,Saturday,2,1,2016,1,0.0,0.0,0,0.0,0.0,0.0,0.0,0.0
2016-02-21,Furniture,0.0,0.0,0.0,6,Sunday,2,1,2016,1,0.0,0.0,0,0.0,0.0,0.0,0.0,0.0
2016-02-22,Furniture,0.0,0.0,0.0,0,Monday,2,1,2016,0,0.0,0.0,0,0.0,0.0,0.0,0.0,0.0
2016-02-23,Furniture,0.0,0.0,0.0,1,Tuesday,2,1,2016,0,0.0,0.0,0,0.0,0.0,0.0,0.0,0.0
2016-02-24,Furniture,0.0,0.0,0.0,2,Wednesday,2,1,2016,0,0.0,0.0,0,0.0,0.0,0.0,0.0,0.0
2016-02-25,Furniture,0.0,0.0,0.0,3,Thursday,2,1,2016,0,0.0,0.0,0,0.0,0.0,0.0,0.0,0.0
2016-02-26,Furniture,0.0,0.0,0.0,4,Friday,2,1,2016,0,0.0,0.0,0,0.0,0.0,0.0,0.0,0.0
2016-02-27,Furniture,0.0,0.0,0.0,5,Saturday,2,1,2016,1,0.0,0.0,0,0.0,0.0,0.0,0.0,0.0
2016-02-28,Furniture,0.0,0.0,0.0,6,Sunday,2,1,2016,1,0.0,0.0,0,0.0,0.0,0.0,0.0,0.0
2016-02-29,Furniture,0.0,0.0,0.0,0,Monday,2,1,2016,0,0.0,0.0,0,0.0,0.0,0.0,0.0,0.0
2016-03-01,Furniture,1352.3976,0.0,0.0,1,Tuesday,3,1,2016,0,1352.3976,0.0,1,0.0,0.0,0.0,0.0,0.0
2016-03-02,Furniture,256.202,0.0,0.0,2,Wednesday,3,1,2016,0,256.202,0.0,1,0.0,0.0,0.0,0.0,0.0
2016-03-03,Furniture,0.0,0.0,0.0,3,Thursday,3,1,2016,0,0.0,0.0,0,0.0,0.0,0.0,0.0,0.0
2016-03-04,Furniture,0.0,0.0,0.0,4,Friday,3,1,2016,0,0.0,0.0,0,0.0,0.0,0.0,0.0,0.0
2016-03-05,Furniture,1509.996,0.0,0.0,5,Saturday,3,1,2016,1,1509.996,0.0,1,0.0,0.0,0.0,0.0,0.0
2016-03-06,Furniture,0.0,0.0,0.0,6,Sunday,3,1,2016,1,0.0,0.0,0,0.0,0.0,0.0,0.0,0.0
2016-03-07,Furniture,522.332,0.0,0.0,0,Monday,3,1,2016,0,522.332,0.0,1,0.0,0.0,0.0,0.0,0.0
2016-03-08,Furniture,0.0,0.0,0.0,1,Tuesday,3,1,2016,0,0.0,0.0,0,0.0,0.0,0.0,0.0,0.0
2016-03-09,Furniture,367.72,1.0,0.0,2,Wednesday,3,1,2016,0,367.72,0.0,1,0.0,0.0,0.0,0.0,0.0
2016-03-10,Furniture,156.156,0.0,0.0,3,Thursday,3,1,2016,0,156.156,0.0,1,0.0,0.0,0.0,0.0,0.0
2016-03-11,Furniture,1491.4199999999998,0.0,0.0,4,Friday,3,1,2016,0,1491.4199999999998,0.0,1,0.0,0.0,0.0,0.0,0.0
2016-03-12,Furniture,440.411,0.0,0.0,5,Saturday,3,1,2016,1,440.411,0.0,1,0.0,0.0,0.0,0.0,0.0
2016-03-13,Furniture,0.0,0.0,0.0,6,Sunday,3,1,2016,1,0.0,0.0,0,0.0,0.0,0.0,0.0,0.0
2016-03-14,Furniture,0.0,0.0,0.0,0,Monday,3,1,2016,0,0.0,0.0,0,0.0,0.0,0.0,0.0,0.0
2016-03-15,Furniture,0.0,0.0,0.0,1,Tuesday,3,1,2016,0,0.0,0.0,0,0.0,0.0,0.0,0.0,0.0
2016-03-16,Furniture,0.0,0.0,0.0,2,Wednesday,3,1,2016,0,0.0,0.0,0,0.0,0.0,0.0,0.0,0.0
2016-03-17,Furniture,0.0,0.0,0.0,3,Thursday,3,1,2016,0,0.0,0.0,0,0.0,0.0,0.0,0.0,0.0
2016-03-18,Furniture,0.0,0.0,0.0,4,Friday,3,1,2016,0,0.0,0.0,0,0.0,0.0,0.0,0.0,0.0
2016-03-19,Furniture,0.0,0.0,0.0,5,Saturday,3,1,2016,1,0.0,0.0,0,0.0,0.0,0.0,0.0,0.0
2016-03-20,Furniture,0.0,0.0,0.0,6,Sunday,3,1,2016,1,0.0,0.0,0,0.0,0.0,0.0,0.0,0.0
2016-03-21,Furniture,0.0,0.0,0.0,0,Monday,3,1,2016,0,0.0,0.0,0,0.0,0.0,0.0,0.0,0.0
2016-03-22,Furniture,0.0,0.0,0.0,1,Tuesday,3,1,2016,0,0.0,0.0,0,0.0,0.0,0.0,0.0,0.0
2016-03-23,Furniture,0.0,0.0,0.0,2,Wednesday,3,1,2016,0,0.0,0.0,0,0.0,0.0,0.0,0.0,0.0
2016-03-24,Furniture,0.0,0.0,0.0,3,Thursday,3,1,2016,0,0.0,0.0,0,0.0,0.0,0.0,0.0,0.0
2016-03-25,Furniture,0.0,0.0,0.0,4,Friday,3,1,2016,0,0.0,0.0,0,0.0,0.0,0.0,0.0,0.0
2016-03-26,Furniture,0.0,0.0,0.0,5,Saturday,3,1,2016,1,0.0,0.0,0,0.0,0.0,0.0,0.0,0.0
2016-03-27,Furniture,0.0,0.0,0.0,6,Sunday,3,1,2016,1,0.0,0.0,0,0.0,0.0,0.0,0.0,0.0
2016-03-28,Furniture,0.0,0.0,0.0,0,Monday,3,1,2016,0,0.0,0.0,0,0.0,0.0,0.0,0.0,0.0
2016-03-29,Furniture,0.0,0.0,0.0,1,Tuesday,3,1,2016,0,0.0,0.0,0,0.0,0.0,0.0,0.0,0.0
2016-03-30,Furniture,0.0,0.0,0.0,2,Wednesday,3,1,2016,0,0.0,0.0,0,0.0,0.0,0.0,0.0,0.0
2016-03-31,Furniture,0.0,0.0,0.0,3,Thursday,3,1,2016,0,0.0,0.0,0,0.0,0.0,0.0,0.0,0.0
2016-04-01,Furniture,192.22,0.0,0.0,4,Friday,4,2,2016,0,192.22,0.0,1,0.0,0.0,0.0,0.0,0.0
2016-04-02,Furniture,0.0,0.0,0.0,5,Saturday,4,2,2016,1,0.0,0.0,0,0.0,0.0,0.0,0.0,0.0
2016-04-03,Furniture,0.0,0.0,0.0,6,Sunday,4,2,2016,1,0.0,0.0,0,0.0,0.0,0.0,0.0,0.0
2016-04-04,Furniture,108.4,0.0,0.0,0,Monday,4,2,2016,0,108.4,0.0,1,0.0,0.0,0.0,0.0,0.0
2016-04-05,Furniture,49.088,0.0,0.0,1,Tuesday,4,2,2016,0,49.088,0.0,1,0.0,0.0,0.0,0.0,0.0
2016-04-06,Furniture,35.28,0.0,0.0,2,Wednesday,4,2,2016,0,35.28,0.0,1,0.0,0.0,0.0,0.0,0.0
2016-04-07,Furniture,0.0,0.0,0.0,3,Thursday,4,2,2016,0,0.0,0.0,0,0.0,0.0,0.0,0.0,0.0
2016-04-08,Furniture,0.0,0.0,0.0,4,Friday,4,2,2016,0,0.0,0.0,0,0.0,0.0,0.0,0.0,0.0
2016-04-09,Furniture,0.0,0.0,0.0,5,Saturday,4,2,2016,1,0.0,0.0,0,0.0,0.0,0.0,0.0,0.0
2016-04-10,Furniture,457.884,0.0,0.0,6,Sunday,4,2,2016,1,457.884,0.0,1,0.0,0.0,0.0,0.0,0.0
2016-04-11,Furniture,0.0,0.0,0.0,0,Monday,4,2,2016,0,0.0,0.0,0,0.0,0.0,0.0,0.0,0.0
2016-04-12,Furniture,1200.268,0.0,0.0,1,Tuesday,4,2,2016,0,1200.268,0.0,1,0.0,0.0,0.0,0.0,0.0
2016-04-13,Furniture,0.0,0.0,0.0,2,Wednesday,4,2,2016,0,0.0,0.0,0,0.0,0.0,0.0,0.0,0.0
2016-04-14,Furniture,0.0,0.0,0.0,3,Thursday,4,2,2016,0,0.0,0.0,0,0.0,0.0,0.0,0.0,0.0
2016-04-15,Furniture,0.0,0.0,0.0,4,Friday,4,2,2016,0,0.0,0.0,0,0.0,0.0,0.0,0.0,0.0
2016-04-16,Furniture,0.0,0.0,0.0,5,Saturday,4,2,2016,1,0.0,0.0,0,0.0,0.0,0.0,0.0,0.0
2016-04-17,Furniture,0.0,0.0,0.0,6,Sunday,4,2,2016,1,0.0,0.0,0,0.0,0.0,0.0,0.0,0.0
2016-04-18,Furniture,0.0,0.0,0.0,0,Monday,4,2,2016,0,0.0,0.0,0,0.0,0.0,0.0,0.0,0.0
2016-04-19,Furniture,0.0,0.0,0.0,1,Tuesday,4,2,2016,0,0.0,0.0,0,0.0,0.0,0.0,0.0,0.0
2016-04-20,Furniture,0.0,0.0,0.0,2,Wednesday,4,2,2016,0,0.0,0.0,0,0.0,0.0,0.0,0.0,0.0
2016-04-21,Furniture,0.0,0.0,0.0,3,Thursday,4,2,2016,0,0.0,0.0,0,0.0,0.0,0.0,0.0,0.0
2016-04-22,Furniture,0.0,0.0,0.0,4,Friday,4,2,2016,0,0.0,0.0,0,0.0,0.0,0.0,0.0,0.0
2016-04-23,Furniture,0.0,0.0,0.0,5,Saturday,4,2,2016,1,0.0,0.0,0,0.0,0.0,0.0,0.0,0.0
2016-04-24,Furniture,0.0,0.0,0.0,6,Sunday,4,2,2016,1,0.0,0.0,0,0.0,0.0,0.0,0.0,0.0
2016-04-25,Furniture,0.0,0.0,0.0,0,Monday,4,2,2016,0,0.0,0.0,0,0.0,0.0,0.0,0.0,0.0
2016-04-26,Furniture,0.0,0.0,0.0,1,Tuesday,4,2,2016,0,0.0,0.0,0,0.0,0.0,0.0,0.0,0.0
2016-04-27,Furniture,0.0,0.0,0.0,2,Wednesday,4,2,2016,0,0.0,0.0,0,0.0,0.0,0.0,0.0,0.0
2016-04-28,Furniture,0.0,0.0,0.0,3,Thursday,4,2,2016,0,0.0,0.0,0,0.0,0.0,0.0,0.0,0.0
2016-04-29,Furniture,0.0,0.0,0.0,4,Friday,4,2,2016,0,0.0,0.0,0,0.0,0.0,0.0,0.0,0.0
2016-04-30,Furniture,0.0,0.0,0.0,5,Saturday,4,2,2016,1,0.0,0.0,0,0.0,0.0,0.0,0.0,0.0
2016-05-01,Furniture,61.584,1.0,0.0,6,Sunday,5,2,2016,1,61.584,0.0,1,0.0,0.0,0.0,0.0,0.0
2016-05-02,Furniture,0.0,0.0,0.0,0,Monday,5,2,2016,0,0.0,0.0,0,0.0,0.0,0.0,0.0,0.0
2016-05-03,Furniture,521.259,0.0,0.0,1,Tuesday,5,2,2016,0,521.259,0.0,1,0.0,0.0,0.0,0.0,0.0
2016-05-04,Furniture,1799.394,0.0,0.0,2,Wednesday,5,2,2016,0,1799.394,0.0,1,0.0,0.0,0.0,0.0,0.0
2016-05-05,Furniture,0.0,0.0,0.0,3,Thursday,5,2,2016,0,0.0,0.0,0,0.0,0.0,0.0,0.0,0.0
2016-05-06,Furniture,1522.638,1.0,0.0,4,Friday,5,2,2016,0,1522.638,0.0,1,0.0,0.0,0.0,0.0,0.0
2016-05-07,Furniture,9.856,0.0,0.0,5,Saturday,5,2,2016,1,9.856,0.0,1,0.0,0.0,0.0,0.0,0.0
2016-05-08,Furniture,14.76,0.0,0.0,6,Sunday,5,2,2016,1,14.76,0.0,1,0.0,0.0,0.0,0.0,0.0
2016-05-09,Furniture,778.651,0.0,0.0,0,Monday,5,2,2016,0,778.651,0.0,1,0.0,0.0,0.0,0.0,0.0
2016-05-10,Furniture,357.462,0.0,0.0,1,Tuesday,5,2,2016,0,357.462,0.0,1,0.0,0.0,0.0,0.0,0.0
2016-05-11,Furniture,207.0,0.0,0.0,2,Wednesday,5,2,2016,0,207.0,0.0,1,0.0,0.0,0.0,0.0,0.0
2016-05-12,Furniture,306.53,0.0,0.0,3,Thursday,5,2,2016,0,306.53,0.0,1,0.0,0.0,0.0,0.0,0.0
2016-05-13,Furniture,0.0,0.0,0.0,4,Friday,5,2,2016,0,0.0,0.0,0,0.0,0.0,0.0,0.0,0.0
2016-05-14,Furniture,0.0,0.0,0.0,5,Saturday,5,2,2016,1,0.0,0.0,0,0.0,0.0,0.0,0.0,0.0
2016-05-15,Furniture,0.0,0.0,0.0,6,Sunday,5,2,2016,1,0.0,0.0,0,0.0,0.0,0.0,0.0,0.0
2016-05-16,Furniture,0.0,0.0,0.0,0,Monday,5,2,2016,0,0.0,0.0,0,0.0,0.0,0.0,0.0,0.0
2016-05-17,Furniture,0.0,0.0,0.0,1,Tuesday,5,2,2016,0,0.0,0.0,0,0.0,0.0,0.0,0.0,0.0
2016-05-18,Furniture,0.0,0.0,0.0,2,Wednesday,5,2,2016,0,0.0,0.0,0,0.0,0.0,0.0,0.0,0.0
2016-05-19,Furniture,0.0,0.0,0.0,3,Thursday,5,2,2016,0,0.0,0.0,0,0.0,0.0,0.0,0.0,0.0
2016-05-20,Furniture,0.0,0.0,0.0,4,Friday,5,2,2016,0,0.0,0.0,0,0.0,0.0,0.0,0.0,0.0
2016-05-21,Furniture,0.0,0.0,0.0,5,Saturday,5,2,2016,1,0.0,0.0,0,0.0,0.0,0.0,0.0,0.0
2016-05-22,Furniture,0.0,0.0,0.0,6,Sunday,5,2,2016,1,0.0,0.0,0,0.0,0.0,0.0,0.0,0.0
2016-05-23,Furniture,0.0,0.0,0.0,0,Monday,5,2,2016,0,0.0,0.0,0,0.0,0.0,0.0,0.0,0.0
2016-05-24,Furniture,0.0,0.0,0.0,1,Tuesday,5,2,2016,0,0.0,0.0,0,0.0,0.0,0.0,0.0,0.0
2016-05-25,Furniture,0.0,0.0,0.0,2,Wednesday,5,2,2016,0,0.0,0.0,0,0.0,0.0,0.0,0.0,0.0
2016-05-26,Furniture,0.0,0.0,0.0,3,Thursday,5,2,2016,0,0.0,0.0,0,0.0,0.0,0.0,0.0,0.0
2016-05-27,Furniture,0.0,0.0,0.0,4,Friday,5,2,2016,0,0.0,0.0,0,0.0,0.0,0.0,0.0,0.0
2016-05-28,Furniture,0.0,0.0,0.0,5,Saturday,5,2,2016,1,0.0,0.0,0,0.0,0.0,0.0,0.0,0.0
2016-05-29,Furniture,0.0,0.0,0.0,6,Sunday,5,2,2016,1,0.0,0.0,0,0.0,0.0,0.0,0.0,0.0
2016-05-30,Furniture,0.0,0.0,0.0,0,Monday,5,2,2016,0,0.0,0.0,0,0.0,0.0,0.0,0.0,0.0
2016-05-31,Furniture,0.0,0.0,0.0,1,Tuesday,5,2,2016,0,0.0,0.0,0,0.0,0.0,0.0,0.0,0.0
2016-06-01,Furniture,0.0,0.0,0.0,2,Wednesday,6,2,2016,0,0.0,0.0,0,0.0,0.0,0.0,0.0,0.0
2016-06-02,Furniture,1552.74,0.0,0.0,3,Thursday,6,2,2016,0,1552.74,0.0,1,0.0,0.0,0.0,0.0,0.0
2016-06-03,Furniture,435.26,0.0,0.0,4,Friday,6,2,2016,0,435.26,0.0,1,0.0,0.0,0.0,0.0,0.0
2016-06-04,Furniture,0.0,0.0,0.0,5,Saturday,6,2,2016,1,0.0,0.0,0,0.0,0.0,0.0,0.0,0.0
2016-06-05,Furniture,0.0,0.0,0.0,6,Sunday,6,2,2016,1,0.0,0.0,0,0.0,0.0,0.0,0.0,0.0
2016-06-06,Furniture,0.0,0.0,0.0,0,Monday,6,2,2016,0,0.0,0.0,0,0.0,0.0,0.0,0.0,0.0
2016-06-07,Furniture,642.092,0.0,0.0,1,Tuesday,6,2,2016,0,642.092,0.0,1,0.0,0.0,0.0,0.0,0.0
2016-06-08,Furniture,369.1992,0.0,0.0,2,Wednesday,6,2,2016,0,369.1992,0.0,1,0.0,0.0,0.0,0.0,0.0
2016-06-09,Furniture,463.584,0.0,0.0,3,Thursday,6,2,2016,0,463.584,0.0,1,0.0,0.0,0.0,0.0,0.0
2016-06-10,Furniture,0.0,0.0,0.0,4,Friday,6,2,2016,0,0.0,0.0,0,0.0,0.0,0.0,0.0,0.0
2016-06-11,Furniture,0.0,0.0,0.0,5,Saturday,6,2,2016,1,0.0,0.0,0,0.0,0.0,0.0,0.0,0.0
2016-06-12,Furniture,390.718,0.0,0.0,6,Sunday,6,2,2016,1,390.718,0.0,1,0.0,0.0,0.0,0.0,0.0
2016-06-13,Furniture,0.0,0.0,0.0,0,Monday,6,2,2016,0,0.0,0.0,0,0.0,0.0,0.0,0.0,0.0
2016-06-14,Furniture,0.0,0.0,0.0,1,Tuesday,6,2,2016,0,0.0,0.0,0,0.0,0.0,0.0,0.0,0.0
2016-06-15,Furniture,0.0,0.0,0.0,2,Wednesday,6,2,2016,0,0.0,0.0,0,0.0,0.0,0.0,0.0,0.0
2016-06-16,Furniture,0.0,0.0,0.0,3,Thursday,6,2,2016,0,0.0,0.0,0,0.0,0.0,0.0,0.0,0.0
2016-06-17,Furniture,0.0,0.0,0.0,4,Friday,6,2,2016,0,0.0,0.0,0,0.0,0.0,0.0,0.0,0.0
2016-06-18,Furniture,0.0,0.0,0.0,5,Saturday,6,2,2016,1,0.0,0.0,0,0.0,0.0,0.0,0.0,0.0
2016-06-19,Furniture,0.0,0.0,0.0,6,Sunday,6,2,2016,1,0.0,0.0,0,0.0,0.0,0.0,0.0,0.0
2016-06-20,Furniture,0.0,0.0,0.0,0,Monday,6,2,2016,0,0.0,0.0,0,0.0,0.0,0.0,0.0,0.0
2016-06-21,Furniture,0.0,0.0,0.0,1,Tuesday,6,2,2016,0,0.0,0.0,0,0.0,0.0,0.0,0.0,0.0
2016-06-22,Furniture,0.0,0.0,0.0,2,Wednesday,6,2,2016,0,0.0,0.0,0,0.0,0.0,0.0,0.0,0.0
2016-06-23,Furniture,0.0,0.0,0.0,3,Thursday,6,2,2016,0,0.0,0.0,0,0.0,0.0,0.0,0.0,0.0
2016-06-24,Furniture,0.0,0.0,0.0,4,Friday,6,2,2016,0,0.0,0.0,0,0.0,0.0,0.0,0.0,0.0
2016-06-25,Furniture,0.0,0.0,0.0,5,Saturday,6,2,2016,1,0.0,0.0,0,0.0,0.0,0.0,0.0,0.0
2016-06-26,Furniture,0.0,0.0,0.0,6,Sunday,6,2,2016,1,0.0,0.0,0,0.0,0.0,0.0,0.0,0.0
2016-06-27,Furniture,0.0,0.0,0.0,0,Monday,6,2,2016,0,0.0,0.0,0,0.0,0.0,0.0,0.0,0.0
2016-06-28,Furniture,0.0,0.0,0.0,1,Tuesday,6,2,2016,0,0.0,0.0,0,0.0,0.0,0.0,0.0,0.0
2016-06-29,Furniture,0.0,0.0,0.0,2,Wednesday,6,2,2016,0,0.0,0.0,0,0.0,0.0,0.0,0.0,0.0
2016-06-30,Furniture,0.0,0.0,0.0,3,Thursday,6,2,2016,0,0.0,0.0,0,0.0,0.0,0.0,0.0,0.0
2016-07-01,Furniture,0.0,0.0,0.0,4,Friday,7,3,2016,0,0.0,0.0,0,0.0,0.0,0.0,0.0,0.0
2016-07-02,Furniture,0.0,0.0,0.0,5,Saturday,7,3,2016,1,0.0,0.0,0,0.0,0.0,0.0,0.0,0.0
2016-07-03,Furniture,0.0,0.0,0.0,6,Sunday,7,3,2016,1,0.0,0.0,0,0.0,0.0,0.0,0.0,0.0
2016-07-04,Furniture,0.0,0.0,0.0,0,Monday,7,3,2016,0,0.0,0.0,0,0.0,0.0,0.0,0.0,0.0
2016-07-05,Furniture,244.006,0.0,0.0,1,Tuesday,7,3,2016,0,244.006,0.0,1,0.0,0.0,0.0,0.0,0.0
2016-07-06,Furniture,0.0,0.0,0.0,2,Wednesday,7,3,2016,0,0.0,0.0,0,0.0,0.0,0.0,0.0,0.0
2016-07-07,Furniture,0.0,0.0,0.0,3,Thursday,7,3,2016,0,0.0,0.0,0,0.0,0.0,0.0,0.0,0.0
2016-07-08,Furniture,212.94,0.0,0.0,4,Friday,7,3,2016,0,212.94,0.0,1,0.0,0.0,0.0,0.0,0.0
2016-07-09,Furniture,556.106,0.0,0.0,5,Saturday,7,3,2016,1,556.106,0.0,1,0.0,0.0,0.0,0.0,0.0
2016-07-10,Furniture,0.0,0.0,0.0,6,Sunday,7,3,2016,1,0.0,0.0,0,0.0,0.0,0.0,0.0,0.0
2016-07-11,Furniture,970.8800000000001,0.0,0.0,0,Monday,7,3,2016,0,970.8800000000001,0.0,1,0.0,0.0,0.0,0.0,0.0
2016-07-12,Furniture,363.84000000000003,0.0,0.0,1,Tuesday,7,3,2016,0,363.84000000000003,0.0,1,0.0,0.0,0.0,0.0,0.0
2016-07-13,Furniture,0.0,0.0,0.0,2,Wednesday,7,3,2016,0,0.0,0.0,0,0.0,0.0,0.0,0.0,0.0
2016-07-14,Furniture,0.0,0.0,0.0,3,Thursday,7,3,2016,0,0.0,0.0,0,0.0,0.0,0.0,0.0,0.0
2016-07-15,Furniture,0.0,0.0,0.0,4,Friday,7,3,2016,0,0.0,0.0,0,0.0,0.0,0.0,0.0,0.0
2016-07-16,Furniture,0.0,0.0,0.0,5,Saturday,7,3,2016,1,0.0,0.0,0,0.0,0.0,0.0,0.0,0.0
2016-07-17,Furniture,0.0,0.0,0.0,6,Sunday,7,3,2016,1,0.0,0.0,0,0.0,0.0,0.0,0.0,0.0
2016-07-18,Furniture,0.0,0.0,0.0,0,Monday,7,3,2016,0,0.0,0.0,0,0.0,0.0,0.0,0.0,0.0
2016-07-19,Furniture,0.0,0.0,0.0,1,Tuesday,7,3,2016,0,0.0,0.0,0,0.0,0.0,0.0,0.0,0.0
2016-07-20,Furniture,0.0,0.0,0.0,2,Wednesday,7,3,2016,0,0.0,0.0,0,0.0,0.0,0.0,0.0,0.0
2016-07-21,Furniture,0.0,0.0,0.0,3,Thursday,7,3,2016,0,0.0,0.0,0,0.0,0.0,0.0,0.0,0.0
2016-07-22,Furniture,0.0,0.0,0.0,4,Friday,7,3,2016,0,0.0,0.0,0,0.0,0.0,0.0,0.0,0.0
2016-07-23,Furniture,0.0,0.0,0.0,5,Saturday,7,3,2016,1,0.0,0.0,0,0.0,0.0,0.0,0.0,0.0
2016-07-24,Furniture,0.0,0.0,0.0,6,Sunday,7,3,2016,1,0.0,0.0,0,0.0,0.0,0.0,0.0,0.0
2016-07-25,Furniture,0.0,0.0,0.0,0,Monday,7,3,2016,0,0.0,0.0,0,0.0,0.0,0.0,0.0,0.0
2016-07-26,Furniture,0.0,0.0,0.0,1,Tuesday,7,3,2016,0,0.0,0.0,0,0.0,0.0,0.0,0.0,0.0
2016-07-27,Furniture,0.0,0.0,0.0,2,Wednesday,7,3,2016,0,0.0,0.0,0,0.0,0.0,0.0,0.0,0.0
2016-07-28,Furniture,0.0,0.0,0.0,3,Thursday,7,3,2016,0,0.0,0.0,0,0.0,0.0,0.0,0.0,0.0
2016-07-29,Furniture,0.0,0.0,0.0,4,Friday,7,3,2016,0,0.0,0.0,0,0.0,0.0,0.0,0.0,0.0
2016-07-30,Furniture,0.0,0.0,0.0,5,Saturday,7,3,2016,1,0.0,0.0,0,0.0,0.0,0.0,0.0,0.0
2016-07-31,Furniture,0.0,0.0,0.0,6,Sunday,7,3,2016,1,0.0,0.0,0,0.0,0.0,0.0,0.0,0.0
2016-08-01,Furniture,0.0,0.0,0.0,0,Monday,8,3,2016,0,0.0,0.0,0,0.0,0.0,0.0,0.0,0.0
2016-08-02,Furniture,0.0,0.0,0.0,1,Tuesday,8,3,2016,0,0.0,0.0,0,0.0,0.0,0.0,0.0,0.0
2016-08-03,Furniture,1746.95,0.0,0.0,2,Wednesday,8,3,2016,0,1746.95,0.0,1,0.0,0.0,0.0,0.0,0.0
2016-08-04,Furniture,0.0,0.0,0.0,3,Thursday,8,3,2016,0,0.0,0.0,0,0.0,0.0,0.0,0.0,0.0
2016-08-05,Furniture,339.51599999999996,0.0,0.0,4,Friday,8,3,2016,0,339.51599999999996,0.0,1,0.0,0.0,0.0,0.0,0.0
2016-08-06,Furniture,0.0,0.0,0.0,5,Saturday,8,3,2016,1,0.0,0.0,0,0.0,0.0,0.0,0.0,0.0
2016-08-07,Furniture,0.0,0.0,0.0,6,Sunday,8,3,2016,1,0.0,0.0,0,0.0,0.0,0.0,0.0,0.0
2016-08-08,Furniture,144.784,0.0,0.0,0,Monday,8,3,2016,0,144.784,0.0,1,0.0,0.0,0.0,0.0,0.0
2016-08-09,Furniture,21.36,0.0,0.0,1,Tuesday,8,3,2016,0,21.36,0.0,1,0.0,0.0,0.0,0.0,0.0
2016-08-10,Furniture,218.68,0.0,0.0,2,Wednesday,8,3,2016,0,218.68,0.0,1,0.0,0.0,0.0,0.0,0.0
2016-08-11,Furniture,5252.4259999999995,0.0,0.0,3,Thursday,8,3,2016,0,5252.4259999999995,0.0,1,0.0,0.0,0.0,0.0,0.0
2016-08-12,Furniture,0.0,0.0,0.0,4,Friday,8,3,2016,0,0.0,0.0,0,0.0,0.0,0.0,0.0,0.0
2016-08-13,Furniture,0.0,0.0,0.0,5,Saturday,8,3,2016,1,0.0,0.0,0,0.0,0.0,0.0,0.0,0.0
2016-08-14,Furniture,0.0,0.0,0.0,6,Sunday,8,3,2016,1,0.0,0.0,0,0.0,0.0,0.0,0.0,0.0
2016-08-15,Furniture,0.0,0.0,0.0,0,Monday,8,3,2016,0,0.0,0.0,0,0.0,0.0,0.0,0.0,0.0
2016-08-16,Furniture,0.0,0.0,0.0,1,Tuesday,8,3,2016,0,0.0,0.0,0,0.0,0.0,0.0,0.0,0.0
2016-08-17,Furniture,0.0,0.0,0.0,2,Wednesday,8,3,2016,0,0.0,0.0,0,0.0,0.0,0.0,0.0,0.0
2016-08-18,Furniture,0.0,0.0,0.0,3,Thursday,8,3,2016,0,0.0,0.0,0,0.0,0.0,0.0,0.0,0.0
2016-08-19,Furniture,0.0,0.0,0.0,4,Friday,8,3,2016,0,0.0,0.0,0,0.0,0.0,0.0,0.0,0.0
2016-08-20,Furniture,0.0,0.0,0.0,5,Saturday,8,3,2016,1,0.0,0.0,0,0.0,0.0,0.0,0.0,0.0
2016-08-21,Furniture,0.0,0.0,0.0,6,Sunday,8,3,2016,1,0.0,0.0,0,0.0,0.0,0.0,0.0,0.0
2016-08-22,Furniture,0.0,0.0,0.0,0,Monday,8,3,2016,0,0.0,0.0,0,0.0,0.0,0.0,0.0,0.0
2016-08-23,Furniture,0.0,0.0,0.0,1,Tuesday,8,3,2016,0,0.0,0.0,0,0.0,0.0,0.0,0.0,0.0
2016-08-24,Furniture,0.0,0.0,0.0,2,Wednesday,8,3,2016,0,0.0,0.0,0,0.0,0.0,0.0,0.0,0.0
2016-08-25,Furniture,0.0,0.0,0.0,3,Thursday,8,3,2016,0,0.0,0.0,0,0.0,0.0,0.0,0.0,0.0
2016-08-26,Furniture,0.0,0.0,0.0,4,Friday,8,3,2016,0,0.0,0.0,0,0.0,0.0,0.0,0.0,0.0
2016-08-27,Furniture,0.0,0.0,0.0,5,Saturday,8,3,2016,1,0.0,0.0,0,0.0,0.0,0.0,0.0,0.0
2016-08-28,Furniture,0.0,0.0,0.0,6,Sunday,8,3,2016,1,0.0,0.0,0,0.0,0.0,0.0,0.0,0.0
2016-08-29,Furniture,0.0,0.0,0.0,0,Monday,8,3,2016,0,0.0,0.0,0,0.0,0.0,0.0,0.0,0.0
2016-08-30,Furniture,0.0,0.0,0.0,1,Tuesday,8,3,2016,0,0.0,0.0,0,0.0,0.0,0.0,0.0,0.0
2016-08-31,Furniture,0.0,0.0,0.0,2,Wednesday,8,3,2016,0,0.0,0.0,0,0.0,0.0,0.0,0.0,0.0
2016-09-01,Furniture,0.0,0.0,0.0,3,Thursday,9,3,2016,0,0.0,0.0,0,0.0,0.0,0.0,0.0,0.0
2016-09-02,Furniture,244.70399999999998,0.0,0.0,4,Friday,9,3,2016,0,244.70399999999998,0.0,1,0.0,0.0,0.0,0.0,0.0
2016-09-03,Furniture,0.0,0.0,0.0,5,Saturday,9,3,2016,1,0.0,0.0,0,0.0,0.0,0.0,0.0,0.0
2016-09-04,Furniture,369.912,0.0,0.0,6,Sunday,9,3,2016,1,369.912,0.0,1,0.0,0.0,0.0,0.0,0.0
2016-09-05,Furniture,0.0,0.0,0.0,0,Monday,9,3,2016,0,0.0,0.0,0,0.0,0.0,0.0,0.0,0.0
2016-09-06,Furniture,355.36,0.0,0.0,1,Tuesday,9,3,2016,0,355.36,0.0,1,0.0,0.0,0.0,0.0,0.0
2016-09-07,Furniture,181.96,0.0,0.0,2,Wednesday,9,3,2016,0,181.96,0.0,1,0.0,0.0,0.0,0.0,0.0
2016-09-08,Furniture,1755.876,0.0,0.0,3,Thursday,9,3,2016,0,1755.876,0.0,1,0.0,0.0,0.0,0.0,0.0
2016-09-09,Furniture,0.0,0.0,0.0,4,Friday,9,3,2016,0,0.0,0.0,0,0.0,0.0,0.0,0.0,0.0
2016-09-10,Furniture,389.97,0.0,0.0,5,Saturday,9,3,2016,1,389.97,0.0,1,0.0,0.0,0.0,0.0,0.0
2016-09-11,Furniture,1024.38,0.0,0.0,6,Sunday,9,3,2016,1,1024.38,0.0,1,0.0,0.0,0.0,0.0,0.0
2016-09-12,Furniture,0.0,0.0,0.0,0,Monday,9,3,2016,0,0.0,0.0,0,0.0,0.0,0.0,0.0,0.0
2016-09-13,Furniture,0.0,0.0,0.0,1,Tuesday,9,3,2016,0,0.0,0.0,0,0.0,0.0,0.0,0.0,0.0
2016-09-14,Furniture,0.0,0.0,0.0,2,Wednesday,9,3,2016,0,0.0,0.0,0,0.0,0.0,0.0,0.0,0.0
2016-09-15,Furniture,0.0,0.0,0.0,3,Thursday,9,3,2016,0,0.0,0.0,0,0.0,0.0,0.0,0.0,0.0
2016-09-16,Furniture,0.0,0.0,0.0,4,Friday,9,3,2016,0,0.0,0.0,0,0.0,0.0,0.0,0.0,0.0
2016-09-17,Furniture,0.0,0.0,0.0,5,Saturday,9,3,2016,1,0.0,0.0,0,0.0,0.0,0.0,0.0,0.0
2016-09-18,Furniture,0.0,0.0,0.0,6,Sunday,9,3,2016,1,0.0,0.0,0,0.0,0.0,0.0,0.0,0.0
2016-09-19,Furniture,0.0,0.0,0.0,0,Monday,9,3,2016,0,0.0,0.0,0,0.0,0.0,0.0,0.0,0.0
2016-09-20,Furniture,0.0,0.0,0.0,1,Tuesday,9,3,2016,0,0.0,0.0,0,0.0,0.0,0.0,0.0,0.0
2016-09-21,Furniture,0.0,0.0,0.0,2,Wednesday,9,3,2016,0,0.0,0.0,0,0.0,0.0,0.0,0.0,0.0
2016-09-22,Furniture,0.0,0.0,0.0,3,Thursday,9,3,2016,0,0.0,0.0,0,0.0,0.0,0.0,0.0,0.0
2016-09-23,Furniture,0.0,0.0,0.0,4,Friday,9,3,2016,0,0.0,0.0,0,0.0,0.0,0.0,0.0,0.0
2016-09-24,Furniture,0.0,0.0,0.0,5,Saturday,9,3,2016,1,0.0,0.0,0,0.0,0.0,0.0,0.0,0.0
2016-09-25,Furniture,0.0,0.0,0.0,6,Sunday,9,3,2016,1,0.0,0.0,0,0.0,0.0,0.0,0.0,0.0
2016-09-26,Furniture,0.0,0.0,0.0,0,Monday,9,3,2016,0,0.0,0.0,0,0.0,0.0,0.0,0.0,0.0
2016-09-27,Furniture,0.0,0.0,0.0,1,Tuesday,9,3,2016,0,0.0,0.0,0,0.0,0.0,0.0,0.0,0.0
2016-09-28,Furniture,0.0,0.0,0.0,2,Wednesday,9,3,2016,0,0.0,0.0,0,0.0,0.0,0.0,0.0,0.0
2016-09-29,Furniture,0.0,0.0,0.0,3,Thursday,9,3,2016,0,0.0,0.0,0,0.0,0.0,0.0,0.0,0.0
2016-09-30,Furniture,0.0,0.0,0.0,4,Friday,9,3,2016,0,0.0,0.0,0,0.0,0.0,0.0,0.0,0.0
2016-10-01,Furniture,1018.104,0.0,0.0,5,Saturday,10,4,2016,1,1018.104,0.0,1,0.0,0.0,0.0,0.0,0.0
2016-10-02,Furniture,0.0,0.0,0.0,6,Sunday,10,4,2016,1,0.0,0.0,0,0.0,0.0,0.0,0.0,0.0
2016-10-03,Furniture,0.0,0.0,0.0,0,Monday,10,4,2016,0,0.0,0.0,0,0.0,0.0,0.0,0.0,0.0
2016-10-04,Furniture,0.0,0.0,0.0,1,Tuesday,10,4,2016,0,0.0,0.0,0,0.0,0.0,0.0,0.0,0.0
2016-10-05,Furniture,0.0,0.0,0.0,2,Wednesday,10,4,2016,0,0.0,0.0,0,0.0,0.0,0.0,0.0,0.0
2016-10-06,Furniture,0.0,0.0,0.0,3,Thursday,10,4,2016,0,0.0,0.0,0,0.0,0.0,0.0,0.0,0.0
2016-10-07,Furniture,0.0,0.0,0.0,4,Friday,10,4,2016,0,0.0,0.0,0,0.0,0.0,0.0,0.0,0.0
2016-10-08,Furniture,0.0,0.0,0.0,5,Saturday,10,4,2016,1,0.0,0.0,0,0.0,0.0,0.0,0.0,0.0
2016-10-09,Furniture,648.526,0.0,0.0,6,Sunday,10,4,2016,1,648.526,0.0,1,0.0,0.0,0.0,0.0,0.0
2016-10-10,Furniture,0.0,0.0,0.0,0,Monday,10,4,2016,0,0.0,0.0,0,0.0,0.0,0.0,0.0,0.0
2016-10-11,Furniture,29.22,0.0,0.0,1,Tuesday,10,4,2016,0,29.22,0.0,1,0.0,0.0,0.0,0.0,0.0
2016-10-12,Furniture,1536.8600000000001,0.0,0.0,2,Wednesday,10,4,2016,0,1536.8600000000001,0.0,1,0.0,0.0,0.0,0.0,0.0
2016-10-13,Furniture,0.0,0.0,0.0,3,Thursday,10,4,2016,0,0.0,0.0,0,0.0,0.0,0.0,0.0,0.0
2016-10-14,Furniture,0.0,0.0,0.0,4,Friday,10,4,2016,0,0.0,0.0,0,0.0,0.0,0.0,0.0,0.0
2016-10-15,Furniture,0.0,0.0,0.0,5,Saturday,10,4,2016,1,0.0,0.0,0,0.0,0.0,0.0,0.0,0.0
2016-10-16,Furniture,0.0,0.0,0.0,6,Sunday,10,4,2016,1,0.0,0.0,0,0.0,0.0,0.0,0.0,0.0
2016-10-17,Furniture,0.0,0.0,0.0,0,Monday,10,4,2016,0,0.0,0.0,0,0.0,0.0,0.0,0.0,0.0
2016-10-18,Furniture,0.0,0.0,0.0,1,Tuesday,10,4,2016,0,0.0,0.0,0,0.0,0.0,0.0,0.0,0.0
2016-10-19,Furniture,0.0,0.0,0.0,2,Wednesday,10,4,2016,0,0.0,0.0,0,0.0,0.0,0.0,0.0,0.0
2016-10-20,Furniture,0.0,0.0,0.0,3,Thursday,10,4,2016,0,0.0,0.0,0,0.0,0.0,0.0,0.0,0.0
2016-10-21,Furniture,0.0,0.0,0.0,4,Friday,10,4,2016,0,0.0,0.0,0,0.0,0.0,0.0,0.0,0.0
2016-10-22,Furniture,0.0,0.0,0.0,5,Saturday,10,4,2016,1,0.0,0.0,0,0.0,0.0,0.0,0.0,0.0
2016-10-23,Furniture,0.0,0.0,0.0,6,Sunday,10,4,2016,1,0.0,0.0,0,0.0,0.0,0.0,0.0,0.0
2016-10-24,Furniture,0.0,0.0,0.0,0,Monday,10,4,2016,0,0.0,0.0,0,0.0,0.0,0.0,0.0,0.0
2016-10-25,Furniture,0.0,0.0,0.0,1,Tuesday,10,4,2016,0,0.0,0.0,0,0.0,0.0,0.0,0.0,0.0
2016-10-26,Furniture,0.0,0.0,0.0,2,Wednesday,10,4,2016,0,0.0,0.0,0,0.0,0.0,0.0,0.0,0.0
2016-10-27,Furniture,0.0,0.0,0.0,3,Thursday,10,4,2016,0,0.0,0.0,0,0.0,0.0,0.0,0.0,0.0
2016-10-28,Furniture,0.0,0.0,0.0,4,Friday,10,4,2016,0,0.0,0.0,0,0.0,0.0,0.0,0.0,0.0
2016-10-29,Furniture,0.0,0.0,0.0,5,Saturday,10,4,2016,1,0.0,0.0,0,0.0,0.0,0.0,0.0,0.0
2016-10-30,Furniture,0.0,0.0,0.0,6,Sunday,10,4,2016,1,0.0,0.0,0,0.0,0.0,0.0,0.0,0.0
2016-10-31,Furniture,0.0,0.0,0.0,0,Monday,10,4,2016,0,0.0,0.0,0,0.0,0.0,0.0,0.0,0.0
2016-11-01,Furniture,0.0,0.0,0.0,1,Tuesday,11,4,2016,0,0.0,0.0,0,0.0,0.0,0.0,0.0,0.0
2016-11-02,Furniture,0.0,0.0,0.0,2,Wednesday,11,4,2016,0,0.0,0.0,0,0.0,0.0,0.0,0.0,0.0
2016-11-03,Furniture,0.0,0.0,0.0,3,Thursday,11,4,2016,0,0.0,0.0,0,0.0,0.0,0.0,0.0,0.0
2016-11-04,Furniture,121.888,0.0,0.0,4,Friday,11,4,2016,0,121.888,0.0,1,0.0,0.0,0.0,0.0,0.0
2016-11-05,Furniture,191.968,0.0,0.0,5,Saturday,11,4,2016,1,191.968,0.0,1,0.0,0.0,0.0,0.0,0.0
2016-11-06,Furniture,1201.7520000000002,0.0,0.0,6,Sunday,11,4,2016,1,1201.7520000000002,0.0,1,0.0,0.0,0.0,0.0,0.0
2016-11-07,Furniture,856.4680000000001,0.0,0.0,0,Monday,11,4,2016,0,856.4680000000001,0.0,1,0.0,0.0,0.0,0.0,0.0
2016-11-08,Furniture,46.152,0.0,0.0,1,Tuesday,11,4,2016,0,46.152,0.0,1,0.0,0.0,0.0,0.0,0.0
2016-11-09,Furniture,244.24,0.0,0.0,2,Wednesday,11,4,2016,0,244.24,0.0,1,0.0,0.0,0.0,0.0,0.0
2016-11-10,Furniture,957.5775,0.0,0.0,3,Thursday,11,4,2016,0,957.5775,0.0,1,0.0,0.0,0.0,0.0,0.0
2016-11-11,Furniture,0.0,0.0,0.0,4,Friday,11,4,2016,0,0.0,0.0,0,0.0,0.0,0.0,0.0,0.0
2016-11-12,Furniture,541.862,0.0,0.0,5,Saturday,11,4,2016,1,541.862,0.0,1,0.0,0.0,0.0,0.0,0.0
2016-11-13,Furniture,0.0,0.0,0.0,6,Sunday,11,4,2016,1,0.0,0.0,0,0.0,0.0,0.0,0.0,0.0
2016-11-14,Furniture,0.0,0.0,0.0,0,Monday,11,4,2016,0,0.0,0.0,0,0.0,0.0,0.0,0.0,0.0
2016-11-15,Furniture,0.0,0.0,0.0,1,Tuesday,11,4,2016,0,0.0,0.0,0,0.0,0.0,0.0,0.0,0.0
2016-11-16,Furniture,0.0,0.0,0.0,2,Wednesday,11,4,2016,0,0.0,0.0,0,0.0,0.0,0.0,0.0,0.0
2016-11-17,Furniture,0.0,0.0,0.0,3,Thursday,11,4,2016,0,0.0,0.0,0,0.0,0.0,0.0,0.0,0.0
2016-11-18,Furniture,0.0,0.0,0.0,4,Friday,11,4,2016,0,0.0,0.0,0,0.0,0.0,0.0,0.0,0.0
2016-11-19,Furniture,0.0,0.0,0.0,5,Saturday,11,4,2016,1,0.0,0.0,0,0.0,0.0,0.0,0.0,0.0
2016-11-20,Furniture,0.0,0.0,0.0,6,Sunday,11,4,2016,1,0.0,0.0,0,0.0,0.0,0.0,0.0,0.0
2016-11-21,Furniture,0.0,0.0,0.0,0,Monday,11,4,2016,0,0.0,0.0,0,0.0,0.0,0.0,0.0,0.0
2016-11-22,Furniture,0.0,0.0,0.0,1,Tuesday,11,4,2016,0,0.0,0.0,0,0.0,0.0,0.0,0.0,0.0
2016-11-23,Furniture,0.0,0.0,0.0,2,Wednesday,11,4,2016,0,0.0,0.0,0,0.0,0.0,0.0,0.0,0.0
2016-11-24,Furniture,0.0,0.0,0.0,3,Thursday,11,4,2016,0,0.0,0.0,0,0.0,0.0,0.0,0.0,0.0
2016-11-25,Furniture,0.0,0.0,0.0,4,Friday,11,4,2016,0,0.0,0.0,0,0.0,0.0,0.0,0.0,0.0
2016-11-26,Furniture,0.0,0.0,0.0,5,Saturday,11,4,2016,1,0.0,0.0,0,0.0,0.0,0.0,0.0,0.0
2016-11-27,Furniture,0.0,0.0,0.0,6,Sunday,11,4,2016,1,0.0,0.0,0,0.0,0.0,0.0,0.0,0.0
2016-11-28,Furniture,0.0,0.0,0.0,0,Monday,11,4,2016,0,0.0,0.0,0,0.0,0.0,0.0,0.0,0.0
2016-11-29,Furniture,0.0,0.0,0.0,1,Tuesday,11,4,2016,0,0.0,0.0,0,0.0,0.0,0.0,0.0,0.0
2016-11-30,Furniture,0.0,0.0,0.0,2,Wednesday,11,4,2016,0,0.0,0.0,0,0.0,0.0,0.0,0.0,0.0
2016-12-01,Furniture,0.0,0.0,0.0,3,Thursday,12,4,2016,0,0.0,0.0,0,0.0,0.0,0.0,0.0,0.0
2016-12-02,Furniture,0.0,0.0,0.0,4,Friday,12,4,2016,0,0.0,0.0,0,0.0,0.0,0.0,0.0,0.0
2016-12-03,Furniture,37.288,0.0,0.0,5,Saturday,12,4,2016,1,37.288,0.0,1,0.0,0.0,0.0,0.0,0.0
2016-12-04,Furniture,0.0,0.0,0.0,6,Sunday,12,4,2016,1,0.0,0.0,0,0.0,0.0,0.0,0.0,0.0
2016-12-05,Furniture,21.968,0.0,0.0,0,Monday,12,4,2016,0,21.968,0.0,1,0.0,0.0,0.0,0.0,0.0
2016-12-06,Furniture,43.296,0.0,0.0,1,Tuesday,12,4,2016,0,43.296,0.0,1,0.0,0.0,0.0,0.0,0.0
2016-12-07,Furniture,391.367,0.0,0.0,2,Wednesday,12,4,2016,0,391.367,0.0,1,0.0,0.0,0.0,0.0,0.0
2016-12-08,Furniture,0.0,0.0,0.0,3,Thursday,12,4,2016,0,0.0,0.0,0,0.0,0.0,0.0,0.0,0.0
2016-12-09,Furniture,0.0,0.0,0.0,4,Friday,12,4,2016,0,0.0,0.0,0,0.0,0.0,0.0,0.0,0.0
2016-12-10,Furniture,1735.158,0.0,0.0,5,Saturday,12,4,2016,1,1735.158,0.0,1,0.0,0.0,0.0,0.0,0.0
2016-12-11,Furniture,670.0559999999999,0.0,0.0,6,Sunday,12,4,2016,1,670.0559999999999,0.0,1,0.0,0.0,0.0,0.0,0.0
2016-12-12,Furniture,515.428,1.0,0.0,0,Monday,12,4,2016,0,515.428,0.0,1,0.0,0.0,0.0,0.0,0.0
2016-12-13,Furniture,0.0,0.0,0.0,1,Tuesday,12,4,2016,0,0.0,0.0,0,0.0,0.0,0.0,0.0,0.0
2016-12-14,Furniture,0.0,0.0,0.0,2,Wednesday,12,4,2016,0,0.0,0.0,0,0.0,0.0,0.0,0.0,0.0
2016-12-15,Furniture,0.0,0.0,0.0,3,Thursday,12,4,2016,0,0.0,0.0,0,0.0,0.0,0.0,0.0,0.0
2016-12-16,Furniture,0.0,0.0,0.0,4,Friday,12,4,2016,0,0.0,0.0,0,0.0,0.0,0.0,0.0,0.0
2016-12-17,Furniture,0.0,0.0,0.0,5,Saturday,12,4,2016,1,0.0,0.0,0,0.0,0.0,0.0,0.0,0.0
2016-12-18,Furniture,0.0,0.0,0.0,6,Sunday,12,4,2016,1,0.0,0.0,0,0.0,0.0,0.0,0.0,0.0
2016-12-19,Furniture,0.0,0.0,0.0,0,Monday,12,4,2016,0,0.0,0.0,0,0.0,0.0,0.0,0.0,0.0
2016-12-20,Furniture,0.0,0.0,0.0,1,Tuesday,12,4,2016,0,0.0,0.0,0,0.0,0.0,0.0,0.0,0.0
2016-12-21,Furniture,0.0,0.0,0.0,2,Wednesday,12,4,2016,0,0.0,0.0,0,0.0,0.0,0.0,0.0,0.0
2016-12-22,Furniture,0.0,0.0,0.0,3,Thursday,12,4,2016,0,0.0,0.0,0,0.0,0.0,0.0,0.0,0.0
2016-12-23,Furniture,0.0,0.0,0.0,4,Friday,12,4,2016,0,0.0,0.0,0,0.0,0.0,0.0,0.0,0.0
2016-12-24,Furniture,0.0,0.0,0.0,5,Saturday,12,4,2016,1,0.0,0.0,0,0.0,0.0,0.0,0.0,0.0
2016-12-25,Furniture,0.0,0.0,0.0,6,Sunday,12,4,2016,1,0.0,0.0,0,0.0,0.0,0.0,0.0,0.0
2016-12-26,Furniture,0.0,0.0,0.0,0,Monday,12,4,2016,0,0.0,0.0,0,0.0,0.0,0.0,0.0,0.0
2016-12-27,Furniture,0.0,0.0,0.0,1,Tuesday,12,4,2016,0,0.0,0.0,0,0.0,0.0,0.0,0.0,0.0
2016-12-28,Furniture,0.0,0.0,0.0,2,Wednesday,12,4,2016,0,0.0,0.0,0,0.0,0.0,0.0,0.0,0.0
2016-12-29,Furniture,0.0,0.0,0.0,3,Thursday,12,4,2016,0,0.0,0.0,0,0.0,0.0,0.0,0.0,0.0
2016-12-30,Furniture,0.0,0.0,0.0,4,Friday,12,4,2016,0,0.0,0.0,0,0.0,0.0,0.0,0.0,0.0
2016-12-31,Furniture,0.0,0.0,0.0,5,Saturday,12,4,2016,1,0.0,0.0,0,0.0,0.0,0.0,0.0,0.0
2017-01-01,Furniture,0.0,0.0,0.0,6,Sunday,1,1,2017,1,0.0,0.0,0,0.0,0.0,0.0,0.0,0.0
2017-01-02,Furniture,0.0,0.0,0.0,0,Monday,1,1,2017,0,0.0,0.0,0,0.0,0.0,0.0,0.0,0.0
2017-01-03,Furniture,836.592,0.0,0.0,1,Tuesday,1,1,2017,0,836.592,0.0,1,0.0,0.0,0.0,0.0,0.0
2017-01-04,Furniture,1324.532,0.0,0.0,2,Wednesday,1,1,2017,0,1324.532,0.0,1,0.0,0.0,0.0,0.0,0.0
2017-01-05,Furniture,370.62,0.0,0.0,3,Thursday,1,1,2017,0,370.62,0.0,1,0.0,0.0,0.0,0.0,0.0
2017-01-06,Furniture,0.0,0.0,0.0,4,Friday,1,1,2017,0,0.0,0.0,0,0.0,0.0,0.0,0.0,0.0
2017-01-07,Furniture,0.0,0.0,0.0,5,Saturday,1,1,2017,1,0.0,0.0,0,0.0,0.0,0.0,0.0,0.0
2017-01-08,Furniture,19.312,0.0,0.0,6,Sunday,1,1,2017,1,19.312,0.0,1,0.0,0.0,0.0,0.0,0.0
2017-01-09,Furniture,191.82,0.0,0.0,0,Monday,1,1,2017,0,191.82,0.0,1,0.0,0.0,0.0,0.0,0.0
2017-01-10,Furniture,567.2860000000001,0.0,0.0,1,Tuesday,1,1,2017,0,567.2860000000001,0.0,1,0.0,0.0,0.0,0.0,0.0
2017-01-11,Furniture,0.0,0.0,0.0,2,Wednesday,1,1,2017,0,0.0,0.0,0,0.0,0.0,0.0,0.0,0.0
2017-01-12,Furniture,1801.2649999999999,0.0,0.0,3,Thursday,1,1,2017,0,1801.2649999999999,0.0,1,0.0,0.0,0.0,0.0,0.0
2017-01-13,Furniture,0.0,0.0,0.0,4,Friday,1,1,2017,0,0.0,0.0,0,0.0,0.0,0.0,0.0,0.0
2017-01-14,Furniture,0.0,0.0,0.0,5,Saturday,1,1,2017,1,0.0,0.0,0,0.0,0.0,0.0,0.0,0.0
2017-01-15,Furniture,0.0,0.0,0.0,6,Sunday,1,1,2017,1,0.0,0.0,0,0.0,0.0,0.0,0.0,0.0
2017-01-16,Furniture,0.0,0.0,0.0,0,Monday,1,1,2017,0,0.0,0.0,0,0.0,0.0,0.0,0.0,0.0
2017-01-17,Furniture,0.0,0.0,0.0,1,Tuesday,1,1,2017,0,0.0,0.0,0,0.0,0.0,0.0,0.0,0.0
2017-01-18,Furniture,0.0,0.0,0.0,2,Wednesday,1,1,2017,0,0.0,0.0,0,0.0,0.0,0.0,0.0,0.0
2017-01-19,Furniture,0.0,0.0,0.0,3,Thursday,1,1,2017,0,0.0,0.0,0,0.0,0.0,0.0,0.0,0.0
2017-01-20,Furniture,0.0,0.0,0.0,4,Friday,1,1,2017,0,0.0,0.0,0,0.0,0.0,0.0,0.0,0.0
2017-01-21,Furniture,0.0,0.0,0.0,5,Saturday,1,1,2017,1,0.0,0.0,0,0.0,0.0,0.0,0.0,0.0
2017-01-22,Furniture,0.0,0.0,0.0,6,Sunday,1,1,2017,1,0.0,0.0,0,0.0,0.0,0.0,0.0,0.0
2017-01-23,Furniture,0.0,0.0,0.0,0,Monday,1,1,2017,0,0.0,0.0,0,0.0,0.0,0.0,0.0,0.0
2017-01-24,Furniture,0.0,0.0,0.0,1,Tuesday,1,1,2017,0,0.0,0.0,0,0.0,0.0,0.0,0.0,0.0
2017-01-25,Furniture,0.0,0.0,0.0,2,Wednesday,1,1,2017,0,0.0,0.0,0,0.0,0.0,0.0,0.0,0.0
2017-01-26,Furniture,0.0,0.0,0.0,3,Thursday,1,1,2017,0,0.0,0.0,0,0.0,0.0,0.0,0.0,0.0
2017-01-27,Furniture,0.0,0.0,0.0,4,Friday,1,1,2017,0,0.0,0.0,0,0.0,0.0,0.0,0.0,0.0
2017-01-28,Furniture,0.0,0.0,0.0,5,Saturday,1,1,2017,1,0.0,0.0,0,0.0,0.0,0.0,0.0,0.0
2017-01-29,Furniture,0.0,0.0,0.0,6,Sunday,1,1,2017,1,0.0,0.0,0,0.0,0.0,0.0,0.0,0.0
2017-01-30,Furniture,0.0,0.0,0.0,0,Monday,1,1,2017,0,0.0,0.0,0,0.0,0.0,0.0,0.0,0.0
2017-01-31,Furniture,0.0,0.0,0.0,1,Tuesday,1,1,2017,0,0.0,0.0,0,0.0,0.0,0.0,0.0,0.0
2017-02-01,Furniture,173.94,0.0,0.0,2,Wednesday,2,1,2017,0,173.94,0.0,1,0.0,0.0,0.0,0.0,0.0
2017-02-02,Furniture,92.474,0.0,0.0,3,Thursday,2,1,2017,0,92.474,0.0,1,0.0,0.0,0.0,0.0,0.0
2017-02-03,Furniture,0.0,0.0,0.0,4,Friday,2,1,2017,0,0.0,0.0,0,0.0,0.0,0.0,0.0,0.0
2017-02-04,Furniture,1454.9,0.0,0.0,5,Saturday,2,1,2017,1,1454.9,0.0,1,0.0,0.0,0.0,0.0,0.0
2017-02-05,Furniture,553.8000000000001,0.0,0.0,6,Sunday,2,1,2017,1,553.8000000000001,0.0,1,0.0,0.0,0.0,0.0,0.0
2017-02-06,Furniture,0.0,0.0,0.0,0,Monday,2,1,2017,0,0.0,0.0,0,0.0,0.0,0.0,0.0,0.0
2017-02-07,Furniture,723.6139999999999,0.0,0.0,1,Tuesday,2,1,2017,0,723.6139999999999,0.0,1,0.0,0.0,0.0,0.0,0.0
2017-02-08,Furniture,136.464,0.0,0.0,2,Wednesday,2,1,2017,0,136.464,0.0,1,0.0,0.0,0.0,0.0,0.0
2017-02-09,Furniture,1476.154,0.0,0.0,3,Thursday,2,1,2017,0,1476.154,0.0,1,0.0,0.0,0.0,0.0,0.0
2017-02-10,Furniture,0.0,0.0,0.0,4,Friday,2,1,2017,0,0.0,0.0,0,0.0,0.0,0.0,0.0,0.0
2017-02-11,Furniture,0.0,0.0,0.0,5,Saturday,2,1,2017,1,0.0,0.0,0,0.0,0.0,0.0,0.0,0.0
2017-02-12,Furniture,868.8040000000001,0.0,0.0,6,Sunday,2,1,2017,1,868.8040000000001,0.0,1,0.0,0.0,0.0,0.0,0.0
2017-02-13,Furniture,0.0,0.0,0.0,0,Monday,2,1,2017,0,0.0,0.0,0,0.0,0.0,0.0,0.0,0.0
2017-02-14,Furniture,0.0,0.0,0.0,1,Tuesday,2,1,2017,0,0.0,0.0,0,0.0,0.0,0.0,0.0,0.0
2017-02-15,Furniture,0.0,0.0,0.0,2,Wednesday,2,1,2017,0,0.0,0.0,0,0.0,0.0,0.0,0.0,0.0
2017-02-16,Furniture,0.0,0.0,0.0,3,Thursday,2,1,2017,0,0.0,0.0,0,0.0,0.0,0.0,0.0,0.0
2017-02-17,Furniture,0.0,0.0,0.0,4,Friday,2,1,2017,0,0.0,0.0,0,0.0,0.0,0.0,0.0,0.0
2017-02-18,Furniture,0.0,0.0,0.0,5,Saturday,2,1,2017,1,0.0,0.0,0,0.0,0.0,0.0,0.0,0.0
2017-02-19,Furniture,0.0,0.0,0.0,6,Sunday,2,1,2017,1,0.0,0.0,0,0.0,0.0,0.0,0.0,0.0
2017-02-20,Furniture,0.0,0.0,0.0,0,Monday,2,1,2017,0,0.0,0.0,0,0.0,0.0,0.0,0.0,0.0
2017-02-21,Furniture,0.0,0.0,0.0,1,Tuesday,2,1,2017,0,0.0,0.0,0,0.0,0.0,0.0,0.0,0.0
2017-02-22,Furniture,0.0,0.0,0.0,2,Wednesday,2,1,2017,0,0.0,0.0,0,0.0,0.0,0.0,0.0,0.0
2017-02-23,Furniture,0.0,0.0,0.0,3,Thursday,2,1,2017,0,0.0,0.0,0,0.0,0.0,0.0,0.0,0.0
2017-02-24,Furniture,0.0,0.0,0.0,4,Friday,2,1,2017,0,0.0,0.0,0,0.0,0.0,0.0,0.0,0.0
2017-02-25,Furniture,0.0,0.0,0.0,5,Saturday,2,1,2017,1,0.0,0.0,0,0.0,0.0,0.0,0.0,0.0
2017-02-26,Furniture,0.0,0.0,0.0,6,Sunday,2,1,2017,1,0.0,0.0,0,0.0,0.0,0.0,0.0,0.0
2017-02-27,Furniture,0.0,0.0,0.0,0,Monday,2,1,2017,0,0.0,0.0,0,0.0,0.0,0.0,0.0,0.0
2017-02-28,Furniture,0.0,0.0,0.0,1,Tuesday,2,1,2017,0,0.0,0.0,0,0.0,0.0,0.0,0.0,0.0
2017-03-01,Furniture,1592.85,0.0,0.0,2,Wednesday,3,1,2017,0,1592.85,0.0,1,0.0,0.0,0.0,0.0,0.0
2017-03-02,Furniture,866.4,0.0,0.0,3,Thursday,3,1,2017,0,866.4,0.0,1,0.0,0.0,0.0,0.0,0.0
2017-03-03,Furniture,1236.606,0.0,0.0,4,Friday,3,1,2017,0,1236.606,0.0,1,0.0,0.0,0.0,0.0,0.0
2017-03-04,Furniture,71.12,0.0,0.0,5,Saturday,3,1,2017,1,71.12,0.0,1,0.0,0.0,0.0,0.0,0.0
2017-03-05,Furniture,51.968,0.0,0.0,6,Sunday,3,1,2017,1,51.968,0.0,1,0.0,0.0,0.0,0.0,0.0
2017-03-06,Furniture,0.0,0.0,0.0,0,Monday,3,1,2017,0,0.0,0.0,0,0.0,0.0,0.0,0.0,0.0
2017-03-07,Furniture,0.0,0.0,0.0,1,Tuesday,3,1,2017,0,0.0,0.0,0,0.0,0.0,0.0,0.0,0.0
2017-03-08,Furniture,0.0,0.0,0.0,2,Wednesday,3,1,2017,0,0.0,0.0,0,0.0,0.0,0.0,0.0,0.0
2017-03-09,Furniture,642.396,0.0,0.0,3,Thursday,3,1,2017,0,642.396,0.0,1,0.0,0.0,0.0,0.0,0.0
2017-03-10,Furniture,1552.508,0.0,0.0,4,Friday,3,1,2017,0,1552.508,0.0,1,0.0,0.0,0.0,0.0,0.0
2017-03-11,Furniture,1554.779,0.0,0.0,5,Saturday,3,1,2017,1,1554.779,0.0,1,0.0,0.0,0.0,0.0,0.0
2017-03-12,Furniture,2140.888,0.0,0.0,6,Sunday,3,1,2017,1,2140.888,0.0,1,0.0,0.0,0.0,0.0,0.0
2017-03-13,Furniture,0.0,0.0,0.0,0,Monday,3,1,2017,0,0.0,0.0,0,0.0,0.0,0.0,0.0,0.0
2017-03-14,Furniture,0.0,0.0,0.0,1,Tuesday,3,1,2017,0,0.0,0.0,0,0.0,0.0,0.0,0.0,0.0
2017-03-15,Furniture,0.0,0.0,0.0,2,Wednesday,3,1,2017,0,0.0,0.0,0,0.0,0.0,0.0,0.0,0.0
2017-03-16,Furniture,0.0,0.0,0.0,3,Thursday,3,1,2017,0,0.0,0.0,0,0.0,0.0,0.0,0.0,0.0
2017-03-17,Furniture,0.0,0.0,0.0,4,Friday,3,1,2017,0,0.0,0.0,0,0.0,0.0,0.0,0.0,0.0
2017-03-18,Furniture,0.0,0.0,0.0,5,Saturday,3,1,2017,1,0.0,0.0,0,0.0,0.0,0.0,0.0,0.0
2017-03-19,Furniture,0.0,0.0,0.0,6,Sunday,3,1,2017,1,0.0,0.0,0,0.0,0.0,0.0,0.0,0.0
2017-03-20,Furniture,0.0,0.0,0.0,0,Monday,3,1,2017,0,0.0,0.0,0,0.0,0.0,0.0,0.0,0.0
2017-03-21,Furniture,0.0,0.0,0.0,1,Tuesday,3,1,2017,0,0.0,0.0,0,0.0,0.0,0.0,0.0,0.0
2017-03-22,Furniture,0.0,0.0,0.0,2,Wednesday,3,1,2017,0,0.0,0.0,0,0.0,0.0,0.0,0.0,0.0
2017-03-23,Furniture,0.0,0.0,0.0,3,Thursday,3,1,2017,0,0.0,0.0,0,0.0,0.0,0.0,0.0,0.0
2017-03-24,Furniture,0.0,0.0,0.0,4,Friday,3,1,2017,0,0.0,0.0,0,0.0,0.0,0.0,0.0,0.0
2017-03-25,Furniture,0.0,0.0,0.0,5,Saturday,3,1,2017,1,0.0,0.0,0,0.0,0.0,0.0,0.0,0.0
2017-03-26,Furniture,0.0,0.0,0.0,6,Sunday,3,1,2017,1,0.0,0.0,0,0.0,0.0,0.0,0.0,0.0
2017-03-27,Furniture,0.0,0.0,0.0,0,Monday,3,1,2017,0,0.0,0.0,0,0.0,0.0,0.0,0.0,0.0
2017-03-28,Furniture,0.0,0.0,0.0,1,Tuesday,3,1,2017,0,0.0,0.0,0,0.0,0.0,0.0,0.0,0.0
2017-03-29,Furniture,0.0,0.0,0.0,2,Wednesday,3,1,2017,0,0.0,0.0,0,0.0,0.0,0.0,0.0,0.0
2017-03-30,Furniture,0.0,0.0,0.0,3,Thursday,3,1,2017,0,0.0,0.0,0,0.0,0.0,0.0,0.0,0.0
2017-03-31,Furniture,0.0,0.0,0.0,4,Friday,3,1,2017,0,0.0,0.0,0,0.0,0.0,0.0,0.0,0.0
2017-04-01,Furniture,0.0,0.0,0.0,5,Saturday,4,2,2017,1,0.0,0.0,0,0.0,0.0,0.0,0.0,0.0
2017-04-02,Furniture,14.368,0.0,0.0,6,Sunday,4,2,2017,1,14.368,0.0,1,0.0,0.0,0.0,0.0,0.0
2017-04-03,Furniture,0.0,0.0,0.0,0,Monday,4,2,2017,0,0.0,0.0,0,0.0,0.0,0.0,0.0,0.0
2017-04-04,Furniture,82.64,0.0,0.0,1,Tuesday,4,2,2017,0,82.64,0.0,1,0.0,0.0,0.0,0.0,0.0
2017-04-05,Furniture,0.0,0.0,0.0,2,Wednesday,4,2,2017,0,0.0,0.0,0,0.0,0.0,0.0,0.0,0.0
2017-04-06,Furniture,810.5409999999999,0.0,0.0,3,Thursday,4,2,2017,0,810.5409999999999,0.0,1,0.0,0.0,0.0,0.0,0.0
2017-04-07,Furniture,1329.9650000000001,0.0,0.0,4,Friday,4,2,2017,0,1329.9650000000001,0.0,1,0.0,0.0,0.0,0.0,0.0
2017-04-08,Furniture,109.8,0.0,0.0,5,Saturday,4,2,2017,1,109.8,0.0,1,0.0,0.0,0.0,0.0,0.0
2017-04-09,Furniture,106.53999999999999,0.0,0.0,6,Sunday,4,2,2017,1,106.53999999999999,0.0,1,0.0,0.0,0.0,0.0,0.0
2017-04-10,Furniture,250.94000000000003,0.0,0.0,0,Monday,4,2,2017,0,250.94000000000003,0.0,1,0.0,0.0,0.0,0.0,0.0
2017-04-11,Furniture,2007.59,0.0,0.0,1,Tuesday,4,2,2017,0,2007.59,0.0,1,0.0,0.0,0.0,0.0,0.0
2017-04-12,Furniture,113.79,0.0,0.0,2,Wednesday,4,2,2017,0,113.79,0.0,1,0.0,0.0,0.0,0.0,0.0
2017-04-13,Furniture,0.0,0.0,0.0,3,Thursday,4,2,2017,0,0.0,0.0,0,0.0,0.0,0.0,0.0,0.0
2017-04-14,Furniture,0.0,0.0,0.0,4,Friday,4,2,2017,0,0.0,0.0,0,0.0,0.0,0.0,0.0,0.0
2017-04-15,Furniture,0.0,0.0,0.0,5,Saturday,4,2,2017,1,0.0,0.0,0,0.0,0.0,0.0,0.0,0.0
2017-04-16,Furniture,0.0,0.0,0.0,6,Sunday,4,2,2017,1,0.0,0.0,0,0.0,0.0,0.0,0.0,0.0
2017-04-17,Furniture,0.0,0.0,0.0,0,Monday,4,2,2017,0,0.0,0.0,0,0.0,0.0,0.0,0.0,0.0
2017-04-18,Furniture,0.0,0.0,0.0,1,Tuesday,4,2,2017,0,0.0,0.0,0,0.0,0.0,0.0,0.0,0.0
2017-04-19,Furniture,0.0,0.0,0.0,2,Wednesday,4,2,2017,0,0.0,0.0,0,0.0,0.0,0.0,0.0,0.0
2017-04-20,Furniture,0.0,0.0,0.0,3,Thursday,4,2,2017,0,0.0,0.0,0,0.0,0.0,0.0,0.0,0.0
2017-04-21,Furniture,0.0,0.0,0.0,4,Friday,4,2,2017,0,0.0,0.0,0,0.0,0.0,0.0,0.0,0.0
2017-04-22,Furniture,0.0,0.0,0.0,5,Saturday,4,2,2017,1,0.0,0.0,0,0.0,0.0,0.0,0.0,0.0
2017-04-23,Furniture,0.0,0.0,0.0,6,Sunday,4,2,2017,1,0.0,0.0,0,0.0,0.0,0.0,0.0,0.0
2017-04-24,Furniture,0.0,0.0,0.0,0,Monday,4,2,2017,0,0.0,0.0,0,0.0,0.0,0.0,0.0,0.0
2017-04-25,Furniture,0.0,0.0,0.0,1,Tuesday,4,2,2017,0,0.0,0.0,0,0.0,0.0,0.0,0.0,0.0
2017-04-26,Furniture,0.0,0.0,0.0,2,Wednesday,4,2,2017,0,0.0,0.0,0,0.0,0.0,0.0,0.0,0.0
2017-04-27,Furniture,0.0,0.0,0.0,3,Thursday,4,2,2017,0,0.0,0.0,0,0.0,0.0,0.0,0.0,0.0
2017-04-28,Furniture,0.0,0.0,0.0,4,Friday,4,2,2017,0,0.0,0.0,0,0.0,0.0,0.0,0.0,0.0
2017-04-29,Furniture,0.0,0.0,0.0,5,Saturday,4,2,2017,1,0.0,0.0,0,0.0,0.0,0.0,0.0,0.0
2017-04-30,Furniture,0.0,0.0,0.0,6,Sunday,4,2,2017,1,0.0,0.0,0,0.0,0.0,0.0,0.0,0.0
2017-05-01,Furniture,0.0,0.0,0.0,0,Monday,5,2,2017,0,0.0,0.0,0,0.0,0.0,0.0,0.0,0.0
2017-05-02,Furniture,816.548,0.0,0.0,1,Tuesday,5,2,2017,0,816.548,0.0,1,0.0,0.0,0.0,0.0,0.0
2017-05-03,Furniture,0.0,0.0,0.0,2,Wednesday,5,2,2017,0,0.0,0.0,0,0.0,0.0,0.0,0.0,0.0
2017-05-04,Furniture,0.0,0.0,0.0,3,Thursday,5,2,2017,0,0.0,0.0,0,0.0,0.0,0.0,0.0,0.0
2017-05-05,Furniture,2072.464,0.0,0.0,4,Friday,5,2,2017,0,2072.464,0.0,1,0.0,0.0,0.0,0.0,0.0
2017-05-06,Furniture,0.0,0.0,0.0,5,Saturday,5,2,2017,1,0.0,0.0,0,0.0,0.0,0.0,0.0,0.0
2017-05-07,Furniture,0.0,0.0,0.0,6,Sunday,5,2,2017,1,0.0,0.0,0,0.0,0.0,0.0,0.0,0.0
2017-05-08,Furniture,0.0,0.0,0.0,0,Monday,5,2,2017,0,0.0,0.0,0,0.0,0.0,0.0,0.0,0.0
2017-05-09,Furniture,3461.917,0.0,0.0,1,Tuesday,5,2,2017,0,3461.917,0.0,1,0.0,0.0,0.0,0.0,0.0
2017-05-10,Furniture,0.0,0.0,0.0,2,Wednesday,5,2,2017,0,0.0,0.0,0,0.0,0.0,0.0,0.0,0.0
2017-05-11,Furniture,2964.4408,1.0,0.0,3,Thursday,5,2,2017,0,2964.4408,0.0,1,0.0,0.0,0.0,0.0,0.0
2017-05-12,Furniture,2225.6,0.0,0.0,4,Friday,5,2,2017,0,2225.6,0.0,1,0.0,0.0,0.0,0.0,0.0
2017-05-13,Furniture,0.0,0.0,0.0,5,Saturday,5,2,2017,1,0.0,0.0,0,0.0,0.0,0.0,0.0,0.0
2017-05-14,Furniture,0.0,0.0,0.0,6,Sunday,5,2,2017,1,0.0,0.0,0,0.0,0.0,0.0,0.0,0.0
2017-05-15,Furniture,0.0,0.0,0.0,0,Monday,5,2,2017,0,0.0,0.0,0,0.0,0.0,0.0,0.0,0.0
2017-05-16,Furniture,0.0,0.0,0.0,1,Tuesday,5,2,2017,0,0.0,0.0,0,0.0,0.0,0.0,0.0,0.0
2017-05-17,Furniture,0.0,0.0,0.0,2,Wednesday,5,2,2017,0,0.0,0.0,0,0.0,0.0,0.0,0.0,0.0
2017-05-18,Furniture,0.0,0.0,0.0,3,Thursday,5,2,2017,0,0.0,0.0,0,0.0,0.0,0.0,0.0,0.0
2017-05-19,Furniture,0.0,0.0,0.0,4,Friday,5,2,2017,0,0.0,0.0,0,0.0,0.0,0.0,0.0,0.0
2017-05-20,Furniture,0.0,0.0,0.0,5,Saturday,5,2,2017,1,0.0,0.0,0,0.0,0.0,0.0,0.0,0.0
2017-05-21,Furniture,0.0,0.0,0.0,6,Sunday,5,2,2017,1,0.0,0.0,0,0.0,0.0,0.0,0.0,0.0
2017-05-22,Furniture,0.0,0.0,0.0,0,Monday,5,2,2017,0,0.0,0.0,0,0.0,0.0,0.0,0.0,0.0
2017-05-23,Furniture,0.0,0.0,0.0,1,Tuesday,5,2,2017,0,0.0,0.0,0,0.0,0.0,0.0,0.0,0.0
2017-05-24,Furniture,0.0,0.0,0.0,2,Wednesday,5,2,2017,0,0.0,0.0,0,0.0,0.0,0.0,0.0,0.0
2017-05-25,Furniture,0.0,0.0,0.0,3,Thursday,5,2,2017,0,0.0,0.0,0,0.0,0.0,0.0,0.0,0.0
2017-05-26,Furniture,0.0,0.0,0.0,4,Friday,5,2,2017,0,0.0,0.0,0,0.0,0.0,0.0,0.0,0.0
2017-05-27,Furniture,0.0,0.0,0.0,5,Saturday,5,2,2017,1,0.0,0.0,0,0.0,0.0,0.0,0.0,0.0
2017-05-28,Furniture,0.0,0.0,0.0,6,Sunday,5,2,2017,1,0.0,0.0,0,0.0,0.0,0.0,0.0,0.0
2017-05-29,Furniture,0.0,0.0,0.0,0,Monday,5,2,2017,0,0.0,0.0,0,0.0,0.0,0.0,0.0,0.0
2017-05-30,Furniture,0.0,0.0,0.0,1,Tuesday,5,2,2017,0,0.0,0.0,0,0.0,0.0,0.0,0.0,0.0
2017-05-31,Furniture,0.0,0.0,0.0,2,Wednesday,5,2,2017,0,0.0,0.0,0,0.0,0.0,0.0,0.0,0.0
2017-06-01,Furniture,0.0,0.0,0.0,3,Thursday,6,2,2017,0,0.0,0.0,0,0.0,0.0,0.0,0.0,0.0
2017-06-02,Furniture,132.224,0.0,0.0,4,Friday,6,2,2017,0,132.224,0.0,1,0.0,0.0,0.0,0.0,0.0
2017-06-03,Furniture,305.02,0.0,0.0,5,Saturday,6,2,2017,1,305.02,0.0,1,0.0,0.0,0.0,0.0,0.0
2017-06-04,Furniture,0.0,0.0,0.0,6,Sunday,6,2,2017,1,0.0,0.0,0,0.0,0.0,0.0,0.0,0.0
2017-06-05,Furniture,96.31200000000001,0.0,0.0,0,Monday,6,2,2017,0,96.31200000000001,0.0,1,0.0,0.0,0.0,0.0,0.0
2017-06-06,Furniture,0.0,0.0,0.0,1,Tuesday,6,2,2017,0,0.0,0.0,0,0.0,0.0,0.0,0.0,0.0
2017-06-07,Furniture,0.0,0.0,0.0,2,Wednesday,6,2,2017,0,0.0,0.0,0,0.0,0.0,0.0,0.0,0.0
2017-06-08,Furniture,0.0,0.0,0.0,3,Thursday,6,2,2017,0,0.0,0.0,0,0.0,0.0,0.0,0.0,0.0
2017-06-09,Furniture,722.352,0.0,0.0,4,Friday,6,2,2017,0,722.352,0.0,1,0.0,0.0,0.0,0.0,0.0
2017-06-10,Furniture,0.0,0.0,0.0,5,Saturday,6,2,2017,1,0.0,0.0,0,0.0,0.0,0.0,0.0,0.0
2017-06-11,Furniture,563.5360000000001,0.0,0.0,6,Sunday,6,2,2017,1,563.5360000000001,0.0,1,0.0,0.0,0.0,0.0,0.0
2017-06-12,Furniture,0.0,0.0,0.0,0,Monday,6,2,2017,0,0.0,0.0,0,0.0,0.0,0.0,0.0,0.0
2017-06-13,Furniture,0.0,0.0,0.0,1,Tuesday,6,2,2017,0,0.0,0.0,0,0.0,0.0,0.0,0.0,0.0
2017-06-14,Furniture,0.0,0.0,0.0,2,Wednesday,6,2,2017,0,0.0,0.0,0,0.0,0.0,0.0,0.0,0.0
2017-06-15,Furniture,0.0,0.0,0.0,3,Thursday,6,2,2017,0,0.0,0.0,0,0.0,0.0,0.0,0.0,0.0
2017-06-16,Furniture,0.0,0.0,0.0,4,Friday,6,2,2017,0,0.0,0.0,0,0.0,0.0,0.0,0.0,0.0
2017-06-17,Furniture,0.0,0.0,0.0,5,Saturday,6,2,2017,1,0.0,0.0,0,0.0,0.0,0.0,0.0,0.0
2017-06-18,Furniture,0.0,0.0,0.0,6,Sunday,6,2,2017,1,0.0,0.0,0,0.0,0.0,0.0,0.0,0.0
2017-06-19,Furniture,0.0,0.0,0.0,0,Monday,6,2,2017,0,0.0,0.0,0,0.0,0.0,0.0,0.0,0.0
2017-06-20,Furniture,0.0,0.0,0.0,1,Tuesday,6,2,2017,0,0.0,0.0,0,0.0,0.0,0.0,0.0,0.0
2017-06-21,Furniture,0.0,0.0,0.0,2,Wednesday,6,2,2017,0,0.0,0.0,0,0.0,0.0,0.0,0.0,0.0
2017-06-22,Furniture,0.0,0.0,0.0,3,Thursday,6,2,2017,0,0.0,0.0,0,0.0,0.0,0.0,0.0,0.0
2017-06-23,Furniture,0.0,0.0,0.0,4,Friday,6,2,2017,0,0.0,0.0,0,0.0,0.0,0.0,0.0,0.0
2017-06-24,Furniture,0.0,0.0,0.0,5,Saturday,6,2,2017,1,0.0,0.0,0,0.0,0.0,0.0,0.0,0.0
2017-06-25,Furniture,0.0,0.0,0.0,6,Sunday,6,2,2017,1,0.0,0.0,0,0.0,0.0,0.0,0.0,0.0
2017-06-26,Furniture,0.0,0.0,0.0,0,Monday,6,2,2017,0,0.0,0.0,0,0.0,0.0,0.0,0.0,0.0
2017-06-27,Furniture,0.0,0.0,0.0,1,Tuesday,6,2,2017,0,0.0,0.0,0,0.0,0.0,0.0,0.0,0.0
2017-06-28,Furniture,0.0,0.0,0.0,2,Wednesday,6,2,2017,0,0.0,0.0,0,0.0,0.0,0.0,0.0,0.0
2017-06-29,Furniture,0.0,0.0,0.0,3,Thursday,6,2,2017,0,0.0,0.0,0,0.0,0.0,0.0,0.0,0.0
2017-06-30,Furniture,0.0,0.0,0.0,4,Friday,6,2,2017,0,0.0,0.0,0,0.0,0.0,0.0,0.0,0.0
2017-07-01,Furniture,23.076,0.0,0.0,5,Saturday,7,3,2017,1,23.076,0.0,1,0.0,0.0,0.0,0.0,0.0
2017-07-02,Furniture,0.0,0.0,0.0,6,Sunday,7,3,2017,1,0.0,0.0,0,0.0,0.0,0.0,0.0,0.0
2017-07-03,Furniture,0.0,0.0,0.0,0,Monday,7,3,2017,0,0.0,0.0,0,0.0,0.0,0.0,0.0,0.0
2017-07-04,Furniture,658.746,0.0,0.0,1,Tuesday,7,3,2017,0,658.746,0.0,1,0.0,0.0,0.0,0.0,0.0
2017-07-05,Furniture,506.444,0.0,0.0,2,Wednesday,7,3,2017,0,506.444,0.0,1,0.0,0.0,0.0,0.0,0.0
2017-07-06,Furniture,0.0,0.0,0.0,3,Thursday,7,3,2017,0,0.0,0.0,0,0.0,0.0,0.0,0.0,0.0
2017-07-07,Furniture,817.278,0.0,0.0,4,Friday,7,3,2017,0,817.278,0.0,1,0.0,0.0,0.0,0.0,0.0
2017-07-08,Furniture,0.0,0.0,0.0,5,Saturday,7,3,2017,1,0.0,0.0,0,0.0,0.0,0.0,0.0,0.0
2017-07-09,Furniture,0.0,0.0,0.0,6,Sunday,7,3,2017,1,0.0,0.0,0,0.0,0.0,0.0,0.0,0.0
2017-07-10,Furniture,0.0,0.0,0.0,0,Monday,7,3,2017,0,0.0,0.0,0,0.0,0.0,0.0,0.0,0.0
2017-07-11,Furniture,1662.416,0.0,0.0,1,Tuesday,7,3,2017,0,1662.416,0.0,1,0.0,0.0,0.0,0.0,0.0
2017-07-12,Furniture,0.0,0.0,0.0,2,Wednesday,7,3,2017,0,0.0,0.0,0,0.0,0.0,0.0,0.0,0.0
2017-07-13,Furniture,0.0,0.0,0.0,3,Thursday,7,3,2017,0,0.0,0.0,0,0.0,0.0,0.0,0.0,0.0
2017-07-14,Furniture,0.0,0.0,0.0,4,Friday,7,3,2017,0,0.0,0.0,0,0.0,0.0,0.0,0.0,0.0
2017-07-15,Furniture,0.0,0.0,0.0,5,Saturday,7,3,2017,1,0.0,0.0,0,0.0,0.0,0.0,0.0,0.0
2017-07-16,Furniture,0.0,0.0,0.0,6,Sunday,7,3,2017,1,0.0,0.0,0,0.0,0.0,0.0,0.0,0.0
2017-07-17,Furniture,0.0,0.0,0.0,0,Monday,7,3,2017,0,0.0,0.0,0,0.0,0.0,0.0,0.0,0.0
2017-07-18,Furniture,0.0,0.0,0.0,1,Tuesday,7,3,2017,0,0.0,0.0,0,0.0,0.0,0.0,0.0,0.0
2017-07-19,Furniture,0.0,0.0,0.0,2,Wednesday,7,3,2017,0,0.0,0.0,0,0.0,0.0,0.0,0.0,0.0
2017-07-20,Furniture,0.0,0.0,0.0,3,Thursday,7,3,2017,0,0.0,0.0,0,0.0,0.0,0.0,0.0,0.0
2017-07-21,Furniture,0.0,0.0,0.0,4,Friday,7,3,2017,0,0.0,0.0,0,0.0,0.0,0.0,0.0,0.0
2017-07-22,Furniture,0.0,0.0,0.0,5,Saturday,7,3,2017,1,0.0,0.0,0,0.0,0.0,0.0,0.0,0.0
2017-07-23,Furniture,0.0,0.0,0.0,6,Sunday,7,3,2017,1,0.0,0.0,0,0.0,0.0,0.0,0.0,0.0
2017-07-24,Furniture,0.0,0.0,0.0,0,Monday,7,3,2017,0,0.0,0.0,0,0.0,0.0,0.0,0.0,0.0
2017-07-25,Furniture,0.0,0.0,0.0,1,Tuesday,7,3,2017,0,0.0,0.0,0,0.0,0.0,0.0,0.0,0.0
2017-07-26,Furniture,0.0,0.0,0.0,2,Wednesday,7,3,2017,0,0.0,0.0,0,0.0,0.0,0.0,0.0,0.0
2017-07-27,Furniture,0.0,0.0,0.0,3,Thursday,7,3,2017,0,0.0,0.0,0,0.0,0.0,0.0,0.0,0.0
2017-07-28,Furniture,0.0,0.0,0.0,4,Friday,7,3,2017,0,0.0,0.0,0,0.0,0.0,0.0,0.0,0.0
2017-07-29,Furniture,0.0,0.0,0.0,5,Saturday,7,3,2017,1,0.0,0.0,0,0.0,0.0,0.0,0.0,0.0
2017-07-30,Furniture,0.0,0.0,0.0,6,Sunday,7,3,2017,1,0.0,0.0,0,0.0,0.0,0.0,0.0,0.0
2017-07-31,Furniture,0.0,0.0,0.0,0,Monday,7,3,2017,0,0.0,0.0,0,0.0,0.0,0.0,0.0,0.0
2017-08-01,Furniture,1565.88,0.0,0.0,1,Tuesday,8,3,2017,0,1565.88,0.0,1,0.0,0.0,0.0,0.0,0.0
2017-08-02,Furniture,241.5,0.0,0.0,2,Wednesday,8,3,2017,0,241.5,0.0,1,0.0,0.0,0.0,0.0,0.0
2017-08-03,Furniture,215.95999999999998,0.0,0.0,3,Thursday,8,3,2017,0,215.95999999999998,0.0,1,0.0,0.0,0.0,0.0,0.0
2017-08-04,Furniture,1024.2079999999999,0.0,0.0,4,Friday,8,3,2017,0,1024.2079999999999,0.0,1,0.0,0.0,0.0,0.0,0.0
2017-08-05,Furniture,211.96,0.0,0.0,5,Saturday,8,3,2017,1,211.96,0.0,1,0.0,0.0,0.0,0.0,0.0
2017-08-06,Furniture,0.0,0.0,0.0,6,Sunday,8,3,2017,1,0.0,0.0,0,0.0,0.0,0.0,0.0,0.0
2017-08-07,Furniture,662.88,0.0,0.0,0,Monday,8,3,2017,0,662.88,0.0,1,0.0,0.0,0.0,0.0,0.0
2017-08-08,Furniture,513.024,0.0,0.0,1,Tuesday,8,3,2017,0,513.024,0.0,1,0.0,0.0,0.0,0.0,0.0
2017-08-09,Furniture,3374.9816,0.0,0.0,2,Wednesday,8,3,2017,0,3374.9816,0.0,1,0.0,0.0,0.0,0.0,0.0
2017-08-10,Furniture,51.712,0.0,0.0,3,Thursday,8,3,2017,0,51.712,0.0,1,0.0,0.0,0.0,0.0,0.0
2017-08-11,Furniture,993.9000000000001,0.0,0.0,4,Friday,8,3,2017,0,993.9000000000001,0.0,1,0.0,0.0,0.0,0.0,0.0
2017-08-12,Furniture,2698.454,0.0,0.0,5,Saturday,8,3,2017,1,2698.454,0.0,1,0.0,0.0,0.0,0.0,0.0
2017-08-13,Furniture,0.0,0.0,0.0,6,Sunday,8,3,2017,1,0.0,0.0,0,0.0,0.0,0.0,0.0,0.0
2017-08-14,Furniture,0.0,0.0,0.0,0,Monday,8,3,2017,0,0.0,0.0,0,0.0,0.0,0.0,0.0,0.0
2017-08-15,Furniture,0.0,0.0,0.0,1,Tuesday,8,3,2017,0,0.0,0.0,0,0.0,0.0,0.0,0.0,0.0
2017-08-16,Furniture,0.0,0.0,0.0,2,Wednesday,8,3,2017,0,0.0,0.0,0,0.0,0.0,0.0,0.0,0.0
2017-08-17,Furniture,0.0,0.0,0.0,3,Thursday,8,3,2017,0,0.0,0.0,0,0.0,0.0,0.0,0.0,0.0
2017-08-18,Furniture,0.0,0.0,0.0,4,Friday,8,3,2017,0,0.0,0.0,0,0.0,0.0,0.0,0.0,0.0
2017-08-19,Furniture,0.0,0.0,0.0,5,Saturday,8,3,2017,1,0.0,0.0,0,0.0,0.0,0.0,0.0,0.0
2017-08-20,Furniture,0.0,0.0,0.0,6,Sunday,8,3,2017,1,0.0,0.0,0,0.0,0.0,0.0,0.0,0.0
2017-08-21,Furniture,0.0,0.0,0.0,0,Monday,8,3,2017,0,0.0,0.0,0,0.0,0.0,0.0,0.0,0.0
2017-08-22,Furniture,0.0,0.0,0.0,1,Tuesday,8,3,2017,0,0.0,0.0,0,0.0,0.0,0.0,0.0,0.0
2017-08-23,Furniture,0.0,0.0,0.0,2,Wednesday,8,3,2017,0,0.0,0.0,0,0.0,0.0,0.0,0.0,0.0
2017-08-24,Furniture,0.0,0.0,0.0,3,Thursday,8,3,2017,0,0.0,0.0,0,0.0,0.0,0.0,0.0,0.0
2017-08-25,Furniture,0.0,0.0,0.0,4,Friday,8,3,2017,0,0.0,0.0,0,0.0,0.0,0.0,0.0,0.0
2017-08-26,Furniture,0.0,0.0,0.0,5,Saturday,8,3,2017,1,0.0,0.0,0,0.0,0.0,0.0,0.0,0.0
2017-08-27,Furniture,0.0,0.0,0.0,6,Sunday,8,3,2017,1,0.0,0.0,0,0.0,0.0,0.0,0.0,0.0
2017-08-28,Furniture,0.0,0.0,0.0,0,Monday,8,3,2017,0,0.0,0.0,0,0.0,0.0,0.0,0.0,0.0
2017-08-29,Furniture,0.0,0.0,0.0,1,Tuesday,8,3,2017,0,0.0,0.0,0,0.0,0.0,0.0,0.0,0.0
2017-08-30,Furniture,0.0,0.0,0.0,2,Wednesday,8,3,2017,0,0.0,0.0,0,0.0,0.0,0.0,0.0,0.0
2017-08-31,Furniture,0.0,0.0,0.0,3,Thursday,8,3,2017,0,0.0,0.0,0,0.0,0.0,0.0,0.0,0.0
2017-09-01,Furniture,15.168,1.0,0.0,4,Friday,9,3,2017,0,15.168,0.0,1,0.0,0.0,0.0,0.0,0.0
2017-09-02,Furniture,0.0,0.0,0.0,5,Saturday,9,3,2017,1,0.0,0.0,0,0.0,0.0,0.0,0.0,0.0
2017-09-03,Furniture,354.9,0.0,0.0,6,Sunday,9,3,2017,1,354.9,0.0,1,0.0,0.0,0.0,0.0,0.0
2017-09-04,Furniture,556.665,0.0,0.0,0,Monday,9,3,2017,0,556.665,0.0,1,0.0,0.0,0.0,0.0,0.0
2017-09-05,Furniture,0.0,0.0,0.0,1,Tuesday,9,3,2017,0,0.0,0.0,0,0.0,0.0,0.0,0.0,0.0
2017-09-06,Furniture,815.292,0.0,0.0,2,Wednesday,9,3,2017,0,815.292,0.0,1,0.0,0.0,0.0,0.0,0.0
2017-09-07,Furniture,573.286,0.0,0.0,3,Thursday,9,3,2017,0,573.286,0.0,1,0.0,0.0,0.0,0.0,0.0
2017-09-08,Furniture,0.0,0.0,0.0,4,Friday,9,3,2017,0,0.0,0.0,0,0.0,0.0,0.0,0.0,0.0
2017-09-09,Furniture,15.008,0.0,0.0,5,Saturday,9,3,2017,1,15.008,0.0,1,0.0,0.0,0.0,0.0,0.0
2017-09-10,Furniture,502.4,0.0,0.0,6,Sunday,9,3,2017,1,502.4,0.0,1,0.0,0.0,0.0,0.0,0.0
2017-09-11,Furniture,0.0,0.0,0.0,0,Monday,9,3,2017,0,0.0,0.0,0,0.0,0.0,0.0,0.0,0.0
2017-09-12,Furniture,1136.8339999999998,0.0,0.0,1,Tuesday,9,3,2017,0,1136.8339999999998,0.0,1,0.0,0.0,0.0,0.0,0.0
2017-09-13,Furniture,0.0,0.0,0.0,2,Wednesday,9,3,2017,0,0.0,0.0,0,0.0,0.0,0.0,0.0,0.0
2017-09-14,Furniture,0.0,0.0,0.0,3,Thursday,9,3,2017,0,0.0,0.0,0,0.0,0.0,0.0,0.0,0.0
2017-09-15,Furniture,0.0,0.0,0.0,4,Friday,9,3,2017,0,0.0,0.0,0,0.0,0.0,0.0,0.0,0.0
2017-09-16,Furniture,0.0,0.0,0.0,5,Saturday,9,3,2017,1,0.0,0.0,0,0.0,0.0,0.0,0.0,0.0
2017-09-17,Furniture,0.0,0.0,0.0,6,Sunday,9,3,2017,1,0.0,0.0,0,0.0,0.0,0.0,0.0,0.0
2017-09-18,Furniture,0.0,0.0,0.0,0,Monday,9,3,2017,0,0.0,0.0,0,0.0,0.0,0.0,0.0,0.0
2017-09-19,Furniture,0.0,0.0,0.0,1,Tuesday,9,3,2017,0,0.0,0.0,0,0.0,0.0,0.0,0.0,0.0
2017-09-20,Furniture,0.0,0.0,0.0,2,Wednesday,9,3,2017,0,0.0,0.0,0,0.0,0.0,0.0,0.0,0.0
2017-09-21,Furniture,0.0,0.0,0.0,3,Thursday,9,3,2017,0,0.0,0.0,0,0.0,0.0,0.0,0.0,0.0
2017-09-22,Furniture,0.0,0.0,0.0,4,Friday,9,3,2017,0,0.0,0.0,0,0.0,0.0,0.0,0.0,0.0
2017-09-23,Furniture,0.0,0.0,0.0,5,Saturday,9,3,2017,1,0.0,0.0,0,0.0,0.0,0.0,0.0,0.0
2017-09-24,Furniture,0.0,0.0,0.0,6,Sunday,9,3,2017,1,0.0,0.0,0,0.0,0.0,0.0,0.0,0.0
2017-09-25,Furniture,0.0,0.0,0.0,0,Monday,9,3,2017,0,0.0,0.0,0,0.0,0.0,0.0,0.0,0.0
2017-09-26,Furniture,0.0,0.0,0.0,1,Tuesday,9,3,2017,0,0.0,0.0,0,0.0,0.0,0.0,0.0,0.0
2017-09-27,Furniture,0.0,0.0,0.0,2,Wednesday,9,3,2017,0,0.0,0.0,0,0.0,0.0,0.0,0.0,0.0
2017-09-28,Furniture,0.0,0.0,0.0,3,Thursday,9,3,2017,0,0.0,0.0,0,0.0,0.0,0.0,0.0,0.0
2017-09-29,Furniture,0.0,0.0,0.0,4,Friday,9,3,2017,0,0.0,0.0,0,0.0,0.0,0.0,0.0,0.0
2017-09-30,Furniture,0.0,0.0,0.0,5,Saturday,9,3,2017,1,0.0,0.0,0,0.0,0.0,0.0,0.0,0.0
2017-10-01,Furniture,104.77000000000001,0.0,0.0,6,Sunday,10,4,2017,1,104.77000000000001,0.0,1,0.0,0.0,0.0,0.0,0.0
2017-10-02,Furniture,0.0,0.0,0.0,0,Monday,10,4,2017,0,0.0,0.0,0,0.0,0.0,0.0,0.0,0.0
2017-10-03,Furniture,176.784,0.0,0.0,1,Tuesday,10,4,2017,0,176.784,0.0,1,0.0,0.0,0.0,0.0,0.0
2017-10-04,Furniture,0.0,0.0,0.0,2,Wednesday,10,4,2017,0,0.0,0.0,0,0.0,0.0,0.0,0.0,0.0
2017-10-05,Furniture,0.0,0.0,0.0,3,Thursday,10,4,2017,0,0.0,0.0,0,0.0,0.0,0.0,0.0,0.0
2017-10-06,Furniture,1335.68,0.0,0.0,4,Friday,10,4,2017,0,1335.68,0.0,1,0.0,0.0,0.0,0.0,0.0
2017-10-07,Furniture,0.0,0.0,0.0,5,Saturday,10,4,2017,1,0.0,0.0,0,0.0,0.0,0.0,0.0,0.0
2017-10-08,Furniture,0.0,0.0,0.0,6,Sunday,10,4,2017,1,0.0,0.0,0,0.0,0.0,0.0,0.0,0.0
2017-10-09,Furniture,300.93,0.0,0.0,0,Monday,10,4,2017,0,300.93,0.0,1,0.0,0.0,0.0,0.0,0.0
2017-10-10,Furniture,211.666,0.0,0.0,1,Tuesday,10,4,2017,0,211.666,0.0,1,0.0,0.0,0.0,0.0,0.0
2017-10-11,Furniture,1004.988,0.0,0.0,2,Wednesday,10,4,2017,0,1004.988,0.0,1,0.0,0.0,0.0,0.0,0.0
2017-10-12,Furniture,1746.468,0.0,0.0,3,Thursday,10,4,2017,0,1746.468,0.0,1,0.0,0.0,0.0,0.0,0.0
2017-10-13,Furniture,0.0,0.0,0.0,4,Friday,10,4,2017,0,0.0,0.0,0,0.0,0.0,0.0,0.0,0.0
2017-10-14,Furniture,0.0,0.0,0.0,5,Saturday,10,4,2017,1,0.0,0.0,0,0.0,0.0,0.0,0.0,0.0
2017-10-15,Furniture,0.0,0.0,0.0,6,Sunday,10,4,2017,1,0.0,0.0,0,0.0,0.0,0.0,0.0,0.0
2017-10-16,Furniture,0.0,0.0,0.0,0,Monday,10,4,2017,0,0.0,0.0,0,0.0,0.0,0.0,0.0,0.0
2017-10-17,Furniture,0.0,0.0,0.0,1,Tuesday,10,4,2017,0,0.0,0.0,0,0.0,0.0,0.0,0.0,0.0
2017-10-18,Furniture,0.0,0.0,0.0,2,Wednesday,10,4,2017,0,0.0,0.0,0,0.0,0.0,0.0,0.0,0.0
2017-10-19,Furniture,0.0,0.0,0.0,3,Thursday,10,4,2017,0,0.0,0.0,0,0.0,0.0,0.0,0.0,0.0
2017-10-20,Furniture,0.0,0.0,0.0,4,Friday,10,4,2017,0,0.0,0.0,0,0.0,0.0,0.0,0.0,0.0
2017-10-21,Furniture,0.0,0.0,0.0,5,Saturday,10,4,2017,1,0.0,0.0,0,0.0,0.0,0.0,0.0,0.0
2017-10-22,Furniture,0.0,0.0,0.0,6,Sunday,10,4,2017,1,0.0,0.0,0,0.0,0.0,0.0,0.0,0.0
2017-10-23,Furniture,0.0,0.0,0.0,0,Monday,10,4,2017,0,0.0,0.0,0,0.0,0.0,0.0,0.0,0.0
2017-10-24,Furniture,0.0,0.0,0.0,1,Tuesday,10,4,2017,0,0.0,0.0,0,0.0,0.0,0.0,0.0,0.0
2017-10-25,Furniture,0.0,0.0,0.0,2,Wednesday,10,4,2017,0,0.0,0.0,0,0.0,0.0,0.0,0.0,0.0
2017-10-26,Furniture,0.0,0.0,0.0,3,Thursday,10,4,2017,0,0.0,0.0,0,0.0,0.0,0.0,0.0,0.0
2017-10-27,Furniture,0.0,0.0,0.0,4,Friday,10,4,2017,0,0.0,0.0,0,0.0,0.0,0.0,0.0,0.0
2017-10-28,Furniture,0.0,0.0,0.0,5,Saturday,10,4,2017,1,0.0,0.0,0,0.0,0.0,0.0,0.0,0.0
2017-10-29,Furniture,0.0,0.0,0.0,6,Sunday,10,4,2017,1,0.0,0.0,0,0.0,0.0,0.0,0.0,0.0
2017-10-30,Furniture,0.0,0.0,0.0,0,Monday,10,4,2017,0,0.0,0.0,0,0.0,0.0,0.0,0.0,0.0
2017-10-31,Furniture,0.0,0.0,0.0,1,Tuesday,10,4,2017,0,0.0,0.0,0,0.0,0.0,0.0,0.0,0.0
2017-11-01,Furniture,54.992,0.0,0.0,2,Wednesday,11,4,2017,0,54.992,0.0,1,0.0,0.0,0.0,0.0,0.0
2017-11-02,Furniture,0.0,0.0,0.0,3,Thursday,11,4,2017,0,0.0,0.0,0,0.0,0.0,0.0,0.0,0.0
2017-11-03,Furniture,351.262,0.0,0.0,4,Friday,11,4,2017,0,351.262,0.0,1,0.0,0.0,0.0,0.0,0.0
2017-11-04,Furniture,0.0,0.0,0.0,5,Saturday,11,4,2017,1,0.0,0.0,0,0.0,0.0,0.0,0.0,0.0
2017-11-05,Furniture,0.0,0.0,0.0,6,Sunday,11,4,2017,1,0.0,0.0,0,0.0,0.0,0.0,0.0,0.0
2017-11-06,Furniture,915.256,0.0,0.0,0,Monday,11,4,2017,0,915.256,0.0,1,0.0,0.0,0.0,0.0,0.0
2017-11-07,Furniture,0.0,0.0,0.0,1,Tuesday,11,4,2017,0,0.0,0.0,0,0.0,0.0,0.0,0.0,0.0
2017-11-08,Furniture,0.0,0.0,0.0,2,Wednesday,11,4,2017,0,0.0,0.0,0,0.0,0.0,0.0,0.0,0.0
2017-11-09,Furniture,0.0,0.0,0.0,3,Thursday,11,4,2017,0,0.0,0.0,0,0.0,0.0,0.0,0.0,0.0
2017-11-10,Furniture,0.0,0.0,0.0,4,Friday,11,4,2017,0,0.0,0.0,0,0.0,0.0,0.0,0.0,0.0
2017-11-11,Furniture,3472.65,0.0,0.0,5,Saturday,11,4,2017,1,3472.65,0.0,1,0.0,0.0,0.0,0.0,0.0
2017-11-12,Furniture,2461.7960000000003,0.0,0.0,6,Sunday,11,4,2017,1,2461.7960000000003,0.0,1,0.0,0.0,0.0,0.0,0.0
2017-11-13,Furniture,0.0,0.0,0.0,0,Monday,11,4,2017,0,0.0,0.0,0,0.0,0.0,0.0,0.0,0.0
2017-11-14,Furniture,0.0,0.0,0.0,1,Tuesday,11,4,2017,0,0.0,0.0,0,0.0,0.0,0.0,0.0,0.0
2017-11-15,Furniture,0.0,0.0,0.0,2,Wednesday,11,4,2017,0,0.0,0.0,0,0.0,0.0,0.0,0.0,0.0
2017-11-16,Furniture,0.0,0.0,0.0,3,Thursday,11,4,2017,0,0.0,0.0,0,0.0,0.0,0.0,0.0,0.0
2017-11-17,Furniture,0.0,0.0,0.0,4,Friday,11,4,2017,0,0.0,0.0,0,0.0,0.0,0.0,0.0,0.0
2017-11-18,Furniture,0.0,0.0,0.0,5,Saturday,11,4,2017,1,0.0,0.0,0,0.0,0.0,0.0,0.0,0.0
2017-11-19,Furniture,0.0,0.0,0.0,6,Sunday,11,4,2017,1,0.0,0.0,0,0.0,0.0,0.0,0.0,0.0
2017-11-20,Furniture,0.0,0.0,0.0,0,Monday,11,4,2017,0,0.0,0.0,0,0.0,0.0,0.0,0.0,0.0
2017-11-21,Furniture,0.0,0.0,0.0,1,Tuesday,11,4,2017,0,0.0,0.0,0,0.0,0.0,0.0,0.0,0.0
2017-11-22,Furniture,0.0,0.0,0.0,2,Wednesday,11,4,2017,0,0.0,0.0,0,0.0,0.0,0.0,0.0,0.0
2017-11-23,Furniture,0.0,0.0,0.0,3,Thursday,11,4,2017,0,0.0,0.0,0,0.0,0.0,0.0,0.0,0.0
2017-11-24,Furniture,0.0,0.0,0.0,4,Friday,11,4,2017,0,0.0,0.0,0,0.0,0.0,0.0,0.0,0.0
2017-11-25,Furniture,0.0,0.0,0.0,5,Saturday,11,4,2017,1,0.0,0.0,0,0.0,0.0,0.0,0.0,0.0
2017-11-26,Furniture,0.0,0.0,0.0,6,Sunday,11,4,2017,1,0.0,0.0,0,0.0,0.0,0.0,0.0,0.0
2017-11-27,Furniture,0.0,0.0,0.0,0,Monday,11,4,2017,0,0.0,0.0,0,0.0,0.0,0.0,0.0,0.0
2017-11-28,Furniture,0.0,0.0,0.0,1,Tuesday,11,4,2017,0,0.0,0.0,0,0.0,0.0,0.0,0.0,0.0
2017-11-29,Furniture,0.0,0.0,0.0,2,Wednesday,11,4,2017,0,0.0,0.0,0,0.0,0.0,0.0,0.0,0.0
2017-11-30,Furniture,0.0,0.0,0.0,3,Thursday,11,4,2017,0,0.0,0.0,0,0.0,0.0,0.0,0.0,0.0
2017-12-01,Furniture,0.0,0.0,0.0,4,Friday,12,4,2017,0,0.0,0.0,0,0.0,0.0,0.0,0.0,0.0
2017-12-02,Furniture,0.0,0.0,0.0,5,Saturday,12,4,2017,1,0.0,0.0,0,0.0,0.0,0.0,0.0,0.0
2017-12-03,Furniture,770.352,0.0,0.0,6,Sunday,12,4,2017,1,770.352,0.0,1,0.0,0.0,0.0,0.0,0.0
2017-12-04,Furniture,1176.5600000000002,0.0,0.0,0,Monday,12,4,2017,0,1176.5600000000002,0.0,1,0.0,0.0,0.0,0.0,0.0
2017-12-05,Furniture,10.02,0.0,0.0,1,Tuesday,12,4,2017,0,10.02,0.0,1,0.0,0.0,0.0,0.0,0.0
2017-12-06,Furniture,433.396,0.0,0.0,2,Wednesday,12,4,2017,0,433.396,0.0,1,0.0,0.0,0.0,0.0,0.0
2017-12-07,Furniture,0.0,0.0,0.0,3,Thursday,12,4,2017,0,0.0,0.0,0,0.0,0.0,0.0,0.0,0.0
2017-12-08,Furniture,917.2045,0.0,0.0,4,Friday,12,4,2017,0,917.2045,0.0,1,0.0,0.0,0.0,0.0,0.0
2017-12-09,Furniture,1679.8719999999998,0.0,0.0,5,Saturday,12,4,2017,1,1679.8719999999998,0.0,1,0.0,0.0,0.0,0.0,0.0
2017-12-10,Furniture,0.0,0.0,0.0,6,Sunday,12,4,2017,1,0.0,0.0,0,0.0,0.0,0.0,0.0,0.0
2017-12-11,Furniture,4158.352,0.0,0.0,0,Monday,12,4,2017,0,4158.352,0.0,1,0.0,0.0,0.0,0.0,0.0
2017-12-12,Furniture,417.12,0.0,0.0,1,Tuesday,12,4,2017,0,417.12,0.0,1,0.0,0.0,0.0,0.0,0.0
2017-12-13,Furniture,0.0,0.0,0.0,2,Wednesday,12,4,2017,0,0.0,0.0,0,0.0,0.0,0.0,0.0,0.0
2017-12-14,Furniture,0.0,0.0,0.0,3,Thursday,12,4,2017,0,0.0,0.0,0,0.0,0.0,0.0,0.0,0.0
2017-12-15,Furniture,0.0,0.0,0.0,4,Friday,12,4,2017,0,0.0,0.0,0,0.0,0.0,0.0,0.0,0.0
2017-12-16,Furniture,0.0,0.0,0.0,5,Saturday,12,4,2017,1,0.0,0.0,0,0.0,0.0,0.0,0.0,0.0
2017-12-17,Furniture,0.0,0.0,0.0,6,Sunday,12,4,2017,1,0.0,0.0,0,0.0,0.0,0.0,0.0,0.0
2017-12-18,Furniture,0.0,0.0,0.0,0,Monday,12,4,2017,0,0.0,0.0,0,0.0,0.0,0.0,0.0,0.0
2017-12-19,Furniture,0.0,0.0,0.0,1,Tuesday,12,4,2017,0,0.0,0.0,0,0.0,0.0,0.0,0.0,0.0
2017-12-20,Furniture,0.0,0.0,0.0,2,Wednesday,12,4,2017,0,0.0,0.0,0,0.0,0.0,0.0,0.0,0.0
2017-12-21,Furniture,0.0,0.0,0.0,3,Thursday,12,4,2017,0,0.0,0.0,0,0.0,0.0,0.0,0.0,0.0
2017-12-22,Furniture,0.0,0.0,0.0,4,Friday,12,4,2017,0,0.0,0.0,0,0.0,0.0,0.0,0.0,0.0
2017-12-23,Furniture,0.0,0.0,0.0,5,Saturday,12,4,2017,1,0.0,0.0,0,0.0,0.0,0.0,0.0,0.0
2017-12-24,Furniture,0.0,0.0,0.0,6,Sunday,12,4,2017,1,0.0,0.0,0,0.0,0.0,0.0,0.0,0.0
2017-12-25,Furniture,0.0,0.0,0.0,0,Monday,12,4,2017,0,0.0,0.0,0,0.0,0.0,0.0,0.0,0.0
2017-12-26,Furniture,0.0,0.0,0.0,1,Tuesday,12,4,2017,0,0.0,0.0,0,0.0,0.0,0.0,0.0,0.0
2017-12-27,Furniture,0.0,0.0,0.0,2,Wednesday,12,4,2017,0,0.0,0.0,0,0.0,0.0,0.0,0.0,0.0
2017-12-28,Furniture,0.0,0.0,0.0,3,Thursday,12,4,2017,0,0.0,0.0,0,0.0,0.0,0.0,0.0,0.0
2017-12-29,Furniture,0.0,0.0,0.0,4,Friday,12,4,2017,0,0.0,0.0,0,0.0,0.0,0.0,0.0,0.0
2017-12-30,Furniture,0.0,0.0,0.0,5,Saturday,12,4,2017,1,0.0,0.0,0,0.0,0.0,0.0,0.0,0.0
2017-12-31,Furniture,0.0,0.0,0.0,6,Sunday,12,4,2017,1,0.0,0.0,0,0.0,0.0,0.0,0.0,0.0
2018-01-01,Furniture,975.49,1.0,0.0,0,Monday,1,1,2018,0,975.49,0.0,1,0.0,0.0,0.0,0.0,0.0
2018-01-02,Furniture,0.0,0.0,0.0,1,Tuesday,1,1,2018,0,0.0,0.0,0,0.0,0.0,0.0,0.0,0.0
2018-01-03,Furniture,0.0,0.0,0.0,2,Wednesday,1,1,2018,0,0.0,0.0,0,0.0,0.0,0.0,0.0,0.0
2018-01-04,Furniture,828.966,0.0,0.0,3,Thursday,1,1,2018,0,828.966,0.0,1,0.0,0.0,0.0,0.0,0.0
2018-01-05,Furniture,4051.5339999999997,0.0,0.0,4,Friday,1,1,2018,0,4051.5339999999997,0.0,1,0.0,0.0,0.0,0.0,0.0
2018-01-06,Furniture,0.0,0.0,0.0,5,Saturday,1,1,2018,1,0.0,0.0,0,0.0,0.0,0.0,0.0,0.0
2018-01-07,Furniture,0.0,0.0,0.0,6,Sunday,1,1,2018,1,0.0,0.0,0,0.0,0.0,0.0,0.0,0.0
2018-01-08,Furniture,0.0,0.0,0.0,0,Monday,1,1,2018,0,0.0,0.0,0,0.0,0.0,0.0,0.0,0.0
2018-01-09,Furniture,896.72,0.0,0.0,1,Tuesday,1,1,2018,0,896.72,0.0,1,0.0,0.0,0.0,0.0,0.0
2018-01-10,Furniture,559.76,0.0,0.0,2,Wednesday,1,1,2018,0,559.76,0.0,1,0.0,0.0,0.0,0.0,0.0
2018-01-11,Furniture,2665.62,0.0,0.0,3,Thursday,1,1,2018,0,2665.62,0.0,1,0.0,0.0,0.0,0.0,0.0
2018-01-12,Furniture,2542.292,0.0,0.0,4,Friday,1,1,2018,0,2542.292,0.0,1,0.0,0.0,0.0,0.0,0.0
2018-01-13,Furniture,0.0,0.0,0.0,5,Saturday,1,1,2018,1,0.0,0.0,0,0.0,0.0,0.0,0.0,0.0
2018-01-14,Furniture,0.0,0.0,0.0,6,Sunday,1,1,2018,1,0.0,0.0,0,0.0,0.0,0.0,0.0,0.0
2018-01-15,Furniture,0.0,0.0,0.0,0,Monday,1,1,2018,0,0.0,0.0,0,0.0,0.0,0.0,0.0,0.0
2018-01-16,Furniture,0.0,0.0,0.0,1,Tuesday,1,1,2018,0,0.0,0.0,0,0.0,0.0,0.0,0.0,0.0
2018-01-17,Furniture,0.0,0.0,0.0,2,Wednesday,1,1,2018,0,0.0,0.0,0,0.0,0.0,0.0,0.0,0.0
2018-01-18,Furniture,0.0,0.0,0.0,3,Thursday,1,1,2018,0,0.0,0.0,0,0.0,0.0,0.0,0.0,0.0
2018-01-19,Furniture,0.0,0.0,0.0,4,Friday,1,1,2018,0,0.0,0.0,0,0.0,0.0,0.0,0.0,0.0
2018-01-20,Furniture,0.0,0.0,0.0,5,Saturday,1,1,2018,1,0.0,0.0,0,0.0,0.0,0.0,0.0,0.0
2018-01-21,Furniture,0.0,0.0,0.0,6,Sunday,1,1,2018,1,0.0,0.0,0,0.0,0.0,0.0,0.0,0.0
2018-01-22,Furniture,0.0,0.0,0.0,0,Monday,1,1,2018,0,0.0,0.0,0,0.0,0.0,0.0,0.0,0.0
2018-01-23,Furniture,0.0,0.0,0.0,1,Tuesday,1,1,2018,0,0.0,0.0,0,0.0,0.0,0.0,0.0,0.0
2018-01-24,Furniture,0.0,0.0,0.0,2,Wednesday,1,1,2018,0,0.0,0.0,0,0.0,0.0,0.0,0.0,0.0
2018-01-25,Furniture,0.0,0.0,0.0,3,Thursday,1,1,2018,0,0.0,0.0,0,0.0,0.0,0.0,0.0,0.0
2018-01-26,Furniture,0.0,0.0,0.0,4,Friday,1,1,2018,0,0.0,0.0,0,0.0,0.0,0.0,0.0,0.0
2018-01-27,Furniture,0.0,0.0,0.0,5,Saturday,1,1,2018,1,0.0,0.0,0,0.0,0.0,0.0,0.0,0.0
2018-01-28,Furniture,0.0,0.0,0.0,6,Sunday,1,1,2018,1,0.0,0.0,0,0.0,0.0,0.0,0.0,0.0
2018-01-29,Furniture,0.0,0.0,0.0,0,Monday,1,1,2018,0,0.0,0.0,0,0.0,0.0,0.0,0.0,0.0
2018-01-30,Furniture,0.0,0.0,0.0,1,Tuesday,1,1,2018,0,0.0,0.0,0,0.0,0.0,0.0,0.0,0.0
2018-01-31,Furniture,0.0,0.0,0.0,2,Wednesday,1,1,2018,0,0.0,0.0,0,0.0,0.0,0.0,0.0,0.0
2018-02-01,Furniture,913.43,0.0,0.0,3,Thursday,2,1,2018,0,913.43,0.0,1,0.0,0.0,0.0,0.0,0.0
2018-02-02,Furniture,296.84000000000003,0.0,0.0,4,Friday,2,1,2018,0,296.84000000000003,0.0,1,0.0,0.0,0.0,0.0,0.0
2018-02-03,Furniture,441.96,0.0,0.0,5,Saturday,2,1,2018,1,441.96,0.0,1,0.0,0.0,0.0,0.0,0.0
2018-02-04,Furniture,436.91,0.0,0.0,6,Sunday,2,1,2018,1,436.91,0.0,1,0.0,0.0,0.0,0.0,0.0
2018-02-05,Furniture,129.93,0.0,0.0,0,Monday,2,1,2018,0,129.93,0.0,1,0.0,0.0,0.0,0.0,0.0
2018-02-06,Furniture,0.0,0.0,0.0,1,Tuesday,2,1,2018,0,0.0,0.0,0,0.0,0.0,0.0,0.0,0.0
2018-02-07,Furniture,0.0,0.0,0.0,2,Wednesday,2,1,2018,0,0.0,0.0,0,0.0,0.0,0.0,0.0,0.0
2018-02-08,Furniture,0.0,0.0,0.0,3,Thursday,2,1,2018,0,0.0,0.0,0,0.0,0.0,0.0,0.0,0.0
2018-02-09,Furniture,2016.052,0.0,0.0,4,Friday,2,1,2018,0,2016.052,0.0,1,0.0,0.0,0.0,0.0,0.0
2018-02-10,Furniture,2758.4640000000004,0.0,0.0,5,Saturday,2,1,2018,1,2758.4640000000004,0.0,1,0.0,0.0,0.0,0.0,0.0
2018-02-11,Furniture,1159.624,0.0,0.0,6,Sunday,2,1,2018,1,1159.624,0.0,1,0.0,0.0,0.0,0.0,0.0
2018-02-12,Furniture,3527.504,0.0,0.0,0,Monday,2,1,2018,0,3527.504,0.0,1,0.0,0.0,0.0,0.0,0.0
2018-02-13,Furniture,0.0,0.0,0.0,1,Tuesday,2,1,2018,0,0.0,0.0,0,0.0,0.0,0.0,0.0,0.0
2018-02-14,Furniture,0.0,0.0,0.0,2,Wednesday,2,1,2018,0,0.0,0.0,0,0.0,0.0,0.0,0.0,0.0
2018-02-15,Furniture,0.0,0.0,0.0,3,Thursday,2,1,2018,0,0.0,0.0,0,0.0,0.0,0.0,0.0,0.0
2018-02-16,Furniture,0.0,0.0,0.0,4,Friday,2,1,2018,0,0.0,0.0,0,0.0,0.0,0.0,0.0,0.0
2018-02-17,Furniture,0.0,0.0,0.0,5,Saturday,2,1,2018,1,0.0,0.0,0,0.0,0.0,0.0,0.0,0.0
2018-02-18,Furniture,0.0,0.0,0.0,6,Sunday,2,1,2018,1,0.0,0.0,0,0.0,0.0,0.0,0.0,0.0
2018-02-19,Furniture,0.0,0.0,0.0,0,Monday,2,1,2018,0,0.0,0.0,0,0.0,0.0,0.0,0.0,0.0
2018-02-20,Furniture,0.0,0.0,0.0,1,Tuesday,2,1,2018,0,0.0,0.0,0,0.0,0.0,0.0,0.0,0.0
2018-02-21,Furniture,0.0,0.0,0.0,2,Wednesday,2,1,2018,0,0.0,0.0,0,0.0,0.0,0.0,0.0,0.0
2018-02-22,Furniture,0.0,0.0,0.0,3,Thursday,2,1,2018,0,0.0,0.0,0,0.0,0.0,0.0,0.0,0.0
2018-02-23,Furniture,0.0,0.0,0.0,4,Friday,2,1,2018,0,0.0,0.0,0,0.0,0.0,0.0,0.0,0.0
2018-02-24,Furniture,0.0,0.0,0.0,5,Saturday,2,1,2018,1,0.0,0.0,0,0.0,0.0,0.0,0.0,0.0
2018-02-25,Furniture,0.0,0.0,0.0,6,Sunday,2,1,2018,1,0.0,0.0,0,0.0,0.0,0.0,0.0,0.0
2018-02-26,Furniture,0.0,0.0,0.0,0,Monday,2,1,2018,0,0.0,0.0,0,0.0,0.0,0.0,0.0,0.0
2018-02-27,Furniture,0.0,0.0,0.0,1,Tuesday,2,1,2018,0,0.0,0.0,0,0.0,0.0,0.0,0.0,0.0
2018-02-28,Furniture,0.0,0.0,0.0,2,Wednesday,2,1,2018,0,0.0,0.0,0,0.0,0.0,0.0,0.0,0.0
2018-03-01,Furniture,0.0,0.0,0.0,3,Thursday,3,1,2018,0,0.0,0.0,0,0.0,0.0,0.0,0.0,0.0
2018-03-02,Furniture,22.2,0.0,0.0,4,Friday,3,1,2018,0,22.2,0.0,1,0.0,0.0,0.0,0.0,0.0
2018-03-03,Furniture,751.004,0.0,0.0,5,Saturday,3,1,2018,1,751.004,0.0,1,0.0,0.0,0.0,0.0,0.0
2018-03-04,Furniture,25.472,0.0,0.0,6,Sunday,3,1,2018,1,25.472,0.0,1,0.0,0.0,0.0,0.0,0.0
2018-03-05,Furniture,405.918,0.0,0.0,0,Monday,3,1,2018,0,405.918,0.0,1,0.0,0.0,0.0,0.0,0.0
2018-03-06,Furniture,661.504,0.0,0.0,1,Tuesday,3,1,2018,0,661.504,0.0,1,0.0,0.0,0.0,0.0,0.0
2018-03-07,Furniture,1016.678,0.0,0.0,2,Wednesday,3,1,2018,0,1016.678,0.0,1,0.0,0.0,0.0,0.0,0.0
2018-03-08,Furniture,307.332,0.0,0.0,3,Thursday,3,1,2018,0,307.332,0.0,1,0.0,0.0,0.0,0.0,0.0
2018-03-09,Furniture,620.631,0.0,0.0,4,Friday,3,1,2018,0,620.631,0.0,1,0.0,0.0,0.0,0.0,0.0
2018-03-10,Furniture,255.20800000000003,0.0,0.0,5,Saturday,3,1,2018,1,255.20800000000003,0.0,1,0.0,0.0,0.0,0.0,0.0
2018-03-11,Furniture,2524.05,0.0,0.0,6,Sunday,3,1,2018,1,2524.05,0.0,1,0.0,0.0,0.0,0.0,0.0
2018-03-12,Furniture,591.84,0.0,0.0,0,Monday,3,1,2018,0,591.84,0.0,1,0.0,0.0,0.0,0.0,0.0
2018-03-13,Furniture,0.0,0.0,0.0,1,Tuesday,3,1,2018,0,0.0,0.0,0,0.0,0.0,0.0,0.0,0.0
2018-03-14,Furniture,0.0,0.0,0.0,2,Wednesday,3,1,2018,0,0.0,0.0,0,0.0,0.0,0.0,0.0,0.0
2018-03-15,Furniture,0.0,0.0,0.0,3,Thursday,3,1,2018,0,0.0,0.0,0,0.0,0.0,0.0,0.0,0.0
2018-03-16,Furniture,0.0,0.0,0.0,4,Friday,3,1,2018,0,0.0,0.0,0,0.0,0.0,0.0,0.0,0.0
2018-03-17,Furniture,0.0,0.0,0.0,5,Saturday,3,1,2018,1,0.0,0.0,0,0.0,0.0,0.0,0.0,0.0
2018-03-18,Furniture,0.0,0.0,0.0,6,Sunday,3,1,2018,1,0.0,0.0,0,0.0,0.0,0.0,0.0,0.0
2018-03-19,Furniture,0.0,0.0,0.0,0,Monday,3,1,2018,0,0.0,0.0,0,0.0,0.0,0.0,0.0,0.0
2018-03-20,Furniture,0.0,0.0,0.0,1,Tuesday,3,1,2018,0,0.0,0.0,0,0.0,0.0,0.0,0.0,0.0
2018-03-21,Furniture,0.0,0.0,0.0,2,Wednesday,3,1,2018,0,0.0,0.0,0,0.0,0.0,0.0,0.0,0.0
2018-03-22,Furniture,0.0,0.0,0.0,3,Thursday,3,1,2018,0,0.0,0.0,0,0.0,0.0,0.0,0.0,0.0
2018-03-23,Furniture,0.0,0.0,0.0,4,Friday,3,1,2018,0,0.0,0.0,0,0.0,0.0,0.0,0.0,0.0
2018-03-24,Furniture,0.0,0.0,0.0,5,Saturday,3,1,2018,1,0.0,0.0,0,0.0,0.0,0.0,0.0,0.0
2018-03-25,Furniture,0.0,0.0,0.0,6,Sunday,3,1,2018,1,0.0,0.0,0,0.0,0.0,0.0,0.0,0.0
2018-03-26,Furniture,0.0,0.0,0.0,0,Monday,3,1,2018,0,0.0,0.0,0,0.0,0.0,0.0,0.0,0.0
2018-03-27,Furniture,0.0,0.0,0.0,1,Tuesday,3,1,2018,0,0.0,0.0,0,0.0,0.0,0.0,0.0,0.0
2018-03-28,Furniture,0.0,0.0,0.0,2,Wednesday,3,1,2018,0,0.0,0.0,0,0.0,0.0,0.0,0.0,0.0
2018-03-29,Furniture,0.0,0.0,0.0,3,Thursday,3,1,2018,0,0.0,0.0,0,0.0,0.0,0.0,0.0,0.0
2018-03-30,Furniture,0.0,0.0,0.0,4,Friday,3,1,2018,0,0.0,0.0,0,0.0,0.0,0.0,0.0,0.0
2018-03-31,Furniture,0.0,0.0,0.0,5,Saturday,3,1,2018,1,0.0,0.0,0,0.0,0.0,0.0,0.0,0.0
2018-04-01,Furniture,0.0,0.0,0.0,6,Sunday,4,2,2018,1,0.0,0.0,0,0.0,0.0,0.0,0.0,0.0
2018-04-02,Furniture,0.0,0.0,0.0,0,Monday,4,2,2018,0,0.0,0.0,0,0.0,0.0,0.0,0.0,0.0
2018-04-03,Furniture,103.5,0.0,0.0,1,Tuesday,4,2,2018,0,103.5,0.0,1,0.0,0.0,0.0,0.0,0.0
2018-04-04,Furniture,0.0,0.0,0.0,2,Wednesday,4,2,2018,0,0.0,0.0,0,0.0,0.0,0.0,0.0,0.0
2018-04-05,Furniture,300.904,0.0,0.0,3,Thursday,4,2,2018,0,300.904,0.0,1,0.0,0.0,0.0,0.0,0.0
2018-04-06,Furniture,62.32,0.0,0.0,4,Friday,4,2,2018,0,62.32,0.0,1,0.0,0.0,0.0,0.0,0.0
2018-04-07,Furniture,0.0,0.0,0.0,5,Saturday,4,2,2018,1,0.0,0.0,0,0.0,0.0,0.0,0.0,0.0
2018-04-08,Furniture,0.0,0.0,0.0,6,Sunday,4,2,2018,1,0.0,0.0,0,0.0,0.0,0.0,0.0,0.0
2018-04-09,Furniture,3722.982,0.0,0.0,0,Monday,4,2,2018,0,3722.982,0.0,1,0.0,0.0,0.0,0.0,0.0
2018-04-10,Furniture,19.98,0.0,0.0,1,Tuesday,4,2,2018,0,19.98,0.0,1,0.0,0.0,0.0,0.0,0.0
2018-04-11,Furniture,523.764,0.0,0.0,2,Wednesday,4,2,2018,0,523.764,0.0,1,0.0,0.0,0.0,0.0,0.0
2018-04-12,Furniture,992.782,0.0,0.0,3,Thursday,4,2,2018,0,992.782,0.0,1,0.0,0.0,0.0,0.0,0.0
2018-04-13,Furniture,0.0,0.0,0.0,4,Friday,4,2,2018,0,0.0,0.0,0,0.0,0.0,0.0,0.0,0.0
2018-04-14,Furniture,0.0,0.0,0.0,5,Saturday,4,2,2018,1,0.0,0.0,0,0.0,0.0,0.0,0.0,0.0
2018-04-15,Furniture,0.0,0.0,0.0,6,Sunday,4,2,2018,1,0.0,0.0,0,0.0,0.0,0.0,0.0,0.0
2018-04-16,Furniture,0.0,0.0,0.0,0,Monday,4,2,2018,0,0.0,0.0,0,0.0,0.0,0.0,0.0,0.0
2018-04-17,Furniture,0.0,0.0,0.0,1,Tuesday,4,2,2018,0,0.0,0.0,0,0.0,0.0,0.0,0.0,0.0
2018-04-18,Furniture,0.0,0.0,0.0,2,Wednesday,4,2,2018,0,0.0,0.0,0,0.0,0.0,0.0,0.0,0.0
2018-04-19,Furniture,0.0,0.0,0.0,3,Thursday,4,2,2018,0,0.0,0.0,0,0.0,0.0,0.0,0.0,0.0
2018-04-20,Furniture,0.0,0.0,0.0,4,Friday,4,2,2018,0,0.0,0.0,0,0.0,0.0,0.0,0.0,0.0
2018-04-21,Furniture,0.0,0.0,0.0,5,Saturday,4,2,2018,1,0.0,0.0,0,0.0,0.0,0.0,0.0,0.0
2018-04-22,Furniture,0.0,0.0,0.0,6,Sunday,4,2,2018,1,0.0,0.0,0,0.0,0.0,0.0,0.0,0.0
2018-04-23,Furniture,0.0,0.0,0.0,0,Monday,4,2,2018,0,0.0,0.0,0,0.0,0.0,0.0,0.0,0.0
2018-04-24,Furniture,0.0,0.0,0.0,1,Tuesday,4,2,2018,0,0.0,0.0,0,0.0,0.0,0.0,0.0,0.0
2018-04-25,Furniture,0.0,0.0,0.0,2,Wednesday,4,2,2018,0,0.0,0.0,0,0.0,0.0,0.0,0.0,0.0
2018-04-26,Furniture,0.0,0.0,0.0,3,Thursday,4,2,2018,0,0.0,0.0,0,0.0,0.0,0.0,0.0,0.0
2018-04-27,Furniture,0.0,0.0,0.0,4,Friday,4,2,2018,0,0.0,0.0,0,0.0,0.0,0.0,0.0,0.0
2018-04-28,Furniture,0.0,0.0,0.0,5,Saturday,4,2,2018,1,0.0,0.0,0,0.0,0.0,0.0,0.0,0.0
2018-04-29,Furniture,0.0,0.0,0.0,6,Sunday,4,2,2018,1,0.0,0.0,0,0.0,0.0,0.0,0.0,0.0
2018-04-30,Furniture,0.0,0.0,0.0,0,Monday,4,2,2018,0,0.0,0.0,0,0.0,0.0,0.0,0.0,0.0
2018-05-01,Furniture,0.0,0.0,0.0,1,Tuesday,5,2,2018,0,0.0,0.0,0,0.0,0.0,0.0,0.0,0.0
2018-05-02,Furniture,0.0,0.0,0.0,2,Wednesday,5,2,2018,0,0.0,0.0,0,0.0,0.0,0.0,0.0,0.0
2018-05-03,Furniture,0.0,0.0,0.0,3,Thursday,5,2,2018,0,0.0,0.0,0,0.0,0.0,0.0,0.0,0.0
2018-05-04,Furniture,0.0,0.0,0.0,4,Friday,5,2,2018,0,0.0,0.0,0,0.0,0.0,0.0,0.0,0.0
2018-05-05,Furniture,89.991,0.0,0.0,5,Saturday,5,2,2018,1,89.991,0.0,1,0.0,0.0,0.0,0.0,0.0
2018-05-06,Furniture,0.0,0.0,0.0,6,Sunday,5,2,2018,1,0.0,0.0,0,0.0,0.0,0.0,0.0,0.0
2018-05-07,Furniture,332.028,0.0,0.0,0,Monday,5,2,2018,0,332.028,0.0,1,0.0,0.0,0.0,0.0,0.0
2018-05-08,Furniture,0.0,0.0,0.0,1,Tuesday,5,2,2018,0,0.0,0.0,0,0.0,0.0,0.0,0.0,0.0
2018-05-09,Furniture,0.0,0.0,0.0,2,Wednesday,5,2,2018,0,0.0,0.0,0,0.0,0.0,0.0,0.0,0.0
2018-05-10,Furniture,935.802,1.0,0.0,3,Thursday,5,2,2018,0,935.802,0.0,1,0.0,0.0,0.0,0.0,0.0
2018-05-11,Furniture,396.024,0.0,0.0,4,Friday,5,2,2018,0,396.024,0.0,1,0.0,0.0,0.0,0.0,0.0
2018-05-12,Furniture,321.48,0.0,0.0,5,Saturday,5,2,2018,1,321.48,0.0,1,0.0,0.0,0.0,0.0,0.0
2018-05-13,Furniture,0.0,0.0,0.0,6,Sunday,5,2,2018,1,0.0,0.0,0,0.0,0.0,0.0,0.0,0.0
2018-05-14,Furniture,0.0,0.0,0.0,0,Monday,5,2,2018,0,0.0,0.0,0,0.0,0.0,0.0,0.0,0.0
2018-05-15,Furniture,0.0,0.0,0.0,1,Tuesday,5,2,2018,0,0.0,0.0,0,0.0,0.0,0.0,0.0,0.0
2018-05-16,Furniture,0.0,0.0,0.0,2,Wednesday,5,2,2018,0,0.0,0.0,0,0.0,0.0,0.0,0.0,0.0
2018-05-17,Furniture,0.0,0.0,0.0,3,Thursday,5,2,2018,0,0.0,0.0,0,0.0,0.0,0.0,0.0,0.0
2018-05-18,Furniture,0.0,0.0,0.0,4,Friday,5,2,2018,0,0.0,0.0,0,0.0,0.0,0.0,0.0,0.0
2018-05-19,Furniture,0.0,0.0,0.0,5,Saturday,5,2,2018,1,0.0,0.0,0,0.0,0.0,0.0,0.0,0.0
2018-05-20,Furniture,0.0,0.0,0.0,6,Sunday,5,2,2018,1,0.0,0.0,0,0.0,0.0,0.0,0.0,0.0
2018-05-21,Furniture,0.0,0.0,0.0,0,Monday,5,2,2018,0,0.0,0.0,0,0.0,0.0,0.0,0.0,0.0
2018-05-22,Furniture,0.0,0.0,0.0,1,Tuesday,5,2,2018,0,0.0,0.0,0,0.0,0.0,0.0,0.0,0.0
2018-05-23,Furniture,0.0,0.0,0.0,2,Wednesday,5,2,2018,0,0.0,0.0,0,0.0,0.0,0.0,0.0,0.0
2018-05-24,Furniture,0.0,0.0,0.0,3,Thursday,5,2,2018,0,0.0,0.0,0,0.0,0.0,0.0,0.0,0.0
2018-05-25,Furniture,0.0,0.0,0.0,4,Friday,5,2,2018,0,0.0,0.0,0,0.0,0.0,0.0,0.0,0.0
2018-05-26,Furniture,0.0,0.0,0.0,5,Saturday,5,2,2018,1,0.0,0.0,0,0.0,0.0,0.0,0.0,0.0
2018-05-27,Furniture,0.0,0.0,0.0,6,Sunday,5,2,2018,1,0.0,0.0,0,0.0,0.0,0.0,0.0,0.0
2018-05-28,Furniture,0.0,0.0,0.0,0,Monday,5,2,2018,0,0.0,0.0,0,0.0,0.0,0.0,0.0,0.0
2018-05-29,Furniture,0.0,0.0,0.0,1,Tuesday,5,2,2018,0,0.0,0.0,0,0.0,0.0,0.0,0.0,0.0
2018-05-30,Furniture,0.0,0.0,0.0,2,Wednesday,5,2,2018,0,0.0,0.0,0,0.0,0.0,0.0,0.0,0.0
2018-05-31,Furniture,0.0,0.0,0.0,3,Thursday,5,2,2018,0,0.0,0.0,0,0.0,0.0,0.0,0.0,0.0
2018-06-01,Furniture,0.0,0.0,0.0,4,Friday,6,2,2018,0,0.0,0.0,0,0.0,0.0,0.0,0.0,0.0
2018-06-02,Furniture,600.754,0.0,0.0,5,Saturday,6,2,2018,1,600.754,0.0,1,0.0,0.0,0.0,0.0,0.0
2018-06-03,Furniture,71.97,0.0,0.0,6,Sunday,6,2,2018,1,71.97,0.0,1,0.0,0.0,0.0,0.0,0.0
2018-06-04,Furniture,0.0,0.0,0.0,0,Monday,6,2,2018,0,0.0,0.0,0,0.0,0.0,0.0,0.0,0.0
2018-06-05,Furniture,623.4648,0.0,0.0,1,Tuesday,6,2,2018,0,623.4648,0.0,1,0.0,0.0,0.0,0.0,0.0
2018-06-06,Furniture,4.95,0.0,0.0,2,Wednesday,6,2,2018,0,4.95,0.0,1,0.0,0.0,0.0,0.0,0.0
2018-06-07,Furniture,361.376,0.0,0.0,3,Thursday,6,2,2018,0,361.376,0.0,1,0.0,0.0,0.0,0.0,0.0
2018-06-08,Furniture,161.14000000000001,0.0,0.0,4,Friday,6,2,2018,0,161.14000000000001,0.0,1,0.0,0.0,0.0,0.0,0.0
2018-06-09,Furniture,0.0,0.0,0.0,5,Saturday,6,2,2018,1,0.0,0.0,0,0.0,0.0,0.0,0.0,0.0
2018-06-10,Furniture,41.96,0.0,0.0,6,Sunday,6,2,2018,1,41.96,0.0,1,0.0,0.0,0.0,0.0,0.0
2018-06-11,Furniture,2681.362,0.0,0.0,0,Monday,6,2,2018,0,2681.362,0.0,1,0.0,0.0,0.0,0.0,0.0
2018-06-12,Furniture,0.0,0.0,0.0,1,Tuesday,6,2,2018,0,0.0,0.0,0,0.0,0.0,0.0,0.0,0.0
2018-06-13,Furniture,0.0,0.0,0.0,2,Wednesday,6,2,2018,0,0.0,0.0,0,0.0,0.0,0.0,0.0,0.0
2018-06-14,Furniture,0.0,0.0,0.0,3,Thursday,6,2,2018,0,0.0,0.0,0,0.0,0.0,0.0,0.0,0.0
2018-06-15,Furniture,0.0,0.0,0.0,4,Friday,6,2,2018,0,0.0,0.0,0,0.0,0.0,0.0,0.0,0.0
2018-06-16,Furniture,0.0,0.0,0.0,5,Saturday,6,2,2018,1,0.0,0.0,0,0.0,0.0,0.0,0.0,0.0
2018-06-17,Furniture,0.0,0.0,0.0,6,Sunday,6,2,2018,1,0.0,0.0,0,0.0,0.0,0.0,0.0,0.0
2018-06-18,Furniture,0.0,0.0,0.0,0,Monday,6,2,2018,0,0.0,0.0,0,0.0,0.0,0.0,0.0,0.0
2018-06-19,Furniture,0.0,0.0,0.0,1,Tuesday,6,2,2018,0,0.0,0.0,0,0.0,0.0,0.0,0.0,0.0
2018-06-20,Furniture,0.0,0.0,0.0,2,Wednesday,6,2,2018,0,0.0,0.0,0,0.0,0.0,0.0,0.0,0.0
2018-06-21,Furniture,0.0,0.0,0.0,3,Thursday,6,2,2018,0,0.0,0.0,0,0.0,0.0,0.0,0.0,0.0
2018-06-22,Furniture,0.0,0.0,0.0,4,Friday,6,2,2018,0,0.0,0.0,0,0.0,0.0,0.0,0.0,0.0
2018-06-23,Furniture,0.0,0.0,0.0,5,Saturday,6,2,2018,1,0.0,0.0,0,0.0,0.0,0.0,0.0,0.0
2018-06-24,Furniture,0.0,0.0,0.0,6,Sunday,6,2,2018,1,0.0,0.0,0,0.0,0.0,0.0,0.0,0.0
2018-06-25,Furniture,0.0,0.0,0.0,0,Monday,6,2,2018,0,0.0,0.0,0,0.0,0.0,0.0,0.0,0.0
2018-06-26,Furniture,0.0,0.0,0.0,1,Tuesday,6,2,2018,0,0.0,0.0,0,0.0,0.0,0.0,0.0,0.0
2018-06-27,Furniture,0.0,0.0,0.0,2,Wednesday,6,2,2018,0,0.0,0.0,0,0.0,0.0,0.0,0.0,0.0
2018-06-28,Furniture,0.0,0.0,0.0,3,Thursday,6,2,2018,0,0.0,0.0,0,0.0,0.0,0.0,0.0,0.0
2018-06-29,Furniture,0.0,0.0,0.0,4,Friday,6,2,2018,0,0.0,0.0,0,0.0,0.0,0.0,0.0,0.0
2018-06-30,Furniture,0.0,0.0,0.0,5,Saturday,6,2,2018,1,0.0,0.0,0,0.0,0.0,0.0,0.0,0.0
2018-07-01,Furniture,0.0,0.0,0.0,6,Sunday,7,3,2018,1,0.0,0.0,0,0.0,0.0,0.0,0.0,0.0
2018-07-02,Furniture,0.0,0.0,0.0,0,Monday,7,3,2018,0,0.0,0.0,0,0.0,0.0,0.0,0.0,0.0
2018-07-03,Furniture,0.0,0.0,0.0,1,Tuesday,7,3,2018,0,0.0,0.0,0,0.0,0.0,0.0,0.0,0.0
2018-07-04,Furniture,1112.5465,0.0,0.0,2,Wednesday,7,3,2018,0,1112.5465,0.0,1,0.0,0.0,0.0,0.0,0.0
2018-07-05,Furniture,1962.0900000000001,0.0,0.0,3,Thursday,7,3,2018,0,1962.0900000000001,0.0,1,0.0,0.0,0.0,0.0,0.0
2018-07-06,Furniture,0.0,0.0,0.0,4,Friday,7,3,2018,0,0.0,0.0,0,0.0,0.0,0.0,0.0,0.0
2018-07-07,Furniture,87.21,0.0,0.0,5,Saturday,7,3,2018,1,87.21,0.0,1,0.0,0.0,0.0,0.0,0.0
2018-07-08,Furniture,258.93399999999997,0.0,0.0,6,Sunday,7,3,2018,1,258.93399999999997,0.0,1,0.0,0.0,0.0,0.0,0.0
2018-07-09,Furniture,470.68800000000005,0.0,0.0,0,Monday,7,3,2018,0,470.68800000000005,0.0,1,0.0,0.0,0.0,0.0,0.0
2018-07-10,Furniture,462.43,0.0,0.0,1,Tuesday,7,3,2018,0,462.43,0.0,1,0.0,0.0,0.0,0.0,0.0
2018-07-11,Furniture,623.322,0.0,0.0,2,Wednesday,7,3,2018,0,623.322,0.0,1,0.0,0.0,0.0,0.0,0.0
2018-07-12,Furniture,82.38,0.0,0.0,3,Thursday,7,3,2018,0,82.38,0.0,1,0.0,0.0,0.0,0.0,0.0
2018-07-13,Furniture,0.0,0.0,0.0,4,Friday,7,3,2018,0,0.0,0.0,0,0.0,0.0,0.0,0.0,0.0
2018-07-14,Furniture,0.0,0.0,0.0,5,Saturday,7,3,2018,1,0.0,0.0,0,0.0,0.0,0.0,0.0,0.0
2018-07-15,Furniture,0.0,0.0,0.0,6,Sunday,7,3,2018,1,0.0,0.0,0,0.0,0.0,0.0,0.0,0.0
2018-07-16,Furniture,0.0,0.0,0.0,0,Monday,7,3,2018,0,0.0,0.0,0,0.0,0.0,0.0,0.0,0.0
2018-07-17,Furniture,0.0,0.0,0.0,1,Tuesday,7,3,2018,0,0.0,0.0,0,0.0,0.0,0.0,0.0,0.0
2018-07-18,Furniture,0.0,0.0,0.0,2,Wednesday,7,3,2018,0,0.0,0.0,0,0.0,0.0,0.0,0.0,0.0
2018-07-19,Furniture,0.0,0.0,0.0,3,Thursday,7,3,2018,0,0.0,0.0,0,0.0,0.0,0.0,0.0,0.0
2018-07-20,Furniture,0.0,0.0,0.0,4,Friday,7,3,2018,0,0.0,0.0,0,0.0,0.0,0.0,0.0,0.0
2018-07-21,Furniture,0.0,0.0,0.0,5,Saturday,7,3,2018,1,0.0,0.0,0,0.0,0.0,0.0,0.0,0.0
2018-07-22,Furniture,0.0,0.0,0.0,6,Sunday,7,3,2018,1,0.0,0.0,0,0.0,0.0,0.0,0.0,0.0
2018-07-23,Furniture,0.0,0.0,0.0,0,Monday,7,3,2018,0,0.0,0.0,0,0.0,0.0,0.0,0.0,0.0
2018-07-24,Furniture,0.0,0.0,0.0,1,Tuesday,7,3,2018,0,0.0,0.0,0,0.0,0.0,0.0,0.0,0.0
2018-07-25,Furniture,0.0,0.0,0.0,2,Wednesday,7,3,2018,0,0.0,0.0,0,0.0,0.0,0.0,0.0,0.0
2018-07-26,Furniture,0.0,0.0,0.0,3,Thursday,7,3,2018,0,0.0,0.0,0,0.0,0.0,0.0,0.0,0.0
2018-07-27,Furniture,0.0,0.0,0.0,4,Friday,7,3,2018,0,0.0,0.0,0,0.0,0.0,0.0,0.0,0.0
2018-07-28,Furniture,0.0,0.0,0.0,5,Saturday,7,3,2018,1,0.0,0.0,0,0.0,0.0,0.0,0.0,0.0
2018-07-29,Furniture,0.0,0.0,0.0,6,Sunday,7,3,2018,1,0.0,0.0,0,0.0,0.0,0.0,0.0,0.0
2018-07-30,Furniture,0.0,0.0,0.0,0,Monday,7,3,2018,0,0.0,0.0,0,0.0,0.0,0.0,0.0,0.0
2018-07-31,Furniture,0.0,0.0,0.0,1,Tuesday,7,3,2018,0,0.0,0.0,0,0.0,0.0,0.0,0.0,0.0
2018-08-01,Furniture,892.98,0.0,0.0,2,Wednesday,8,3,2018,0,892.98,0.0,1,0.0,0.0,0.0,0.0,0.0
2018-08-02,Furniture,0.0,0.0,0.0,3,Thursday,8,3,2018,0,0.0,0.0,0,0.0,0.0,0.0,0.0,0.0
2018-08-03,Furniture,0.0,0.0,0.0,4,Friday,8,3,2018,0,0.0,0.0,0,0.0,0.0,0.0,0.0,0.0
2018-08-04,Furniture,637.1399999999999,0.0,0.0,5,Saturday,8,3,2018,1,637.1399999999999,0.0,1,0.0,0.0,0.0,0.0,0.0
2018-08-05,Furniture,176.04999999999998,0.0,0.0,6,Sunday,8,3,2018,1,176.04999999999998,0.0,1,0.0,0.0,0.0,0.0,0.0
2018-08-06,Furniture,1497.666,0.0,0.0,0,Monday,8,3,2018,0,1497.666,0.0,1,0.0,0.0,0.0,0.0,0.0
2018-08-07,Furniture,484.1,0.0,0.0,1,Tuesday,8,3,2018,0,484.1,0.0,1,0.0,0.0,0.0,0.0,0.0
2018-08-08,Furniture,0.0,0.0,0.0,2,Wednesday,8,3,2018,0,0.0,0.0,0,0.0,0.0,0.0,0.0,0.0
2018-08-09,Furniture,1000.239,0.0,0.0,3,Thursday,8,3,2018,0,1000.239,0.0,1,0.0,0.0,0.0,0.0,0.0
2018-08-10,Furniture,145.764,0.0,0.0,4,Friday,8,3,2018,0,145.764,0.0,1,0.0,0.0,0.0,0.0,0.0
2018-08-11,Furniture,274.2,0.0,0.0,5,Saturday,8,3,2018,1,274.2,0.0,1,0.0,0.0,0.0,0.0,0.0
2018-08-12,Furniture,3368.265,0.0,0.0,6,Sunday,8,3,2018,1,3368.265,0.0,1,0.0,0.0,0.0,0.0,0.0
2018-08-13,Furniture,0.0,0.0,0.0,0,Monday,8,3,2018,0,0.0,0.0,0,0.0,0.0,0.0,0.0,0.0
2018-08-14,Furniture,0.0,0.0,0.0,1,Tuesday,8,3,2018,0,0.0,0.0,0,0.0,0.0,0.0,0.0,0.0
2018-08-15,Furniture,0.0,0.0,0.0,2,Wednesday,8,3,2018,0,0.0,0.0,0,0.0,0.0,0.0,0.0,0.0
2018-08-16,Furniture,0.0,0.0,0.0,3,Thursday,8,3,2018,0,0.0,0.0,0,0.0,0.0,0.0,0.0,0.0
2018-08-17,Furniture,0.0,0.0,0.0,4,Friday,8,3,2018,0,0.0,0.0,0,0.0,0.0,0.0,0.0,0.0
2018-08-18,Furniture,0.0,0.0,0.0,5,Saturday,8,3,2018,1,0.0,0.0,0,0.0,0.0,0.0,0.0,0.0
2018-08-19,Furniture,0.0,0.0,0.0,6,Sunday,8,3,2018,1,0.0,0.0,0,0.0,0.0,0.0,0.0,0.0
2018-08-20,Furniture,0.0,0.0,0.0,0,Monday,8,3,2018,0,0.0,0.0,0,0.0,0.0,0.0,0.0,0.0
2018-08-21,Furniture,0.0,0.0,0.0,1,Tuesday,8,3,2018,0,0.0,0.0,0,0.0,0.0,0.0,0.0,0.0
2018-08-22,Furniture,0.0,0.0,0.0,2,Wednesday,8,3,2018,0,0.0,0.0,0,0.0,0.0,0.0,0.0,0.0
2018-08-23,Furniture,0.0,0.0,0.0,3,Thursday,8,3,2018,0,0.0,0.0,0,0.0,0.0,0.0,0.0,0.0
2018-08-24,Furniture,0.0,0.0,0.0,4,Friday,8,3,2018,0,0.0,0.0,0,0.0,0.0,0.0,0.0,0.0
2018-08-25,Furniture,0.0,0.0,0.0,5,Saturday,8,3,2018,1,0.0,0.0,0,0.0,0.0,0.0,0.0,0.0
2018-08-26,Furniture,0.0,0.0,0.0,6,Sunday,8,3,2018,1,0.0,0.0,0,0.0,0.0,0.0,0.0,0.0
2018-08-27,Furniture,0.0,0.0,0.0,0,Monday,8,3,2018,0,0.0,0.0,0,0.0,0.0,0.0,0.0,0.0
2018-08-28,Furniture,0.0,0.0,0.0,1,Tuesday,8,3,2018,0,0.0,0.0,0,0.0,0.0,0.0,0.0,0.0
2018-08-29,Furniture,0.0,0.0,0.0,2,Wednesday,8,3,2018,0,0.0,0.0,0,0.0,0.0,0.0,0.0,0.0
2018-08-30,Furniture,0.0,0.0,0.0,3,Thursday,8,3,2018,0,0.0,0.0,0,0.0,0.0,0.0,0.0,0.0
2018-08-31,Furniture,0.0,0.0,0.0,4,Friday,8,3,2018,0,0.0,0.0,0,0.0,0.0,0.0,0.0,0.0
2018-09-01,Furniture,0.0,0.0,0.0,5,Saturday,9,3,2018,1,0.0,0.0,0,0.0,0.0,0.0,0.0,0.0
2018-09-02,Furniture,25.104,0.0,0.0,6,Sunday,9,3,2018,1,25.104,0.0,1,0.0,0.0,0.0,0.0,0.0
2018-09-03,Furniture,0.0,0.0,0.0,0,Monday,9,3,2018,0,0.0,0.0,0,0.0,0.0,0.0,0.0,0.0
2018-09-04,Furniture,0.0,0.0,0.0,1,Tuesday,9,3,2018,0,0.0,0.0,0,0.0,0.0,0.0,0.0,0.0
2018-09-05,Furniture,493.85,0.0,0.0,2,Wednesday,9,3,2018,0,493.85,0.0,1,0.0,0.0,0.0,0.0,0.0
2018-09-06,Furniture,132.901,0.0,0.0,3,Thursday,9,3,2018,0,132.901,0.0,1,0.0,0.0,0.0,0.0,0.0
2018-09-07,Furniture,526.45,0.0,0.0,4,Friday,9,3,2018,0,526.45,0.0,1,0.0,0.0,0.0,0.0,0.0
2018-09-08,Furniture,0.0,0.0,0.0,5,Saturday,9,3,2018,1,0.0,0.0,0,0.0,0.0,0.0,0.0,0.0
2018-09-09,Furniture,482.56399999999996,0.0,0.0,6,Sunday,9,3,2018,1,482.56399999999996,0.0,1,0.0,0.0,0.0,0.0,0.0
2018-09-10,Furniture,1333.393,0.0,0.0,0,Monday,9,3,2018,0,1333.393,0.0,1,0.0,0.0,0.0,0.0,0.0
2018-09-11,Furniture,883.018,1.0,0.0,1,Tuesday,9,3,2018,0,883.018,0.0,1,0.0,0.0,0.0,0.0,0.0
2018-09-12,Furniture,1927.233,0.0,0.0,2,Wednesday,9,3,2018,0,1927.233,0.0,1,0.0,0.0,0.0,0.0,0.0
2018-09-13,Furniture,0.0,0.0,0.0,3,Thursday,9,3,2018,0,0.0,0.0,0,0.0,0.0,0.0,0.0,0.0
2018-09-14,Furniture,0.0,0.0,0.0,4,Friday,9,3,2018,0,0.0,0.0,0,0.0,0.0,0.0,0.0,0.0
2018-09-15,Furniture,0.0,0.0,0.0,5,Saturday,9,3,2018,1,0.0,0.0,0,0.0,0.0,0.0,0.0,0.0
2018-09-16,Furniture,0.0,0.0,0.0,6,Sunday,9,3,2018,1,0.0,0.0,0,0.0,0.0,0.0,0.0,0.0
2018-09-17,Furniture,0.0,0.0,0.0,0,Monday,9,3,2018,0,0.0,0.0,0,0.0,0.0,0.0,0.0,0.0
2018-09-18,Furniture,0.0,0.0,0.0,1,Tuesday,9,3,2018,0,0.0,0.0,0,0.0,0.0,0.0,0.0,0.0
2018-09-19,Furniture,0.0,0.0,0.0,2,Wednesday,9,3,2018,0,0.0,0.0,0,0.0,0.0,0.0,0.0,0.0
2018-09-20,Furniture,0.0,0.0,0.0,3,Thursday,9,3,2018,0,0.0,0.0,0,0.0,0.0,0.0,0.0,0.0
2018-09-21,Furniture,0.0,0.0,0.0,4,Friday,9,3,2018,0,0.0,0.0,0,0.0,0.0,0.0,0.0,0.0
2018-09-22,Furniture,0.0,0.0,0.0,5,Saturday,9,3,2018,1,0.0,0.0,0,0.0,0.0,0.0,0.0,0.0
2018-09-23,Furniture,0.0,0.0,0.0,6,Sunday,9,3,2018,1,0.0,0.0,0,0.0,0.0,0.0,0.0,0.0
2018-09-24,Furniture,0.0,0.0,0.0,0,Monday,9,3,2018,0,0.0,0.0,0,0.0,0.0,0.0,0.0,0.0
2018-09-25,Furniture,0.0,0.0,0.0,1,Tuesday,9,3,2018,0,0.0,0.0,0,0.0,0.0,0.0,0.0,0.0
2018-09-26,Furniture,0.0,0.0,0.0,2,Wednesday,9,3,2018,0,0.0,0.0,0,0.0,0.0,0.0,0.0,0.0
2018-09-27,Furniture,0.0,0.0,0.0,3,Thursday,9,3,2018,0,0.0,0.0,0,0.0,0.0,0.0,0.0,0.0
2018-09-28,Furniture,0.0,0.0,0.0,4,Friday,9,3,2018,0,0.0,0.0,0,0.0,0.0,0.0,0.0,0.0
2018-09-29,Furniture,0.0,0.0,0.0,5,Saturday,9,3,2018,1,0.0,0.0,0,0.0,0.0,0.0,0.0,0.0
2018-09-30,Furniture,0.0,0.0,0.0,6,Sunday,9,3,2018,1,0.0,0.0,0,0.0,0.0,0.0,0.0,0.0
2018-10-01,Furniture,0.0,0.0,0.0,0,Monday,10,4,2018,0,0.0,0.0,0,0.0,0.0,0.0,0.0,0.0
2018-10-02,Furniture,203.983,0.0,0.0,1,Tuesday,10,4,2018,0,203.983,0.0,1,0.0,0.0,0.0,0.0,0.0
2018-10-03,Furniture,983.976,0.0,0.0,2,Wednesday,10,4,2018,0,983.976,0.0,1,0.0,0.0,0.0,0.0,0.0
2018-10-04,Furniture,48.992,0.0,0.0,3,Thursday,10,4,2018,0,48.992,0.0,1,0.0,0.0,0.0,0.0,0.0
2018-10-05,Furniture,0.0,0.0,0.0,4,Friday,10,4,2018,0,0.0,0.0,0,0.0,0.0,0.0,0.0,0.0
2018-10-06,Furniture,514.165,0.0,0.0,5,Saturday,10,4,2018,1,514.165,0.0,1,0.0,0.0,0.0,0.0,0.0
2018-10-07,Furniture,18.84,0.0,0.0,6,Sunday,10,4,2018,1,18.84,0.0,1,0.0,0.0,0.0,0.0,0.0
2018-10-08,Furniture,121.3,0.0,0.0,0,Monday,10,4,2018,0,121.3,0.0,1,0.0,0.0,0.0,0.0,0.0
2018-10-09,Furniture,362.352,0.0,0.0,1,Tuesday,10,4,2018,0,362.352,0.0,1,0.0,0.0,0.0,0.0,0.0
2018-10-10,Furniture,239.358,0.0,0.0,2,Wednesday,10,4,2018,0,239.358,0.0,1,0.0,0.0,0.0,0.0,0.0
2018-10-11,Furniture,1482.52,0.0,0.0,3,Thursday,10,4,2018,0,1482.52,0.0,1,0.0,0.0,0.0,0.0,0.0
2018-10-12,Furniture,2102.264,0.0,0.0,4,Friday,10,4,2018,0,2102.264,0.0,1,0.0,0.0,0.0,0.0,0.0
2018-10-13,Furniture,0.0,0.0,0.0,5,Saturday,10,4,2018,1,0.0,0.0,0,0.0,0.0,0.0,0.0,0.0
2018-10-14,Furniture,0.0,0.0,0.0,6,Sunday,10,4,2018,1,0.0,0.0,0,0.0,0.0,0.0,0.0,0.0
2018-10-15,Furniture,0.0,0.0,0.0,0,Monday,10,4,2018,0,0.0,0.0,0,0.0,0.0,0.0,0.0,0.0
2018-10-16,Furniture,0.0,0.0,0.0,1,Tuesday,10,4,2018,0,0.0,0.0,0,0.0,0.0,0.0,0.0,0.0
2018-10-17,Furniture,0.0,0.0,0.0,2,Wednesday,10,4,2018,0,0.0,0.0,0,0.0,0.0,0.0,0.0,0.0
2018-10-18,Furniture,0.0,0.0,0.0,3,Thursday,10,4,2018,0,0.0,0.0,0,0.0,0.0,0.0,0.0,0.0
2018-10-19,Furniture,0.0,0.0,0.0,4,Friday,10,4,2018,0,0.0,0.0,0,0.0,0.0,0.0,0.0,0.0
2018-10-20,Furniture,0.0,0.0,0.0,5,Saturday,10,4,2018,1,0.0,0.0,0,0.0,0.0,0.0,0.0,0.0
2018-10-21,Furniture,0.0,0.0,0.0,6,Sunday,10,4,2018,1,0.0,0.0,0,0.0,0.0,0.0,0.0,0.0
2018-10-22,Furniture,0.0,0.0,0.0,0,Monday,10,4,2018,0,0.0,0.0,0,0.0,0.0,0.0,0.0,0.0
2018-10-23,Furniture,0.0,0.0,0.0,1,Tuesday,10,4,2018,0,0.0,0.0,0,0.0,0.0,0.0,0.0,0.0
2018-10-24,Furniture,0.0,0.0,0.0,2,Wednesday,10,4,2018,0,0.0,0.0,0,0.0,0.0,0.0,0.0,0.0
2018-10-25,Furniture,0.0,0.0,0.0,3,Thursday,10,4,2018,0,0.0,0.0,0,0.0,0.0,0.0,0.0,0.0
2018-10-26,Furniture,0.0,0.0,0.0,4,Friday,10,4,2018,0,0.0,0.0,0,0.0,0.0,0.0,0.0,0.0
2018-10-27,Furniture,0.0,0.0,0.0,5,Saturday,10,4,2018,1,0.0,0.0,0,0.0,0.0,0.0,0.0,0.0
2018-10-28,Furniture,0.0,0.0,0.0,6,Sunday,10,4,2018,1,0.0,0.0,0,0.0,0.0,0.0,0.0,0.0
2018-10-29,Furniture,0.0,0.0,0.0,0,Monday,10,4,2018,0,0.0,0.0,0,0.0,0.0,0.0,0.0,0.0
2018-10-30,Furniture,0.0,0.0,0.0,1,Tuesday,10,4,2018,0,0.0,0.0,0,0.0,0.0,0.0,0.0,0.0
2018-10-31,Furniture,0.0,0.0,0.0,2,Wednesday,10,4,2018,0,0.0,0.0,0,0.0,0.0,0.0,0.0,0.0
2018-11-01,Furniture,0.0,0.0,0.0,3,Thursday,11,4,2018,0,0.0,0.0,0,0.0,0.0,0.0,0.0,0.0
2018-11-02,Furniture,1110.704,0.0,0.0,4,Friday,11,4,2018,0,1110.704,0.0,1,0.0,0.0,0.0,0.0,0.0
2018-11-03,Furniture,181.484,0.0,0.0,5,Saturday,11,4,2018,1,181.484,0.0,1,0.0,0.0,0.0,0.0,0.0
2018-11-04,Furniture,0.0,0.0,0.0,6,Sunday,11,4,2018,1,0.0,0.0,0,0.0,0.0,0.0,0.0,0.0
2018-11-05,Furniture,217.97500000000002,0.0,0.0,0,Monday,11,4,2018,0,217.97500000000002,0.0,1,0.0,0.0,0.0,0.0,0.0
2018-11-06,Furniture,455.212,0.0,0.0,1,Tuesday,11,4,2018,0,455.212,0.0,1,0.0,0.0,0.0,0.0,0.0
2018-11-07,Furniture,0.0,0.0,0.0,2,Wednesday,11,4,2018,0,0.0,0.0,0,0.0,0.0,0.0,0.0,0.0
2018-11-08,Furniture,0.0,0.0,0.0,3,Thursday,11,4,2018,0,0.0,0.0,0,0.0,0.0,0.0,0.0,0.0
2018-11-09,Furniture,2810.894,0.0,0.0,4,Friday,11,4,2018,0,2810.894,0.0,1,0.0,0.0,0.0,0.0,0.0
2018-11-10,Furniture,0.0,0.0,0.0,5,Saturday,11,4,2018,1,0.0,0.0,0,0.0,0.0,0.0,0.0,0.0
2018-11-11,Furniture,123.84,0.0,0.0,6,Sunday,11,4,2018,1,123.84,0.0,1,0.0,0.0,0.0,0.0,0.0
2018-11-12,Furniture,1448.529,0.0,0.0,0,Monday,11,4,2018,0,1448.529,0.0,1,0.0,0.0,0.0,0.0,0.0
2018-11-13,Furniture,0.0,0.0,0.0,1,Tuesday,11,4,2018,0,0.0,0.0,0,0.0,0.0,0.0,0.0,0.0
2018-11-14,Furniture,0.0,0.0,0.0,2,Wednesday,11,4,2018,0,0.0,0.0,0,0.0,0.0,0.0,0.0,0.0
2018-11-15,Furniture,0.0,0.0,0.0,3,Thursday,11,4,2018,0,0.0,0.0,0,0.0,0.0,0.0,0.0,0.0
2018-11-16,Furniture,0.0,0.0,0.0,4,Friday,11,4,2018,0,0.0,0.0,0,0.0,0.0,0.0,0.0,0.0
2018-11-17,Furniture,0.0,0.0,0.0,5,Saturday,11,4,2018,1,0.0,0.0,0,0.0,0.0,0.0,0.0,0.0
2018-11-18,Furniture,0.0,0.0,0.0,6,Sunday,11,4,2018,1,0.0,0.0,0,0.0,0.0,0.0,0.0,0.0
2018-11-19,Furniture,0.0,0.0,0.0,0,Monday,11,4,2018,0,0.0,0.0,0,0.0,0.0,0.0,0.0,0.0
2018-11-20,Furniture,0.0,0.0,0.0,1,Tuesday,11,4,2018,0,0.0,0.0,0,0.0,0.0,0.0,0.0,0.0
2018-11-21,Furniture,0.0,0.0,0.0,2,Wednesday,11,4,2018,0,0.0,0.0,0,0.0,0.0,0.0,0.0,0.0
2018-11-22,Furniture,0.0,0.0,0.0,3,Thursday,11,4,2018,0,0.0,0.0,0,0.0,0.0,0.0,0.0,0.0
2018-11-23,Furniture,0.0,0.0,0.0,4,Friday,11,4,2018,0,0.0,0.0,0,0.0,0.0,0.0,0.0,0.0
2018-11-24,Furniture,0.0,0.0,0.0,5,Saturday,11,4,2018,1,0.0,0.0,0,0.0,0.0,0.0,0.0,0.0
2018-11-25,Furniture,0.0,0.0,0.0,6,Sunday,11,4,2018,1,0.0,0.0,0,0.0,0.0,0.0,0.0,0.0
2018-11-26,Furniture,0.0,0.0,0.0,0,Monday,11,4,2018,0,0.0,0.0,0,0.0,0.0,0.0,0.0,0.0
2018-11-27,Furniture,0.0,0.0,0.0,1,Tuesday,11,4,2018,0,0.0,0.0,0,0.0,0.0,0.0,0.0,0.0
2018-11-28,Furniture,0.0,0.0,0.0,2,Wednesday,11,4,2018,0,0.0,0.0,0,0.0,0.0,0.0,0.0,0.0
2018-11-29,Furniture,0.0,0.0,0.0,3,Thursday,11,4,2018,0,0.0,0.0,0,0.0,0.0,0.0,0.0,0.0
2018-11-30,Furniture,0.0,0.0,0.0,4,Friday,11,4,2018,0,0.0,0.0,0,0.0,0.0,0.0,0.0,0.0
2018-12-01,Furniture,37.68,0.0,0.0,5,Saturday,12,4,2018,1,37.68,0.0,1,0.0,0.0,0.0,0.0,0.0
2018-12-02,Furniture,0.0,0.0,0.0,6,Sunday,12,4,2018,1,0.0,0.0,0,0.0,0.0,0.0,0.0,0.0
2018-12-03,Furniture,0.0,0.0,0.0,0,Monday,12,4,2018,0,0.0,0.0,0,0.0,0.0,0.0,0.0,0.0
2018-12-04,Furniture,0.0,0.0,0.0,1,Tuesday,12,4,2018,0,0.0,0.0,0,0.0,0.0,0.0,0.0,0.0
2018-12-05,Furniture,328.33000000000004,0.0,0.0,2,Wednesday,12,4,2018,0,328.33000000000004,0.0,1,0.0,0.0,0.0,0.0,0.0
2018-12-06,Furniture,1337.124,0.0,0.0,3,Thursday,12,4,2018,0,1337.124,0.0,1,0.0,0.0,0.0,0.0,0.0
2018-12-07,Furniture,0.0,0.0,0.0,4,Friday,12,4,2018,0,0.0,0.0,0,0.0,0.0,0.0,0.0,0.0
2018-12-08,Furniture,1834.8200000000002,0.0,0.0,5,Saturday,12,4,2018,1,1834.8200000000002,0.0,1,0.0,0.0,0.0,0.0,0.0
2018-12-09,Furniture,8.36,0.0,0.0,6,Sunday,12,4,2018,1,8.36,0.0,1,0.0,0.0,0.0,0.0,0.0
2018-12-10,Furniture,3123.328,0.0,0.0,0,Monday,12,4,2018,0,3123.328,0.0,1,0.0,0.0,0.0,0.0,0.0
2018-12-11,Furniture,250.304,0.0,0.0,1,Tuesday,12,4,2018,0,250.304,0.0,1,0.0,0.0,0.0,0.0,0.0
2015-01-02,Office Supplies,0.0,0.0,0.0,4,Friday,1,1,2015,0,0.0,0.0,0,0.0,0.0,0.0,0.0,0.0
2015-01-03,Office Supplies,303.216,1.0,0.0,5,Saturday,1,1,2015,1,303.216,161.13375000000002,1,0.0,0.0,0.0,0.0,0.0
2015-01-04,Office Supplies,119.88799999999999,0.0,0.0,6,Sunday,1,1,2015,1,119.88799999999999,119.88799999999999,0,161.13375000000002,0.0,0.0,0.0,0.0
2015-01-05,Office Supplies,0.0,0.0,0.0,0,Monday,1,1,2015,0,0.0,0.0,0,119.88799999999999,0.0,0.0,0.0,0.0
2015-01-06,Office Supplies,2282.5299999999997,0.0,0.0,1,Tuesday,1,1,2015,0,2282.5299999999997,161.13375000000002,1,0.0,0.0,0.0,0.0,0.0
2015-01-07,Office Supplies,25.104000000000003,0.0,0.0,2,Wednesday,1,1,2015,0,25.104000000000003,25.104000000000003,0,161.13375000000002,0.0,0.0,0.0,0.0
2015-01-08,Office Supplies,184.2,0.0,0.0,3,Thursday,1,1,2015,0,184.2,161.13375000000002,1,25.104000000000003,0.0,0.0,0.0,0.0
2015-01-09,Office Supplies,112.43599999999999,0.0,0.0,4,Friday,1,1,2015,0,112.43599999999999,112.43599999999999,0,161.13375000000002,0.0,0.0,89.7704642857143,0.0
2015-01-10,Office Supplies,4.71,0.0,0.0,5,Saturday,1,1,2015,1,4.71,4.71,0,112.43599999999999,161.13375000000002,0.0,105.83275,0.0
2015-01-11,Office Supplies,1487.352,0.0,0.0,6,Sunday,1,1,2015,1,1487.352,161.13375000000002,1,4.71,119.88799999999999,0.0,83.4865,0.0
2015-01-12,Office Supplies,82.928,0.0,0.0,0,Monday,1,1,2015,0,82.928,82.928,0,161.13375000000002,0.0,0.0,89.37875000000001,0.0
2015-01-13,Office Supplies,0.0,0.0,0.0,1,Tuesday,1,1,2015,0,0.0,0.0,0,82.928,161.13375000000002,0.0,101.22560714285714,0.0
2015-01-14,Office Supplies,0.0,0.0,0.0,2,Wednesday,1,1,2015,0,0.0,0.0,0,0.0,25.104000000000003,0.0,78.2065,0.0
2015-01-15,Office Supplies,0.0,0.0,0.0,3,Thursday,1,1,2015,0,0.0,0.0,0,0.0,161.13375000000002,0.0,74.62021428571428,0.0
2015-01-16,Office Supplies,0.0,0.0,0.0,4,Friday,1,1,2015,0,0.0,0.0,0,0.0,112.43599999999999,0.0,51.60110714285714,0.0
2015-01-17,Office Supplies,0.0,0.0,0.0,5,Saturday,1,1,2015,1,0.0,0.0,0,0.0,4.71,161.13375000000002,35.53882142857143,0.0
2015-01-18,Office Supplies,0.0,0.0,0.0,6,Sunday,1,1,2015,1,0.0,0.0,0,0.0,161.13375000000002,119.88799999999999,34.86596428571429,0.0
2015-01-19,Office Supplies,0.0,0.0,0.0,0,Monday,1,1,2015,0,0.0,0.0,0,0.0,82.928,0.0,11.846857142857143,0.0
2015-01-20,Office Supplies,0.0,0.0,0.0,1,Tuesday,1,1,2015,0,0.0,0.0,0,0.0,0.0,161.13375000000002,0.0,0.0
2015-01-21,Office Supplies,0.0,0.0,0.0,2,Wednesday,1,1,2015,0,0.0,0.0,0,0.0,0.0,25.104000000000003,0.0,0.0
2015-01-22,Office Supplies,0.0,0.0,0.0,3,Thursday,1,1,2015,0,0.0,0.0,0,0.0,0.0,161.13375000000002,0.0,0.0
2015-01-23,Office Supplies,0.0,0.0,0.0,4,Friday,1,1,2015,0,0.0,0.0,0,0.0,0.0,112.43599999999999,0.0,0.0
2015-01-24,Office Supplies,0.0,0.0,0.0,5,Saturday,1,1,2015,1,0.0,0.0,0,0.0,0.0,4.71,0.0,0.0
2015-01-25,Office Supplies,0.0,0.0,0.0,6,Sunday,1,1,2015,1,0.0,0.0,0,0.0,0.0,161.13375000000002,0.0,0.0
2015-01-26,Office Supplies,0.0,0.0,0.0,0,Monday,1,1,2015,0,0.0,0.0,0,0.0,0.0,82.928,0.0,0.0
2015-01-27,Office Supplies,0.0,0.0,0.0,1,Tuesday,1,1,2015,0,0.0,0.0,0,0.0,0.0,0.0,0.0,0.0
2015-01-28,Office Supplies,0.0,0.0,0.0,2,Wednesday,1,1,2015,0,0.0,0.0,0,0.0,0.0,0.0,0.0,0.0
2015-01-29,Office Supplies,0.0,0.0,0.0,3,Thursday,1,1,2015,0,0.0,0.0,0,0.0,0.0,0.0,0.0,0.0
2015-01-30,Office Supplies,0.0,0.0,0.0,4,Friday,1,1,2015,0,0.0,0.0,0,0.0,0.0,0.0,0.0,0.0
2015-01-31,Office Supplies,0.0,0.0,0.0,5,Saturday,1,1,2015,1,0.0,0.0,0,0.0,0.0,0.0,0.0,0.0
2015-02-01,Office Supplies,0.0,0.0,0.0,6,Sunday,2,1,2015,1,0.0,0.0,0,0.0,0.0,0.0,0.0,32.986700000000006
2015-02-02,Office Supplies,30.686,0.0,0.0,0,Monday,2,1,2015,0,30.686,30.686,0,0.0,0.0,0.0,0.0,32.986700000000006
2015-02-03,Office Supplies,47.76,0.0,0.0,1,Tuesday,2,1,2015,0,47.76,47.76,0,30.686,0.0,0.0,4.3837142857142855,28.63844166666667
2015-02-04,Office Supplies,230.948,0.0,0.0,2,Wednesday,2,1,2015,0,230.948,161.13375000000002,1,47.76,0.0,0.0,11.206571428571428,26.234175
2015-02-05,Office Supplies,26.136,0.0,0.0,3,Thursday,2,1,2015,0,26.136,26.136,0,161.13375000000002,0.0,0.0,34.225678571428574,31.605300000000003
2015-02-06,Office Supplies,425.308,0.0,0.0,4,Friday,2,1,2015,0,425.308,161.13375000000002,1,26.136,0.0,0.0,37.95939285714286,27.105375000000002
2015-02-07,Office Supplies,5.58,0.0,0.0,5,Saturday,2,1,2015,1,5.58,5.58,0,161.13375000000002,0.0,0.0,60.978500000000004,31.6397
2015-02-08,Office Supplies,865.08,0.0,0.0,6,Sunday,2,1,2015,1,865.08,161.13375000000002,1,5.58,0.0,0.0,61.77564285714286,26.454575
2015-02-09,Office Supplies,1907.81,0.0,0.0,0,Monday,2,1,2015,0,1907.81,161.13375000000002,1,161.13375000000002,30.686,0.0,84.79475000000001,28.077833333333338
2015-02-10,Office Supplies,42.208,0.0,0.0,1,Tuesday,2,1,2015,0,42.208,42.208,0,161.13375000000002,47.76,0.0,103.43014285714287,33.29195833333333
2015-02-11,Office Supplies,417.02200000000005,0.0,0.0,2,Wednesday,2,1,2015,0,417.02200000000005,161.13375000000002,1,42.208,161.13375000000002,0.0,102.63700000000001,29.32776666666667
2015-02-12,Office Supplies,243.298,0.0,0.0,3,Thursday,2,1,2015,0,243.298,161.13375000000002,1,161.13375000000002,26.136,0.0,102.63700000000001,31.934625000000004
2015-02-13,Office Supplies,0.0,0.0,0.0,4,Friday,2,1,2015,0,0.0,0.0,0,161.13375000000002,161.13375000000002,0.0,121.92239285714287,37.30575
2015-02-14,Office Supplies,0.0,0.0,0.0,5,Saturday,2,1,2015,1,0.0,0.0,0,0.0,5.58,0.0,98.90328571428573,37.30575
2015-02-15,Office Supplies,0.0,0.0,0.0,6,Sunday,2,1,2015,1,0.0,0.0,0,0.0,161.13375000000002,0.0,98.10614285714287,37.30575
2015-02-16,Office Supplies,0.0,0.0,0.0,0,Monday,2,1,2015,0,0.0,0.0,0,0.0,161.13375000000002,30.686,75.08703571428573,37.30575
2015-02-17,Office Supplies,0.0,0.0,0.0,1,Tuesday,2,1,2015,0,0.0,0.0,0,0.0,42.208,47.76,52.067928571428574,37.30575
2015-02-18,Office Supplies,0.0,0.0,0.0,2,Wednesday,2,1,2015,0,0.0,0.0,0,0.0,161.13375000000002,161.13375000000002,46.03821428571429,37.30575
2015-02-19,Office Supplies,0.0,0.0,0.0,3,Thursday,2,1,2015,0,0.0,0.0,0,0.0,161.13375000000002,26.136,23.019107142857145,37.30575
2015-02-20,Office Supplies,0.0,0.0,0.0,4,Friday,2,1,2015,0,0.0,0.0,0,0.0,0.0,161.13375000000002,0.0,37.30575
2015-02-21,Office Supplies,0.0,0.0,0.0,5,Saturday,2,1,2015,1,0.0,0.0,0,0.0,0.0,5.58,0.0,37.30575
2015-02-22,Office Supplies,0.0,0.0,0.0,6,Sunday,2,1,2015,1,0.0,0.0,0,0.0,0.0,161.13375000000002,0.0,37.30575
2015-02-23,Office Supplies,0.0,0.0,0.0,0,Monday,2,1,2015,0,0.0,0.0,0,0.0,0.0,161.13375000000002,0.0,37.30575
2015-02-24,Office Supplies,0.0,0.0,0.0,1,Tuesday,2,1,2015,0,0.0,0.0,0,0.0,0.0,42.208,0.0,37.30575
2015-02-25,Office Supplies,0.0,0.0,0.0,2,Wednesday,2,1,2015,0,0.0,0.0,0,0.0,0.0,161.13375000000002,0.0,37.30575
2015-02-26,Office Supplies,0.0,0.0,0.0,3,Thursday,2,1,2015,0,0.0,0.0,0,0.0,0.0,161.13375000000002,0.0,37.30575
2015-02-27,Office Supplies,0.0,0.0,0.0,4,Friday,2,1,2015,0,0.0,0.0,0,0.0,0.0,0.0,0.0,37.30575
2015-02-28,Office Supplies,0.0,0.0,0.0,5,Saturday,2,1,2015,1,0.0,0.0,0,0.0,0.0,0.0,0.0,37.30575
2015-03-01,Office Supplies,16.448,0.0,0.0,6,Sunday,3,1,2015,1,16.448,16.448,0,0.0,0.0,0.0,0.0,37.30575
2015-03-02,Office Supplies,97.11200000000001,0.0,0.0,0,Monday,3,1,2015,0,97.11200000000001,97.11200000000001,0,16.448,0.0,0.0,2.3497142857142856,37.85401666666667
2015-03-03,Office Supplies,407.1,0.0,0.0,1,Tuesday,3,1,2015,0,407.1,161.13375000000002,1,97.11200000000001,0.0,0.0,16.222857142857144,41.09108333333334
2015-03-04,Office Supplies,0.0,0.0,0.0,2,Wednesday,3,1,2015,0,0.0,0.0,0,161.13375000000002,0.0,0.0,39.24196428571429,46.46220833333334
2015-03-05,Office Supplies,72.632,0.0,0.0,3,Thursday,3,1,2015,0,72.632,72.632,0,0.0,0.0,0.0,39.24196428571429,45.43934166666667
2015-03-06,Office Supplies,15.28,0.0,0.0,4,Friday,3,1,2015,0,15.28,15.28,0,72.632,0.0,0.0,49.61796428571429,46.26840833333334
2015-03-07,Office Supplies,0.0,0.0,0.0,5,Saturday,3,1,2015,1,0.0,0.0,0,15.28,0.0,0.0,51.80082142857143,41.40661666666667
2015-03-08,Office Supplies,259.244,0.0,0.0,6,Sunday,3,1,2015,1,259.244,161.13375000000002,1,0.0,16.448,0.0,51.80082142857143,40.53541666666668
2015-03-09,Office Supplies,22.08,0.0,0.0,0,Monday,3,1,2015,0,22.08,22.08,0,161.13375000000002,97.11200000000001,0.0,72.47021428571429,40.53541666666668
2015-03-10,Office Supplies,164.356,0.0,0.0,1,Tuesday,3,1,2015,0,164.356,161.13375000000002,1,22.08,161.13375000000002,0.0,61.75135714285715,41.08541666666667
2015-03-11,Office Supplies,554.845,0.0,0.0,2,Wednesday,3,1,2015,0,554.845,161.13375000000002,1,161.13375000000002,0.0,0.0,61.75135714285715,41.08541666666667
2015-03-12,Office Supplies,25.92,0.0,0.0,3,Thursday,3,1,2015,0,25.92,25.92,0,161.13375000000002,72.632,0.0,84.7704642857143,41.085416666666674
2015-03-13,Office Supplies,0.0,0.0,0.0,4,Friday,3,1,2015,0,0.0,0.0,0,25.92,15.28,0.0,78.09732142857142,40.54248333333333
2015-03-14,Office Supplies,0.0,0.0,0.0,5,Saturday,3,1,2015,1,0.0,0.0,0,0.0,0.0,0.0,75.91446428571429,35.17135833333334
2015-03-15,Office Supplies,0.0,0.0,0.0,6,Sunday,3,1,2015,1,0.0,0.0,0,0.0,161.13375000000002,16.448,75.91446428571429,29.80023333333334
2015-03-16,Office Supplies,0.0,0.0,0.0,0,Monday,3,1,2015,0,0.0,0.0,0,0.0,22.08,97.11200000000001,52.89535714285716,29.800233333333335
2015-03-17,Office Supplies,0.0,0.0,0.0,1,Tuesday,3,1,2015,0,0.0,0.0,0,0.0,161.13375000000002,161.13375000000002,49.74107142857144,29.800233333333335
2015-03-18,Office Supplies,0.0,0.0,0.0,2,Wednesday,3,1,2015,0,0.0,0.0,0,0.0,161.13375000000002,0.0,26.72196428571429,29.800233333333335
2015-03-19,Office Supplies,0.0,0.0,0.0,3,Thursday,3,1,2015,0,0.0,0.0,0,0.0,25.92,72.632,3.7028571428571433,29.800233333333335
2015-03-20,Office Supplies,0.0,0.0,0.0,4,Friday,3,1,2015,0,0.0,0.0,0,0.0,0.0,15.28,0.0,29.800233333333335
2015-03-21,Office Supplies,0.0,0.0,0.0,5,Saturday,3,1,2015,1,0.0,0.0,0,0.0,0.0,0.0,0.0,29.800233333333335
2015-03-22,Office Supplies,0.0,0.0,0.0,6,Sunday,3,1,2015,1,0.0,0.0,0,0.0,0.0,161.13375000000002,0.0,29.800233333333335
2015-03-23,Office Supplies,0.0,0.0,0.0,0,Monday,3,1,2015,0,0.0,0.0,0,0.0,0.0,22.08,0.0,29.800233333333335
2015-03-24,Office Supplies,0.0,0.0,0.0,1,Tuesday,3,1,2015,0,0.0,0.0,0,0.0,0.0,161.13375000000002,0.0,29.800233333333335
2015-03-25,Office Supplies,0.0,0.0,0.0,2,Wednesday,3,1,2015,0,0.0,0.0,0,0.0,0.0,161.13375000000002,0.0,29.800233333333335
2015-03-26,Office Supplies,0.0,0.0,0.0,3,Thursday,3,1,2015,0,0.0,0.0,0,0.0,0.0,25.92,0.0,29.800233333333335
2015-03-27,Office Supplies,0.0,0.0,0.0,4,Friday,3,1,2015,0,0.0,0.0,0,0.0,0.0,0.0,0.0,29.800233333333335
2015-03-28,Office Supplies,0.0,0.0,0.0,5,Saturday,3,1,2015,1,0.0,0.0,0,0.0,0.0,0.0,0.0,29.800233333333335
2015-03-29,Office Supplies,0.0,0.0,0.0,6,Sunday,3,1,2015,1,0.0,0.0,0,0.0,0.0,0.0,0.0,29.800233333333335
2015-03-30,Office Supplies,0.0,0.0,0.0,0,Monday,3,1,2015,0,0.0,0.0,0,0.0,0.0,0.0,0.0,29.800233333333335
2015-03-31,Office Supplies,0.0,0.0,0.0,1,Tuesday,3,1,2015,0,0.0,0.0,0,0.0,0.0,0.0,0.0,29.800233333333335
2015-04-01,Office Supplies,288.06,0.0,0.0,2,Wednesday,4,2,2015,0,288.06,161.13375000000002,1,0.0,0.0,0.0,0.0,29.251966666666668
2015-04-02,Office Supplies,134.38400000000001,0.0,0.0,3,Thursday,4,2,2015,0,134.38400000000001,134.38400000000001,0,161.13375000000002,0.0,0.0,23.019107142857145,31.386025000000004
2015-04-03,Office Supplies,370.452,1.0,0.0,4,Friday,4,2,2015,0,370.452,161.13375000000002,1,134.38400000000001,0.0,0.0,42.216821428571436,30.49436666666667
2015-04-04,Office Supplies,370.394,0.0,0.0,5,Saturday,4,2,2015,1,370.394,161.13375000000002,1,161.13375000000002,0.0,0.0,65.23592857142857,35.86549166666667
2015-04-05,Office Supplies,147.792,0.0,0.0,6,Sunday,4,2,2015,1,147.792,147.792,0,161.13375000000002,0.0,0.0,88.25503571428574,38.81555000000001
2015-04-06,Office Supplies,31.784,0.0,0.0,0,Monday,4,2,2015,0,31.784,31.784,0,147.792,0.0,0.0,109.36817857142857,43.23261666666667
2015-04-07,Office Supplies,247.40800000000002,0.0,0.0,1,Tuesday,4,2,2015,0,247.40800000000002,161.13375000000002,1,31.784,0.0,0.0,113.90875000000001,44.292083333333345
2015-04-08,Office Supplies,2087.774,0.0,0.0,2,Wednesday,4,2,2015,0,2087.774,161.13375000000002,1,161.13375000000002,161.13375000000002,0.0,136.92785714285716,44.292083333333345
2015-04-09,Office Supplies,0.0,0.0,0.0,3,Thursday,4,2,2015,0,0.0,0.0,0,161.13375000000002,134.38400000000001,0.0,136.92785714285716,48.92720833333333
2015-04-10,Office Supplies,139.338,0.0,0.0,4,Friday,4,2,2015,0,139.338,139.338,0,0.0,161.13375000000002,0.0,117.73014285714287,43.55608333333334
2015-04-11,Office Supplies,206.566,0.0,0.0,5,Saturday,4,2,2015,1,206.566,161.13375000000002,1,139.338,161.13375000000002,0.0,114.6164642857143,42.82955833333334
2015-04-12,Office Supplies,0.0,0.0,0.0,6,Sunday,4,2,2015,1,0.0,0.0,0,161.13375000000002,147.792,0.0,114.6164642857143,47.33668333333333
2015-04-13,Office Supplies,0.0,0.0,0.0,0,Monday,4,2,2015,0,0.0,0.0,0,0.0,31.784,0.0,93.50332142857144,47.33668333333333
2015-04-14,Office Supplies,0.0,0.0,0.0,1,Tuesday,4,2,2015,0,0.0,0.0,0,0.0,161.13375000000002,0.0,88.96275000000001,47.33668333333333
2015-04-15,Office Supplies,0.0,0.0,0.0,2,Wednesday,4,2,2015,0,0.0,0.0,0,0.0,161.13375000000002,161.13375000000002,65.94364285714286,47.33668333333333
2015-04-16,Office Supplies,0.0,0.0,0.0,3,Thursday,4,2,2015,0,0.0,0.0,0,0.0,0.0,134.38400000000001,42.92453571428572,47.33668333333333
2015-04-17,Office Supplies,0.0,0.0,0.0,4,Friday,4,2,2015,0,0.0,0.0,0,0.0,139.338,161.13375000000002,42.92453571428572,47.33668333333333
2015-04-18,Office Supplies,0.0,0.0,0.0,5,Saturday,4,2,2015,1,0.0,0.0,0,0.0,161.13375000000002,161.13375000000002,23.019107142857145,47.33668333333333
2015-04-19,Office Supplies,0.0,0.0,0.0,6,Sunday,4,2,2015,1,0.0,0.0,0,0.0,0.0,147.792,0.0,47.33668333333333
2015-04-20,Office Supplies,0.0,0.0,0.0,0,Monday,4,2,2015,0,0.0,0.0,0,0.0,0.0,31.784,0.0,47.33668333333333
2015-04-21,Office Supplies,0.0,0.0,0.0,1,Tuesday,4,2,2015,0,0.0,0.0,0,0.0,0.0,161.13375000000002,0.0,47.33668333333333
2015-04-22,Office Supplies,0.0,0.0,0.0,2,Wednesday,4,2,2015,0,0.0,0.0,0,0.0,0.0,161.13375000000002,0.0,47.33668333333333
2015-04-23,Office Supplies,0.0,0.0,0.0,3,Thursday,4,2,2015,0,0.0,0.0,0,0.0,0.0,0.0,0.0,47.33668333333333
2015-04-24,Office Supplies,0.0,0.0,0.0,4,Friday,4,2,2015,0,0.0,0.0,0,0.0,0.0,139.338,0.0,47.33668333333333
2015-04-25,Office Supplies,0.0,0.0,0.0,5,Saturday,4,2,2015,1,0.0,0.0,0,0.0,0.0,161.13375000000002,0.0,47.33668333333333
2015-04-26,Office Supplies,0.0,0.0,0.0,6,Sunday,4,2,2015,1,0.0,0.0,0,0.0,0.0,0.0,0.0,47.33668333333333
2015-04-27,Office Supplies,0.0,0.0,0.0,0,Monday,4,2,2015,0,0.0,0.0,0,0.0,0.0,0.0,0.0,47.33668333333333
2015-04-28,Office Supplies,0.0,0.0,0.0,1,Tuesday,4,2,2015,0,0.0,0.0,0,0.0,0.0,0.0,0.0,47.33668333333333
2015-04-29,Office Supplies,0.0,0.0,0.0,2,Wednesday,4,2,2015,0,0.0,0.0,0,0.0,0.0,0.0,0.0,47.33668333333333
2015-04-30,Office Supplies,0.0,0.0,0.0,3,Thursday,4,2,2015,0,0.0,0.0,0,0.0,0.0,0.0,0.0,47.33668333333333
2015-05-01,Office Supplies,19.536,1.0,0.0,4,Friday,5,2,2015,0,19.536,19.536,0,0.0,0.0,0.0,0.0,47.33668333333333
2015-05-02,Office Supplies,0.0,0.0,0.0,5,Saturday,5,2,2015,1,0.0,0.0,0,19.536,0.0,0.0,2.790857142857143,42.61675833333334
2015-05-03,Office Supplies,225.59199999999998,0.0,0.0,6,Sunday,5,2,2015,1,225.59199999999998,161.13375000000002,1,0.0,0.0,0.0,2.790857142857143,38.13729166666667
2015-05-04,Office Supplies,5150.748,0.0,0.0,0,Monday,5,2,2015,0,5150.748,161.13375000000002,1,161.13375000000002,0.0,0.0,25.80996428571429,38.13729166666667
2015-05-05,Office Supplies,133.108,0.0,0.0,1,Tuesday,5,2,2015,0,133.108,133.108,0,161.13375000000002,0.0,0.0,48.82907142857143,38.13729166666667
2015-05-06,Office Supplies,0.0,0.0,0.0,2,Wednesday,5,2,2015,0,0.0,0.0,0,133.108,0.0,0.0,67.84450000000001,37.647825000000005
2015-05-07,Office Supplies,731.398,0.0,0.0,3,Thursday,5,2,2015,0,731.398,161.13375000000002,1,0.0,0.0,0.0,67.84450000000001,36.58835833333333
2015-05-08,Office Supplies,293.65,0.0,0.0,4,Friday,5,2,2015,0,293.65,161.13375000000002,1,161.13375000000002,19.536,0.0,90.86360714285716,36.58835833333333
2015-05-09,Office Supplies,264.32,0.0,0.0,5,Saturday,5,2,2015,1,264.32,161.13375000000002,1,161.13375000000002,0.0,0.0,111.09185714285715,36.58835833333334
2015-05-10,Office Supplies,91.92,0.0,0.0,6,Sunday,5,2,2015,1,91.92,91.92,0,161.13375000000002,161.13375000000002,0.0,134.1109642857143,41.95948333333334
2015-05-11,Office Supplies,1093.29,0.0,0.0,0,Monday,5,2,2015,0,1093.29,161.13375000000002,1,91.92,161.13375000000002,0.0,124.22328571428572,40.378883333333334
2015-05-12,Office Supplies,2170.252,0.0,0.0,1,Tuesday,5,2,2015,0,2170.252,161.13375000000002,1,161.13375000000002,133.108,0.0,124.22328571428572,40.37888333333334
2015-05-13,Office Supplies,0.0,0.0,0.0,2,Wednesday,5,2,2015,0,0.0,0.0,0,161.13375000000002,0.0,0.0,128.2269642857143,45.750008333333334
2015-05-14,Office Supplies,0.0,0.0,0.0,3,Thursday,5,2,2015,0,0.0,0.0,0,0.0,161.13375000000002,0.0,128.2269642857143,45.750008333333334
2015-05-15,Office Supplies,0.0,0.0,0.0,4,Friday,5,2,2015,0,0.0,0.0,0,0.0,161.13375000000002,19.536,105.20785714285716,45.750008333333334
2015-05-16,Office Supplies,0.0,0.0,0.0,5,Saturday,5,2,2015,1,0.0,0.0,0,0.0,161.13375000000002,0.0,82.18875000000001,45.750008333333334
2015-05-17,Office Supplies,0.0,0.0,0.0,6,Sunday,5,2,2015,1,0.0,0.0,0,0.0,91.92,161.13375000000002,59.16964285714287,45.750008333333334
2015-05-18,Office Supplies,0.0,0.0,0.0,0,Monday,5,2,2015,0,0.0,0.0,0,0.0,161.13375000000002,161.13375000000002,46.03821428571429,45.750008333333334
2015-05-19,Office Supplies,0.0,0.0,0.0,1,Tuesday,5,2,2015,0,0.0,0.0,0,0.0,161.13375000000002,133.108,23.019107142857145,45.750008333333334
2015-05-20,Office Supplies,0.0,0.0,0.0,2,Wednesday,5,2,2015,0,0.0,0.0,0,0.0,0.0,0.0,0.0,45.750008333333334
2015-05-21,Office Supplies,0.0,0.0,0.0,3,Thursday,5,2,2015,0,0.0,0.0,0,0.0,0.0,161.13375000000002,0.0,45.750008333333334
2015-05-22,Office Supplies,0.0,0.0,0.0,4,Friday,5,2,2015,0,0.0,0.0,0,0.0,0.0,161.13375000000002,0.0,45.750008333333334
2015-05-23,Office Supplies,0.0,0.0,0.0,5,Saturday,5,2,2015,1,0.0,0.0,0,0.0,0.0,161.13375000000002,0.0,45.750008333333334
2015-05-24,Office Supplies,0.0,0.0,0.0,6,Sunday,5,2,2015,1,0.0,0.0,0,0.0,0.0,91.92,0.0,45.750008333333334
2015-05-25,Office Supplies,0.0,0.0,0.0,0,Monday,5,2,2015,0,0.0,0.0,0,0.0,0.0,161.13375000000002,0.0,45.750008333333334
2015-05-26,Office Supplies,0.0,0.0,0.0,1,Tuesday,5,2,2015,0,0.0,0.0,0,0.0,0.0,161.13375000000002,0.0,45.750008333333334
2015-05-27,Office Supplies,0.0,0.0,0.0,2,Wednesday,5,2,2015,0,0.0,0.0,0,0.0,0.0,0.0,0.0,45.750008333333334
2015-05-28,Office Supplies,0.0,0.0,0.0,3,Thursday,5,2,2015,0,0.0,0.0,0,0.0,0.0,0.0,0.0,45.750008333333334
2015-05-29,Office Supplies,0.0,0.0,0.0,4,Friday,5,2,2015,0,0.0,0.0,0,0.0,0.0,0.0,0.0,45.750008333333334
2015-05-30,Office Supplies,0.0,0.0,0.0,5,Saturday,5,2,2015,1,0.0,0.0,0,0.0,0.0,0.0,0.0,45.750008333333334
2015-05-31,Office Supplies,0.0,0.0,0.0,6,Sunday,5,2,2015,1,0.0,0.0,0,0.0,0.0,0.0,0.0,45.750008333333334
2015-06-01,Office Supplies,685.34,0.0,0.0,0,Monday,6,2,2015,0,685.34,161.13375000000002,1,0.0,0.0,0.0,0.0,45.09880833333334
2015-06-02,Office Supplies,23.951999999999998,1.0,0.0,1,Tuesday,6,2,2015,0,23.951999999999998,23.951999999999998,0,161.13375000000002,0.0,0.0,23.019107142857145,50.46993333333334
2015-06-03,Office Supplies,0.0,0.0,0.0,2,Wednesday,6,2,2015,0,0.0,0.0,0,23.951999999999998,0.0,0.0,26.440821428571432,45.89720833333333
2015-06-04,Office Supplies,266.652,0.0,0.0,3,Thursday,6,2,2015,0,266.652,161.13375000000002,1,0.0,0.0,0.0,26.440821428571432,40.52608333333333
2015-06-05,Office Supplies,254.456,0.0,0.0,4,Friday,6,2,2015,0,254.456,161.13375000000002,1,161.13375000000002,0.0,0.0,49.45992857142858,41.460275
2015-06-06,Office Supplies,382.237,0.0,0.0,5,Saturday,6,2,2015,1,382.237,161.13375000000002,1,161.13375000000002,0.0,0.0,72.47903571428573,46.83140000000001
2015-06-07,Office Supplies,0.0,0.0,0.0,6,Sunday,6,2,2015,1,0.0,0.0,0,161.13375000000002,0.0,0.0,95.49814285714287,46.83140000000001
2015-06-08,Office Supplies,0.0,0.0,0.0,0,Monday,6,2,2015,0,0.0,0.0,0,0.0,161.13375000000002,0.0,95.49814285714287,41.460275
2015-06-09,Office Supplies,58.48,0.0,0.0,1,Tuesday,6,2,2015,0,58.48,58.48,0,0.0,23.951999999999998,0.0,72.47903571428573,36.089150000000004
2015-06-10,Office Supplies,485.62,0.0,0.0,2,Wednesday,6,2,2015,0,485.62,161.13375000000002,1,58.48,0.0,0.0,77.41160714285715,34.97448333333333
2015-06-11,Office Supplies,0.0,0.0,0.0,3,Thursday,6,2,2015,0,0.0,0.0,0,161.13375000000002,161.13375000000002,0.0,100.4307142857143,34.97448333333334
2015-06-12,Office Supplies,1410.746,0.0,0.0,4,Friday,6,2,2015,0,1410.746,161.13375000000002,1,0.0,161.13375000000002,0.0,77.41160714285716,29.603358333333336
2015-06-13,Office Supplies,0.0,0.0,0.0,5,Saturday,6,2,2015,1,0.0,0.0,0,161.13375000000002,161.13375000000002,0.0,77.41160714285715,34.97448333333333
2015-06-14,Office Supplies,0.0,0.0,0.0,6,Sunday,6,2,2015,1,0.0,0.0,0,0.0,0.0,0.0,54.392500000000005,34.97448333333333
2015-06-15,Office Supplies,0.0,0.0,0.0,0,Monday,6,2,2015,0,0.0,0.0,0,0.0,0.0,161.13375000000002,54.392500000000005,34.97448333333333
2015-06-16,Office Supplies,0.0,0.0,0.0,1,Tuesday,6,2,2015,0,0.0,0.0,0,0.0,58.48,23.951999999999998,54.392500000000005,34.97448333333333
2015-06-17,Office Supplies,0.0,0.0,0.0,2,Wednesday,6,2,2015,0,0.0,0.0,0,0.0,161.13375000000002,0.0,46.03821428571429,34.97448333333333
2015-06-18,Office Supplies,0.0,0.0,0.0,3,Thursday,6,2,2015,0,0.0,0.0,0,0.0,0.0,161.13375000000002,23.019107142857145,34.97448333333333
2015-06-19,Office Supplies,0.0,0.0,0.0,4,Friday,6,2,2015,0,0.0,0.0,0,0.0,161.13375000000002,161.13375000000002,23.019107142857145,34.97448333333333
2015-06-20,Office Supplies,0.0,0.0,0.0,5,Saturday,6,2,2015,1,0.0,0.0,0,0.0,0.0,161.13375000000002,0.0,34.97448333333333
2015-06-21,Office Supplies,0.0,0.0,0.0,6,Sunday,6,2,2015,1,0.0,0.0,0,0.0,0.0,0.0,0.0,34.97448333333333
2015-06-22,Office Supplies,0.0,0.0,0.0,0,Monday,6,2,2015,0,0.0,0.0,0,0.0,0.0,0.0,0.0,34.97448333333333
2015-06-23,Office Supplies,0.0,0.0,0.0,1,Tuesday,6,2,2015,0,0.0,0.0,0,0.0,0.0,58.48,0.0,34.97448333333333
2015-06-24,Office Supplies,0.0,0.0,0.0,2,Wednesday,6,2,2015,0,0.0,0.0,0,0.0,0.0,161.13375000000002,0.0,34.97448333333333
2015-06-25,Office Supplies,0.0,0.0,0.0,3,Thursday,6,2,2015,0,0.0,0.0,0,0.0,0.0,0.0,0.0,34.97448333333333
2015-06-26,Office Supplies,0.0,0.0,0.0,4,Friday,6,2,2015,0,0.0,0.0,0,0.0,0.0,161.13375000000002,0.0,34.97448333333333
2015-06-27,Office Supplies,0.0,0.0,0.0,5,Saturday,6,2,2015,1,0.0,0.0,0,0.0,0.0,0.0,0.0,34.97448333333333
2015-06-28,Office Supplies,0.0,0.0,0.0,6,Sunday,6,2,2015,1,0.0,0.0,0,0.0,0.0,0.0,0.0,34.97448333333333
2015-06-29,Office Supplies,0.0,0.0,0.0,0,Monday,6,2,2015,0,0.0,0.0,0,0.0,0.0,0.0,0.0,34.97448333333333
2015-06-30,Office Supplies,0.0,0.0,0.0,1,Tuesday,6,2,2015,0,0.0,0.0,0,0.0,0.0,0.0,0.0,34.97448333333333
2015-07-01,Office Supplies,10.43,0.0,0.0,2,Wednesday,7,3,2015,0,10.43,10.43,0,0.0,0.0,0.0,0.0,34.97448333333333
2015-07-02,Office Supplies,64.96,0.0,0.0,3,Thursday,7,3,2015,0,64.96,64.96,0,10.43,0.0,0.0,1.49,29.951025000000005
2015-07-03,Office Supplies,594.078,0.0,0.0,4,Friday,7,3,2015,0,594.078,161.13375000000002,1,64.96,0.0,0.0,10.769999999999998,31.31795833333334
2015-07-04,Office Supplies,181.29,0.0,0.0,5,Saturday,7,3,2015,1,181.29,161.13375000000002,1,161.13375000000002,0.0,0.0,33.78910714285714,36.689083333333336
2015-07-05,Office Supplies,24.78,0.0,0.0,6,Sunday,7,3,2015,1,24.78,24.78,0,161.13375000000002,0.0,0.0,56.80821428571429,36.689083333333336
2015-07-06,Office Supplies,12.462,0.0,0.0,0,Monday,7,3,2015,0,12.462,12.462,0,24.78,0.0,0.0,60.348214285714285,32.14395833333334
2015-07-07,Office Supplies,0.0,0.0,0.0,1,Tuesday,7,3,2015,0,0.0,0.0,0,12.462,0.0,0.0,62.12850000000001,27.188233333333336
2015-07-08,Office Supplies,0.0,0.0,0.0,2,Wednesday,7,3,2015,0,0.0,0.0,0,0.0,10.43,0.0,62.12850000000001,27.188233333333336
2015-07-09,Office Supplies,651.076,0.0,0.0,3,Thursday,7,3,2015,0,651.076,161.13375000000002,1,0.0,64.96,0.0,60.63850000000001,27.188233333333336
2015-07-10,Office Supplies,107.44,0.0,0.0,4,Friday,7,3,2015,0,107.44,107.44,0,161.13375000000002,161.13375000000002,0.0,74.37760714285716,30.610025000000004
2015-07-11,Office Supplies,619.3100000000001,0.0,0.0,5,Saturday,7,3,2015,1,619.3100000000001,161.13375000000002,1,107.44,161.13375000000002,0.0,66.70707142857144,28.820233333333338
2015-07-12,Office Supplies,548.4,0.0,0.0,6,Sunday,7,3,2015,1,548.4,161.13375000000002,1,161.13375000000002,24.78,0.0,66.70707142857144,34.19135833333334
2015-07-13,Office Supplies,0.0,0.0,0.0,0,Monday,7,3,2015,0,0.0,0.0,0,161.13375000000002,12.462,0.0,86.18617857142858,34.19135833333333
2015-07-14,Office Supplies,0.0,0.0,0.0,1,Tuesday,7,3,2015,0,0.0,0.0,0,0.0,0.0,0.0,84.40589285714286,34.19135833333333
2015-07-15,Office Supplies,0.0,0.0,0.0,2,Wednesday,7,3,2015,0,0.0,0.0,0,0.0,0.0,10.43,84.40589285714286,34.19135833333333
2015-07-16,Office Supplies,0.0,0.0,0.0,3,Thursday,7,3,2015,0,0.0,0.0,0,0.0,161.13375000000002,64.96,84.40589285714286,34.19135833333333
2015-07-17,Office Supplies,0.0,0.0,0.0,4,Friday,7,3,2015,0,0.0,0.0,0,0.0,107.44,161.13375000000002,61.386785714285715,34.19135833333333
2015-07-18,Office Supplies,0.0,0.0,0.0,5,Saturday,7,3,2015,1,0.0,0.0,0,0.0,161.13375000000002,161.13375000000002,46.03821428571429,34.19135833333333
2015-07-19,Office Supplies,0.0,0.0,0.0,6,Sunday,7,3,2015,1,0.0,0.0,0,0.0,161.13375000000002,24.78,23.019107142857145,34.19135833333333
2015-07-20,Office Supplies,0.0,0.0,0.0,0,Monday,7,3,2015,0,0.0,0.0,0,0.0,0.0,12.462,0.0,34.19135833333333
2015-07-21,Office Supplies,0.0,0.0,0.0,1,Tuesday,7,3,2015,0,0.0,0.0,0,0.0,0.0,0.0,0.0,34.19135833333333
2015-07-22,Office Supplies,0.0,0.0,0.0,2,Wednesday,7,3,2015,0,0.0,0.0,0,0.0,0.0,0.0,0.0,34.19135833333333
2015-07-23,Office Supplies,0.0,0.0,0.0,3,Thursday,7,3,2015,0,0.0,0.0,0,0.0,0.0,161.13375000000002,0.0,34.19135833333333
2015-07-24,Office Supplies,0.0,0.0,0.0,4,Friday,7,3,2015,0,0.0,0.0,0,0.0,0.0,107.44,0.0,34.19135833333333
2015-07-25,Office Supplies,0.0,0.0,0.0,5,Saturday,7,3,2015,1,0.0,0.0,0,0.0,0.0,161.13375000000002,0.0,34.19135833333333
2015-07-26,Office Supplies,0.0,0.0,0.0,6,Sunday,7,3,2015,1,0.0,0.0,0,0.0,0.0,161.13375000000002,0.0,34.19135833333333
2015-07-27,Office Supplies,0.0,0.0,0.0,0,Monday,7,3,2015,0,0.0,0.0,0,0.0,0.0,0.0,0.0,34.19135833333333
2015-07-28,Office Supplies,0.0,0.0,0.0,1,Tuesday,7,3,2015,0,0.0,0.0,0,0.0,0.0,0.0,0.0,34.19135833333333
2015-07-29,Office Supplies,0.0,0.0,0.0,2,Wednesday,7,3,2015,0,0.0,0.0,0,0.0,0.0,0.0,0.0,34.19135833333333
2015-07-30,Office Supplies,0.0,0.0,0.0,3,Thursday,7,3,2015,0,0.0,0.0,0,0.0,0.0,0.0,0.0,34.19135833333333
2015-07-31,Office Supplies,0.0,0.0,0.0,4,Friday,7,3,2015,0,0.0,0.0,0,0.0,0.0,0.0,0.0,34.19135833333333
2015-08-01,Office Supplies,0.0,0.0,0.0,5,Saturday,8,3,2015,1,0.0,0.0,0,0.0,0.0,0.0,0.0,33.84369166666667
2015-08-02,Office Supplies,0.0,0.0,0.0,6,Sunday,8,3,2015,1,0.0,0.0,0,0.0,0.0,0.0,0.0,31.678358333333335
2015-08-03,Office Supplies,0.0,0.0,0.0,0,Monday,8,3,2015,0,0.0,0.0,0,0.0,0.0,0.0,0.0,26.307233333333336
2015-08-04,Office Supplies,71.168,0.0,0.0,1,Tuesday,8,3,2015,0,71.168,71.168,0,0.0,0.0,0.0,0.0,20.936108333333333
2015-08-05,Office Supplies,0.0,0.0,0.0,2,Wednesday,8,3,2015,0,0.0,0.0,0,71.168,0.0,0.0,10.166857142857143,22.482375
2015-08-06,Office Supplies,1745.3600000000001,0.0,0.0,3,Thursday,8,3,2015,0,1745.3600000000001,161.13375000000002,1,0.0,0.0,0.0,10.166857142857143,22.066975000000003
2015-08-07,Office Supplies,196.704,0.0,0.0,4,Friday,8,3,2015,0,196.704,161.13375000000002,1,161.13375000000002,0.0,0.0,33.18596428571429,27.438100000000002
2015-08-08,Office Supplies,705.275,0.0,0.0,5,Saturday,8,3,2015,1,705.275,161.13375000000002,1,161.13375000000002,0.0,0.0,56.205071428571436,32.809225000000005
2015-08-09,Office Supplies,1692.2559999999999,0.0,0.0,6,Sunday,8,3,2015,1,1692.2559999999999,161.13375000000002,1,161.13375000000002,0.0,0.0,79.22417857142857,32.809225
2015-08-10,Office Supplies,123.92,0.0,0.0,0,Monday,8,3,2015,0,123.92,123.92,0,161.13375000000002,0.0,0.0,102.24328571428573,34.59901666666667
2015-08-11,Office Supplies,0.0,0.0,0.0,1,Tuesday,8,3,2015,0,0.0,0.0,0,123.92,71.168,0.0,119.94614285714286,33.358558333333335
2015-08-12,Office Supplies,215.28,0.0,0.0,2,Wednesday,8,3,2015,0,215.28,161.13375000000002,1,0.0,0.0,0.0,109.77928571428572,27.987433333333335
2015-08-13,Office Supplies,0.0,0.0,0.0,3,Thursday,8,3,2015,0,0.0,0.0,0,161.13375000000002,161.13375000000002,0.0,132.7983928571429,33.358558333333335
2015-08-14,Office Supplies,0.0,0.0,0.0,4,Friday,8,3,2015,0,0.0,0.0,0,0.0,161.13375000000002,0.0,109.77928571428573,33.358558333333335
2015-08-15,Office Supplies,0.0,0.0,0.0,5,Saturday,8,3,2015,1,0.0,0.0,0,0.0,161.13375000000002,0.0,86.76017857142858,33.358558333333335
2015-08-16,Office Supplies,0.0,0.0,0.0,6,Sunday,8,3,2015,1,0.0,0.0,0,0.0,161.13375000000002,0.0,63.74107142857144,33.358558333333335
2015-08-17,Office Supplies,0.0,0.0,0.0,0,Monday,8,3,2015,0,0.0,0.0,0,0.0,123.92,0.0,40.72196428571429,33.358558333333335
2015-08-18,Office Supplies,0.0,0.0,0.0,1,Tuesday,8,3,2015,0,0.0,0.0,0,0.0,0.0,71.168,23.019107142857145,33.358558333333335
2015-08-19,Office Supplies,0.0,0.0,0.0,2,Wednesday,8,3,2015,0,0.0,0.0,0,0.0,161.13375000000002,0.0,23.019107142857145,33.358558333333335
2015-08-20,Office Supplies,0.0,0.0,0.0,3,Thursday,8,3,2015,0,0.0,0.0,0,0.0,0.0,161.13375000000002,0.0,33.358558333333335
2015-08-21,Office Supplies,0.0,0.0,0.0,4,Friday,8,3,2015,0,0.0,0.0,0,0.0,0.0,161.13375000000002,0.0,33.358558333333335
2015-08-22,Office Supplies,0.0,0.0,0.0,5,Saturday,8,3,2015,1,0.0,0.0,0,0.0,0.0,161.13375000000002,0.0,33.358558333333335
2015-08-23,Office Supplies,0.0,0.0,0.0,6,Sunday,8,3,2015,1,0.0,0.0,0,0.0,0.0,161.13375000000002,0.0,33.358558333333335
2015-08-24,Office Supplies,0.0,0.0,0.0,0,Monday,8,3,2015,0,0.0,0.0,0,0.0,0.0,123.92,0.0,33.358558333333335
2015-08-25,Office Supplies,0.0,0.0,0.0,1,Tuesday,8,3,2015,0,0.0,0.0,0,0.0,0.0,0.0,0.0,33.358558333333335
2015-08-26,Office Supplies,0.0,0.0,0.0,2,Wednesday,8,3,2015,0,0.0,0.0,0,0.0,0.0,161.13375000000002,0.0,33.358558333333335
2015-08-27,Office Supplies,0.0,0.0,0.0,3,Thursday,8,3,2015,0,0.0,0.0,0,0.0,0.0,0.0,0.0,33.358558333333335
2015-08-28,Office Supplies,0.0,0.0,0.0,4,Friday,8,3,2015,0,0.0,0.0,0,0.0,0.0,0.0,0.0,33.358558333333335
2015-08-29,Office Supplies,0.0,0.0,0.0,5,Saturday,8,3,2015,1,0.0,0.0,0,0.0,0.0,0.0,0.0,33.358558333333335
2015-08-30,Office Supplies,0.0,0.0,0.0,6,Sunday,8,3,2015,1,0.0,0.0,0,0.0,0.0,0.0,0.0,33.358558333333335
2015-08-31,Office Supplies,0.0,0.0,0.0,0,Monday,8,3,2015,0,0.0,0.0,0,0.0,0.0,0.0,0.0,33.358558333333335
2015-09-01,Office Supplies,9.344,0.0,0.0,1,Tuesday,9,3,2015,0,9.344,9.344,0,0.0,0.0,0.0,0.0,33.358558333333335
2015-09-02,Office Supplies,0.0,0.0,0.0,2,Wednesday,9,3,2015,0,0.0,0.0,0,9.344,0.0,0.0,1.3348571428571427,33.670025
2015-09-03,Office Supplies,0.0,0.0,0.0,3,Thursday,9,3,2015,0,0.0,0.0,0,0.0,0.0,0.0,1.3348571428571427,33.670025
2015-09-04,Office Supplies,0.0,0.0,0.0,4,Friday,9,3,2015,0,0.0,0.0,0,0.0,0.0,0.0,1.3348571428571427,31.297758333333338
2015-09-05,Office Supplies,158.70999999999998,0.0,0.0,5,Saturday,9,3,2015,1,158.70999999999998,158.70999999999998,0,0.0,0.0,0.0,1.3348571428571427,31.297758333333338
2015-09-06,Office Supplies,338.712,0.0,0.0,6,Sunday,9,3,2015,1,338.712,161.13375000000002,1,158.70999999999998,0.0,0.0,24.007714285714282,31.21696666666667
2015-09-07,Office Supplies,145.688,0.0,0.0,0,Monday,9,3,2015,0,145.688,145.688,0,161.13375000000002,0.0,0.0,47.02682142857143,31.216966666666668
2015-09-08,Office Supplies,2116.965,0.0,0.0,1,Tuesday,9,3,2015,0,2116.965,161.13375000000002,1,145.688,9.344,0.0,67.83939285714285,30.70210833333334
2015-09-09,Office Supplies,1679.3539999999998,0.0,0.0,2,Wednesday,9,3,2015,0,1679.3539999999998,161.13375000000002,1,161.13375000000002,0.0,0.0,89.52364285714286,30.702108333333335
2015-09-10,Office Supplies,233.368,0.0,0.0,3,Thursday,9,3,2015,0,233.368,161.13375000000002,1,161.13375000000002,0.0,0.0,112.54275,31.942566666666668
2015-09-11,Office Supplies,590.94,0.0,0.0,4,Friday,9,3,2015,0,590.94,161.13375000000002,1,161.13375000000002,0.0,0.0,135.56185714285715,37.313691666666664
2015-09-12,Office Supplies,442.676,0.0,0.0,5,Saturday,9,3,2015,1,442.676,161.13375000000002,1,161.13375000000002,158.70999999999998,0.0,158.5809642857143,37.313691666666664
2015-09-13,Office Supplies,0.0,0.0,0.0,6,Sunday,9,3,2015,1,0.0,0.0,0,161.13375000000002,161.13375000000002,0.0,158.9272142857143,42.68481666666666
2015-09-14,Office Supplies,0.0,0.0,0.0,0,Monday,9,3,2015,0,0.0,0.0,0,0.0,145.688,0.0,135.90810714285718,42.68481666666666
2015-09-15,Office Supplies,0.0,0.0,0.0,1,Tuesday,9,3,2015,0,0.0,0.0,0,0.0,161.13375000000002,9.344,115.09553571428572,42.68481666666666
2015-09-16,Office Supplies,0.0,0.0,0.0,2,Wednesday,9,3,2015,0,0.0,0.0,0,0.0,161.13375000000002,0.0,92.07642857142858,42.68481666666666
2015-09-17,Office Supplies,0.0,0.0,0.0,3,Thursday,9,3,2015,0,0.0,0.0,0,0.0,161.13375000000002,0.0,69.05732142857144,42.68481666666666
2015-09-18,Office Supplies,0.0,0.0,0.0,4,Friday,9,3,2015,0,0.0,0.0,0,0.0,161.13375000000002,0.0,46.03821428571429,42.68481666666666
2015-09-19,Office Supplies,0.0,0.0,0.0,5,Saturday,9,3,2015,1,0.0,0.0,0,0.0,161.13375000000002,158.70999999999998,23.019107142857145,42.68481666666666
2015-09-20,Office Supplies,0.0,0.0,0.0,6,Sunday,9,3,2015,1,0.0,0.0,0,0.0,0.0,161.13375000000002,0.0,42.68481666666666
2015-09-21,Office Supplies,0.0,0.0,0.0,0,Monday,9,3,2015,0,0.0,0.0,0,0.0,0.0,145.688,0.0,42.68481666666666
2015-09-22,Office Supplies,0.0,0.0,0.0,1,Tuesday,9,3,2015,0,0.0,0.0,0,0.0,0.0,161.13375000000002,0.0,42.68481666666666
2015-09-23,Office Supplies,0.0,0.0,0.0,2,Wednesday,9,3,2015,0,0.0,0.0,0,0.0,0.0,161.13375000000002,0.0,42.68481666666666
2015-09-24,Office Supplies,0.0,0.0,0.0,3,Thursday,9,3,2015,0,0.0,0.0,0,0.0,0.0,161.13375000000002,0.0,42.68481666666666
2015-09-25,Office Supplies,0.0,0.0,0.0,4,Friday,9,3,2015,0,0.0,0.0,0,0.0,0.0,161.13375000000002,0.0,42.68481666666666
2015-09-26,Office Supplies,0.0,0.0,0.0,5,Saturday,9,3,2015,1,0.0,0.0,0,0.0,0.0,161.13375000000002,0.0,42.68481666666666
2015-09-27,Office Supplies,0.0,0.0,0.0,6,Sunday,9,3,2015,1,0.0,0.0,0,0.0,0.0,0.0,0.0,42.68481666666666
2015-09-28,Office Supplies,0.0,0.0,0.0,0,Monday,9,3,2015,0,0.0,0.0,0,0.0,0.0,0.0,0.0,42.68481666666666
2015-09-29,Office Supplies,0.0,0.0,0.0,1,Tuesday,9,3,2015,0,0.0,0.0,0,0.0,0.0,0.0,0.0,42.68481666666666
2015-09-30,Office Supplies,0.0,0.0,0.0,2,Wednesday,9,3,2015,0,0.0,0.0,0,0.0,0.0,0.0,0.0,42.68481666666666
2015-10-01,Office Supplies,2.89,0.0,0.0,3,Thursday,10,4,2015,0,2.89,2.89,0,0.0,0.0,0.0,0.0,42.68481666666666
2015-10-02,Office Supplies,0.0,0.0,0.0,4,Friday,10,4,2015,0,0.0,0.0,0,2.89,0.0,0.0,0.41285714285714287,42.469683333333336
2015-10-03,Office Supplies,741.956,0.0,0.0,5,Saturday,10,4,2015,1,741.956,161.13375000000002,1,0.0,0.0,0.0,0.41285714285714287,42.469683333333336
2015-10-04,Office Supplies,0.0,0.0,0.0,6,Sunday,10,4,2015,1,0.0,0.0,0,161.13375000000002,0.0,0.0,23.431964285714287,47.840808333333335
2015-10-05,Office Supplies,261.45,0.0,0.0,0,Monday,10,4,2015,0,261.45,161.13375000000002,1,0.0,0.0,0.0,23.431964285714287,47.840808333333335
2015-10-06,Office Supplies,491.55,0.0,0.0,1,Tuesday,10,4,2015,0,491.55,161.13375000000002,1,161.13375000000002,0.0,0.0,46.45107142857143,47.921600000000005
2015-10-07,Office Supplies,0.0,0.0,0.0,2,Wednesday,10,4,2015,0,0.0,0.0,0,161.13375000000002,0.0,0.0,69.47017857142858,47.921600000000005
2015-10-08,Office Supplies,0.0,0.0,0.0,3,Thursday,10,4,2015,0,0.0,0.0,0,0.0,2.89,0.0,69.47017857142858,43.06533333333334
2015-10-09,Office Supplies,113.28800000000001,0.0,0.0,4,Friday,10,4,2015,0,113.28800000000001,113.28800000000001,0,0.0,0.0,0.0,69.05732142857144,37.694208333333336
2015-10-10,Office Supplies,302.272,0.0,0.0,5,Saturday,10,4,2015,1,302.272,161.13375000000002,1,113.28800000000001,161.13375000000002,0.0,85.24132142857145,36.09935
2015-10-11,Office Supplies,733.01,0.0,0.0,6,Sunday,10,4,2015,1,733.01,161.13375000000002,1,161.13375000000002,0.0,0.0,85.24132142857145,36.09935
2015-10-12,Office Supplies,234.98399999999998,0.0,0.0,0,Monday,10,4,2015,0,234.98399999999998,161.13375000000002,1,161.13375000000002,161.13375000000002,0.0,108.26042857142859,36.09935
2015-10-13,Office Supplies,0.0,0.0,0.0,1,Tuesday,10,4,2015,0,0.0,0.0,0,161.13375000000002,161.13375000000002,0.0,108.26042857142859,36.09935
2015-10-14,Office Supplies,0.0,0.0,0.0,2,Wednesday,10,4,2015,0,0.0,0.0,0,0.0,0.0,0.0,85.24132142857145,36.09935
2015-10-15,Office Supplies,0.0,0.0,0.0,3,Thursday,10,4,2015,0,0.0,0.0,0,0.0,0.0,2.89,85.24132142857145,36.09935
2015-10-16,Office Supplies,0.0,0.0,0.0,4,Friday,10,4,2015,0,0.0,0.0,0,0.0,113.28800000000001,0.0,85.24132142857145,36.09935
2015-10-17,Office Supplies,0.0,0.0,0.0,5,Saturday,10,4,2015,1,0.0,0.0,0,0.0,161.13375000000002,161.13375000000002,69.05732142857144,36.09935
2015-10-18,Office Supplies,0.0,0.0,0.0,6,Sunday,10,4,2015,1,0.0,0.0,0,0.0,161.13375000000002,0.0,46.03821428571429,36.09935
2015-10-19,Office Supplies,0.0,0.0,0.0,0,Monday,10,4,2015,0,0.0,0.0,0,0.0,161.13375000000002,161.13375000000002,23.019107142857145,36.09935
2015-10-20,Office Supplies,0.0,0.0,0.0,1,Tuesday,10,4,2015,0,0.0,0.0,0,0.0,0.0,161.13375000000002,0.0,36.09935
2015-10-21,Office Supplies,0.0,0.0,0.0,2,Wednesday,10,4,2015,0,0.0,0.0,0,0.0,0.0,0.0,0.0,36.09935
2015-10-22,Office Supplies,0.0,0.0,0.0,3,Thursday,10,4,2015,0,0.0,0.0,0,0.0,0.0,0.0,0.0,36.09935
2015-10-23,Office Supplies,0.0,0.0,0.0,4,Friday,10,4,2015,0,0.0,0.0,0,0.0,0.0,113.28800000000001,0.0,36.09935
2015-10-24,Office Supplies,0.0,0.0,0.0,5,Saturday,10,4,2015,1,0.0,0.0,0,0.0,0.0,161.13375000000002,0.0,36.09935
2015-10-25,Office Supplies,0.0,0.0,0.0,6,Sunday,10,4,2015,1,0.0,0.0,0,0.0,0.0,161.13375000000002,0.0,36.09935
2015-10-26,Office Supplies,0.0,0.0,0.0,0,Monday,10,4,2015,0,0.0,0.0,0,0.0,0.0,161.13375000000002,0.0,36.09935
2015-10-27,Office Supplies,0.0,0.0,0.0,1,Tuesday,10,4,2015,0,0.0,0.0,0,0.0,0.0,0.0,0.0,36.09935
2015-10-28,Office Supplies,0.0,0.0,0.0,2,Wednesday,10,4,2015,0,0.0,0.0,0,0.0,0.0,0.0,0.0,36.09935
2015-10-29,Office Supplies,0.0,0.0,0.0,3,Thursday,10,4,2015,0,0.0,0.0,0,0.0,0.0,0.0,0.0,36.09935
2015-10-30,Office Supplies,0.0,0.0,0.0,4,Friday,10,4,2015,0,0.0,0.0,0,0.0,0.0,0.0,0.0,36.09935
2015-10-31,Office Supplies,0.0,0.0,0.0,5,Saturday,10,4,2015,1,0.0,0.0,0,0.0,0.0,0.0,0.0,36.09935
2015-11-01,Office Supplies,0.0,0.0,0.0,6,Sunday,11,4,2015,1,0.0,0.0,0,0.0,0.0,0.0,0.0,36.00301666666667
2015-11-02,Office Supplies,158.89999999999998,0.0,0.0,0,Monday,11,4,2015,0,158.89999999999998,158.89999999999998,0,0.0,0.0,0.0,0.0,36.00301666666667
2015-11-03,Office Supplies,289.064,0.0,0.0,1,Tuesday,11,4,2015,0,289.064,161.13375000000002,1,158.89999999999998,0.0,0.0,22.699999999999996,35.92855833333333
2015-11-04,Office Supplies,113.94399999999999,0.0,0.0,2,Wednesday,11,4,2015,0,113.94399999999999,113.94399999999999,0,161.13375000000002,0.0,0.0,45.71910714285714,41.299683333333334
2015-11-05,Office Supplies,157.962,0.0,0.0,3,Thursday,11,4,2015,0,157.962,157.962,0,113.94399999999999,0.0,0.0,61.99682142857143,39.72669166666667
2015-11-06,Office Supplies,0.0,0.0,0.0,4,Friday,11,4,2015,0,0.0,0.0,0,157.962,0.0,0.0,84.56282142857143,39.62096666666667
2015-11-07,Office Supplies,269.368,0.0,0.0,5,Saturday,11,4,2015,1,269.368,161.13375000000002,1,0.0,0.0,0.0,84.56282142857143,39.62096666666667
2015-11-08,Office Supplies,439.27,0.0,0.0,6,Sunday,11,4,2015,1,439.27,161.13375000000002,1,161.13375000000002,0.0,0.0,107.58192857142856,44.99209166666667
2015-11-09,Office Supplies,0.0,0.0,0.0,0,Monday,11,4,2015,0,0.0,0.0,0,161.13375000000002,158.89999999999998,0.0,130.60103571428573,46.58695
2015-11-10,Office Supplies,530.206,0.0,0.0,1,Tuesday,11,4,2015,0,530.206,161.13375000000002,1,0.0,161.13375000000002,0.0,107.90103571428573,41.215824999999995
2015-11-11,Office Supplies,4137.856,0.0,0.0,2,Wednesday,11,4,2015,0,4137.856,161.13375000000002,1,161.13375000000002,113.94399999999999,0.0,107.90103571428573,41.215825
2015-11-12,Office Supplies,0.0,0.0,0.0,3,Thursday,11,4,2015,0,0.0,0.0,0,161.13375000000002,157.962,0.0,114.64242857142858,41.215825
2015-11-13,Office Supplies,0.0,0.0,0.0,4,Friday,11,4,2015,0,0.0,0.0,0,0.0,0.0,0.0,92.07642857142858,41.215825
2015-11-14,Office Supplies,0.0,0.0,0.0,5,Saturday,11,4,2015,1,0.0,0.0,0,0.0,161.13375000000002,0.0,92.07642857142858,41.215825
2015-11-15,Office Supplies,0.0,0.0,0.0,6,Sunday,11,4,2015,1,0.0,0.0,0,0.0,161.13375000000002,0.0,69.05732142857144,41.215825
2015-11-16,Office Supplies,0.0,0.0,0.0,0,Monday,11,4,2015,0,0.0,0.0,0,0.0,0.0,158.89999999999998,46.03821428571429,41.215825
2015-11-17,Office Supplies,0.0,0.0,0.0,1,Tuesday,11,4,2015,0,0.0,0.0,0,0.0,161.13375000000002,161.13375000000002,46.03821428571429,41.215825
2015-11-18,Office Supplies,0.0,0.0,0.0,2,Wednesday,11,4,2015,0,0.0,0.0,0,0.0,161.13375000000002,113.94399999999999,23.019107142857145,41.215825
2015-11-19,Office Supplies,0.0,0.0,0.0,3,Thursday,11,4,2015,0,0.0,0.0,0,0.0,0.0,157.962,0.0,41.215825
2015-11-20,Office Supplies,0.0,0.0,0.0,4,Friday,11,4,2015,0,0.0,0.0,0,0.0,0.0,0.0,0.0,41.215825
2015-11-21,Office Supplies,0.0,0.0,0.0,5,Saturday,11,4,2015,1,0.0,0.0,0,0.0,0.0,161.13375000000002,0.0,41.215825
2015-11-22,Office Supplies,0.0,0.0,0.0,6,Sunday,11,4,2015,1,0.0,0.0,0,0.0,0.0,161.13375000000002,0.0,41.215825
2015-11-23,Office Supplies,0.0,0.0,0.0,0,Monday,11,4,2015,0,0.0,0.0,0,0.0,0.0,0.0,0.0,41.215825
2015-11-24,Office Supplies,0.0,0.0,0.0,1,Tuesday,11,4,2015,0,0.0,0.0,0,0.0,0.0,161.13375000000002,0.0,41.215825
2015-11-25,Office Supplies,0.0,0.0,0.0,2,Wednesday,11,4,2015,0,0.0,0.0,0,0.0,0.0,161.13375000000002,0.0,41.215825
2015-11-26,Office Supplies,0.0,0.0,0.0,3,Thursday,11,4,2015,0,0.0,0.0,0,0.0,0.0,0.0,0.0,41.215825
2015-11-27,Office Supplies,0.0,0.0,0.0,4,Friday,11,4,2015,0,0.0,0.0,0,0.0,0.0,0.0,0.0,41.215825
2015-11-28,Office Supplies,0.0,0.0,0.0,5,Saturday,11,4,2015,1,0.0,0.0,0,0.0,0.0,0.0,0.0,41.215825
2015-11-29,Office Supplies,0.0,0.0,0.0,6,Sunday,11,4,2015,1,0.0,0.0,0,0.0,0.0,0.0,0.0,41.215825
2015-11-30,Office Supplies,0.0,0.0,0.0,0,Monday,11,4,2015,0,0.0,0.0,0,0.0,0.0,0.0,0.0,41.215825
2015-12-01,Office Supplies,0.0,0.0,0.0,1,Tuesday,12,4,2015,0,0.0,0.0,0,0.0,0.0,0.0,0.0,41.215825
2015-12-02,Office Supplies,0.0,0.0,0.0,2,Wednesday,12,4,2015,0,0.0,0.0,0,0.0,0.0,0.0,0.0,41.215825
2015-12-03,Office Supplies,0.0,0.0,0.0,3,Thursday,12,4,2015,0,0.0,0.0,0,0.0,0.0,0.0,0.0,35.91915833333334
2015-12-04,Office Supplies,50.488,0.0,0.0,4,Friday,12,4,2015,0,50.488,50.488,0,0.0,0.0,0.0,0.0,30.548033333333333
2015-12-05,Office Supplies,0.0,0.0,0.0,5,Saturday,12,4,2015,1,0.0,0.0,0,50.488,0.0,0.0,7.212571428571429,28.432833333333335
2015-12-06,Office Supplies,0.0,0.0,0.0,6,Sunday,12,4,2015,1,0.0,0.0,0,0.0,0.0,0.0,7.212571428571429,23.167433333333335
2015-12-07,Office Supplies,346.39,0.0,0.0,0,Monday,12,4,2015,0,346.39,161.13375000000002,1,0.0,0.0,0.0,7.212571428571429,23.167433333333335
2015-12-08,Office Supplies,495.026,0.0,0.0,1,Tuesday,12,4,2015,0,495.026,161.13375000000002,1,161.13375000000002,0.0,0.0,30.231678571428574,23.16743333333334
2015-12-09,Office Supplies,936.202,1.0,0.0,2,Wednesday,12,4,2015,0,936.202,161.13375000000002,1,161.13375000000002,0.0,0.0,53.25078571428572,23.167433333333335
2015-12-10,Office Supplies,58.53,0.0,0.0,3,Thursday,12,4,2015,0,58.53,58.53,0,161.13375000000002,0.0,0.0,76.26989285714286,28.538558333333338
2015-12-11,Office Supplies,125.08,0.0,0.0,4,Friday,12,4,2015,0,125.08,125.08,0,58.53,50.488,0.0,84.63132142857144,25.118433333333336
2015-12-12,Office Supplies,242.804,0.0,0.0,5,Saturday,12,4,2015,1,242.804,161.13375000000002,1,125.08,0.0,0.0,95.28732142857145,23.91664166666667
2015-12-13,Office Supplies,0.0,0.0,0.0,6,Sunday,12,4,2015,1,0.0,0.0,0,161.13375000000002,0.0,0.0,118.30642857142857,29.287766666666666
2015-12-14,Office Supplies,0.0,0.0,0.0,0,Monday,12,4,2015,0,0.0,0.0,0,0.0,161.13375000000002,0.0,118.30642857142857,29.287766666666666
2015-12-15,Office Supplies,0.0,0.0,0.0,1,Tuesday,12,4,2015,0,0.0,0.0,0,0.0,161.13375000000002,0.0,95.28732142857143,29.287766666666666
2015-12-16,Office Supplies,0.0,0.0,0.0,2,Wednesday,12,4,2015,0,0.0,0.0,0,0.0,161.13375000000002,0.0,72.2682142857143,29.287766666666666
2015-12-17,Office Supplies,0.0,0.0,0.0,3,Thursday,12,4,2015,0,0.0,0.0,0,0.0,58.53,0.0,49.24910714285715,29.287766666666666
2015-12-18,Office Supplies,0.0,0.0,0.0,4,Friday,12,4,2015,0,0.0,0.0,0,0.0,125.08,50.488,40.88767857142857,29.287766666666666
2015-12-19,Office Supplies,0.0,0.0,0.0,5,Saturday,12,4,2015,1,0.0,0.0,0,0.0,161.13375000000002,0.0,23.019107142857145,29.287766666666666
2015-12-20,Office Supplies,0.0,0.0,0.0,6,Sunday,12,4,2015,1,0.0,0.0,0,0.0,0.0,0.0,0.0,29.287766666666666
2015-12-21,Office Supplies,0.0,0.0,0.0,0,Monday,12,4,2015,0,0.0,0.0,0,0.0,0.0,161.13375000000002,0.0,29.287766666666666
2015-12-22,Office Supplies,0.0,0.0,0.0,1,Tuesday,12,4,2015,0,0.0,0.0,0,0.0,0.0,161.13375000000002,0.0,29.287766666666666
2015-12-23,Office Supplies,0.0,0.0,0.0,2,Wednesday,12,4,2015,0,0.0,0.0,0,0.0,0.0,161.13375000000002,0.0,29.287766666666666
2015-12-24,Office Supplies,0.0,0.0,0.0,3,Thursday,12,4,2015,0,0.0,0.0,0,0.0,0.0,58.53,0.0,29.287766666666666
2015-12-25,Office Supplies,0.0,0.0,0.0,4,Friday,12,4,2015,0,0.0,0.0,0,0.0,0.0,125.08,0.0,29.287766666666666
2015-12-26,Office Supplies,0.0,0.0,0.0,5,Saturday,12,4,2015,1,0.0,0.0,0,0.0,0.0,161.13375000000002,0.0,29.287766666666666
2015-12-27,Office Supplies,0.0,0.0,0.0,6,Sunday,12,4,2015,1,0.0,0.0,0,0.0,0.0,0.0,0.0,29.287766666666666
2015-12-28,Office Supplies,0.0,0.0,0.0,0,Monday,12,4,2015,0,0.0,0.0,0,0.0,0.0,0.0,0.0,29.287766666666666
2015-12-29,Office Supplies,0.0,0.0,0.0,1,Tuesday,12,4,2015,0,0.0,0.0,0,0.0,0.0,0.0,0.0,29.287766666666666
2015-12-30,Office Supplies,0.0,0.0,0.0,2,Wednesday,12,4,2015,0,0.0,0.0,0,0.0,0.0,0.0,0.0,29.287766666666666
2015-12-31,Office Supplies,0.0,0.0,0.0,3,Thursday,12,4,2015,0,0.0,0.0,0,0.0,0.0,0.0,0.0,29.287766666666666
2016-01-01,Office Supplies,0.0,0.0,0.0,4,Friday,1,1,2016,0,0.0,0.0,0,0.0,0.0,0.0,0.0,29.287766666666666
2016-01-02,Office Supplies,0.0,0.0,0.0,5,Saturday,1,1,2016,1,0.0,0.0,0,0.0,0.0,0.0,0.0,29.287766666666666
2016-01-03,Office Supplies,117.6,0.0,0.0,6,Sunday,1,1,2016,1,117.6,117.6,0,0.0,0.0,0.0,0.0,29.287766666666666
2016-01-04,Office Supplies,0.0,0.0,0.0,0,Monday,1,1,2016,0,0.0,0.0,0,117.6,0.0,0.0,16.8,31.524833333333337
2016-01-05,Office Supplies,298.636,0.0,0.0,1,Tuesday,1,1,2016,0,298.636,161.13375000000002,1,0.0,0.0,0.0,16.8,31.524833333333337
2016-01-06,Office Supplies,492.31800000000004,0.0,0.0,2,Wednesday,1,1,2016,0,492.31800000000004,161.13375000000002,1,161.13375000000002,0.0,0.0,39.81910714285714,36.89595833333333
2016-01-07,Office Supplies,0.0,0.0,0.0,3,Thursday,1,1,2016,0,0.0,0.0,0,161.13375000000002,0.0,0.0,62.838214285714294,36.89595833333333
2016-01-08,Office Supplies,6.72,0.0,0.0,4,Friday,1,1,2016,0,6.72,6.72,0,0.0,0.0,0.0,62.838214285714294,31.524833333333337
2016-01-09,Office Supplies,1222.48,0.0,0.0,5,Saturday,1,1,2016,1,1222.48,161.13375000000002,1,6.72,0.0,0.0,63.79821428571429,26.377708333333334
2016-01-10,Office Supplies,164.866,0.0,0.0,6,Sunday,1,1,2016,1,164.866,161.13375000000002,1,161.13375000000002,117.6,0.0,86.81732142857143,29.797833333333337
2016-01-11,Office Supplies,24.567999999999998,0.0,0.0,0,Monday,1,1,2016,0,24.567999999999998,24.567999999999998,0,161.13375000000002,0.0,0.0,93.03642857142859,30.999624999999998
2016-01-12,Office Supplies,529.914,0.0,0.0,1,Tuesday,1,1,2016,0,529.914,161.13375000000002,1,24.567999999999998,161.13375000000002,0.0,96.54614285714287,26.447433333333336
2016-01-13,Office Supplies,0.0,0.0,0.0,2,Wednesday,1,1,2016,0,0.0,0.0,0,161.13375000000002,161.13375000000002,0.0,96.54614285714287,31.818558333333335
2016-01-14,Office Supplies,0.0,0.0,0.0,3,Thursday,1,1,2016,0,0.0,0.0,0,0.0,0.0,0.0,73.52703571428572,31.818558333333335
2016-01-15,Office Supplies,0.0,0.0,0.0,4,Friday,1,1,2016,0,0.0,0.0,0,0.0,6.72,0.0,73.52703571428572,31.818558333333335
2016-01-16,Office Supplies,0.0,0.0,0.0,5,Saturday,1,1,2016,1,0.0,0.0,0,0.0,161.13375000000002,0.0,72.56703571428572,31.818558333333335
2016-01-17,Office Supplies,0.0,0.0,0.0,6,Sunday,1,1,2016,1,0.0,0.0,0,0.0,161.13375000000002,117.6,49.54792857142858,31.818558333333335
2016-01-18,Office Supplies,0.0,0.0,0.0,0,Monday,1,1,2016,0,0.0,0.0,0,0.0,24.567999999999998,0.0,26.52882142857143,31.818558333333335
2016-01-19,Office Supplies,0.0,0.0,0.0,1,Tuesday,1,1,2016,0,0.0,0.0,0,0.0,161.13375000000002,161.13375000000002,23.019107142857145,31.818558333333335
2016-01-20,Office Supplies,0.0,0.0,0.0,2,Wednesday,1,1,2016,0,0.0,0.0,0,0.0,0.0,161.13375000000002,0.0,31.818558333333335
2016-01-21,Office Supplies,0.0,0.0,0.0,3,Thursday,1,1,2016,0,0.0,0.0,0,0.0,0.0,0.0,0.0,31.818558333333335
2016-01-22,Office Supplies,0.0,0.0,0.0,4,Friday,1,1,2016,0,0.0,0.0,0,0.0,0.0,6.72,0.0,31.818558333333335
2016-01-23,Office Supplies,0.0,0.0,0.0,5,Saturday,1,1,2016,1,0.0,0.0,0,0.0,0.0,161.13375000000002,0.0,31.818558333333335
2016-01-24,Office Supplies,0.0,0.0,0.0,6,Sunday,1,1,2016,1,0.0,0.0,0,0.0,0.0,161.13375000000002,0.0,31.818558333333335
2016-01-25,Office Supplies,0.0,0.0,0.0,0,Monday,1,1,2016,0,0.0,0.0,0,0.0,0.0,24.567999999999998,0.0,31.818558333333335
2016-01-26,Office Supplies,0.0,0.0,0.0,1,Tuesday,1,1,2016,0,0.0,0.0,0,0.0,0.0,161.13375000000002,0.0,31.818558333333335
2016-01-27,Office Supplies,0.0,0.0,0.0,2,Wednesday,1,1,2016,0,0.0,0.0,0,0.0,0.0,0.0,0.0,31.818558333333335
2016-01-28,Office Supplies,0.0,0.0,0.0,3,Thursday,1,1,2016,0,0.0,0.0,0,0.0,0.0,0.0,0.0,31.818558333333335
2016-01-29,Office Supplies,0.0,0.0,0.0,4,Friday,1,1,2016,0,0.0,0.0,0,0.0,0.0,0.0,0.0,31.818558333333335
2016-01-30,Office Supplies,0.0,0.0,0.0,5,Saturday,1,1,2016,1,0.0,0.0,0,0.0,0.0,0.0,0.0,31.818558333333335
2016-01-31,Office Supplies,0.0,0.0,0.0,6,Sunday,1,1,2016,1,0.0,0.0,0,0.0,0.0,0.0,0.0,31.818558333333335
2016-02-01,Office Supplies,139.08,0.0,0.0,0,Monday,2,1,2016,0,139.08,139.08,0,0.0,0.0,0.0,0.0,31.818558333333335
2016-02-02,Office Supplies,0.0,0.0,0.0,1,Tuesday,2,1,2016,0,0.0,0.0,0,139.08,0.0,0.0,19.868571428571432,36.45455833333334
2016-02-03,Office Supplies,112.03999999999999,0.0,0.0,2,Wednesday,2,1,2016,0,112.03999999999999,112.03999999999999,0,0.0,0.0,0.0,19.868571428571432,32.53455833333334
2016-02-04,Office Supplies,41.348,0.0,0.0,3,Thursday,2,1,2016,0,41.348,41.348,0,112.03999999999999,0.0,0.0,35.87428571428571,36.269225000000006
2016-02-05,Office Supplies,8.856,0.0,0.0,4,Friday,2,1,2016,0,8.856,8.856,0,41.348,0.0,0.0,41.78114285714286,32.27636666666667
2016-02-06,Office Supplies,0.0,0.0,0.0,5,Saturday,2,1,2016,1,0.0,0.0,0,8.856,0.0,0.0,43.046285714285716,27.200441666666666
2016-02-07,Office Supplies,607.284,0.0,0.0,6,Sunday,2,1,2016,1,607.284,161.13375000000002,1,0.0,0.0,0.0,43.046285714285716,27.200441666666666
2016-02-08,Office Supplies,14.768,1.0,0.0,0,Monday,2,1,2016,0,14.768,14.768,0,161.13375000000002,139.08,0.0,66.06539285714287,32.347566666666665
2016-02-09,Office Supplies,0.0,0.0,0.0,1,Tuesday,2,1,2016,0,0.0,0.0,0,14.768,0.0,0.0,48.306535714285715,27.468708333333336
2016-02-10,Office Supplies,611.2339999999999,0.0,0.0,2,Wednesday,2,1,2016,0,611.2339999999999,161.13375000000002,1,0.0,112.03999999999999,0.0,48.306535714285715,22.097583333333333
2016-02-11,Office Supplies,356.532,0.0,0.0,3,Thursday,2,1,2016,0,356.532,161.13375000000002,1,161.13375000000002,41.348,0.0,55.319928571428576,26.649774999999998
2016-02-12,Office Supplies,0.0,0.0,0.0,4,Friday,2,1,2016,0,0.0,0.0,0,161.13375000000002,8.856,0.0,72.43217857142858,26.649775
2016-02-13,Office Supplies,0.0,0.0,0.0,5,Saturday,2,1,2016,1,0.0,0.0,0,0.0,0.0,0.0,71.16703571428572,26.649775
2016-02-14,Office Supplies,0.0,0.0,0.0,6,Sunday,2,1,2016,1,0.0,0.0,0,0.0,161.13375000000002,0.0,71.16703571428572,26.649775
2016-02-15,Office Supplies,0.0,0.0,0.0,0,Monday,2,1,2016,0,0.0,0.0,0,0.0,14.768,139.08,48.14792857142858,26.649775
2016-02-16,Office Supplies,0.0,0.0,0.0,1,Tuesday,2,1,2016,0,0.0,0.0,0,0.0,0.0,0.0,46.03821428571429,26.649775
2016-02-17,Office Supplies,0.0,0.0,0.0,2,Wednesday,2,1,2016,0,0.0,0.0,0,0.0,161.13375000000002,112.03999999999999,46.03821428571429,26.649775
2016-02-18,Office Supplies,0.0,0.0,0.0,3,Thursday,2,1,2016,0,0.0,0.0,0,0.0,161.13375000000002,41.348,23.019107142857145,26.649775
2016-02-19,Office Supplies,0.0,0.0,0.0,4,Friday,2,1,2016,0,0.0,0.0,0,0.0,0.0,8.856,0.0,26.649775
2016-02-20,Office Supplies,0.0,0.0,0.0,5,Saturday,2,1,2016,1,0.0,0.0,0,0.0,0.0,0.0,0.0,26.649775
2016-02-21,Office Supplies,0.0,0.0,0.0,6,Sunday,2,1,2016,1,0.0,0.0,0,0.0,0.0,161.13375000000002,0.0,26.649775
2016-02-22,Office Supplies,0.0,0.0,0.0,0,Monday,2,1,2016,0,0.0,0.0,0,0.0,0.0,14.768,0.0,26.649775
2016-02-23,Office Supplies,0.0,0.0,0.0,1,Tuesday,2,1,2016,0,0.0,0.0,0,0.0,0.0,0.0,0.0,26.649775
2016-02-24,Office Supplies,0.0,0.0,0.0,2,Wednesday,2,1,2016,0,0.0,0.0,0,0.0,0.0,161.13375000000002,0.0,26.649775
2016-02-25,Office Supplies,0.0,0.0,0.0,3,Thursday,2,1,2016,0,0.0,0.0,0,0.0,0.0,161.13375000000002,0.0,26.649775
2016-02-26,Office Supplies,0.0,0.0,0.0,4,Friday,2,1,2016,0,0.0,0.0,0,0.0,0.0,0.0,0.0,26.649775
2016-02-27,Office Supplies,0.0,0.0,0.0,5,Saturday,2,1,2016,1,0.0,0.0,0,0.0,0.0,0.0,0.0,26.649775
2016-02-28,Office Supplies,0.0,0.0,0.0,6,Sunday,2,1,2016,1,0.0,0.0,0,0.0,0.0,0.0,0.0,26.649775
2016-02-29,Office Supplies,0.0,0.0,0.0,0,Monday,2,1,2016,0,0.0,0.0,0,0.0,0.0,0.0,0.0,26.649775
2016-03-01,Office Supplies,17.424,0.0,0.0,1,Tuesday,3,1,2016,0,17.424,17.424,0,0.0,0.0,0.0,0.0,26.649775
2016-03-02,Office Supplies,86.664,0.0,0.0,2,Wednesday,3,1,2016,0,86.664,86.664,0,17.424,0.0,0.0,2.489142857142857,27.230575
2016-03-03,Office Supplies,0.0,0.0,0.0,3,Thursday,3,1,2016,0,0.0,0.0,0,86.664,0.0,0.0,14.869714285714284,25.483375000000002
2016-03-04,Office Supplies,0.0,0.0,0.0,4,Friday,3,1,2016,0,0.0,0.0,0,0.0,0.0,0.0,14.869714285714286,25.483375000000002
2016-03-05,Office Supplies,321.252,0.0,0.0,5,Saturday,3,1,2016,1,321.252,161.13375000000002,1,0.0,0.0,0.0,14.869714285714286,21.748708333333337
2016-03-06,Office Supplies,0.0,0.0,0.0,6,Sunday,3,1,2016,1,0.0,0.0,0,161.13375000000002,0.0,0.0,37.88882142857143,25.741566666666667
2016-03-07,Office Supplies,301.65000000000003,0.0,0.0,0,Monday,3,1,2016,0,301.65000000000003,161.13375000000002,1,0.0,0.0,0.0,37.88882142857143,25.44636666666667
2016-03-08,Office Supplies,0.0,0.0,0.0,1,Tuesday,3,1,2016,0,0.0,0.0,0,161.13375000000002,17.424,0.0,60.90792857142858,30.817491666666673
2016-03-09,Office Supplies,1259.338,1.0,0.0,2,Wednesday,3,1,2016,0,1259.338,161.13375000000002,1,0.0,86.664,0.0,58.418785714285725,25.44636666666667
2016-03-10,Office Supplies,47.078,0.0,0.0,3,Thursday,3,1,2016,0,47.078,47.078,0,161.13375000000002,0.0,0.0,69.05732142857144,30.325225
2016-03-11,Office Supplies,6.608,0.0,0.0,4,Friday,3,1,2016,0,6.608,6.608,0,47.078,0.0,0.0,75.78275000000001,31.89449166666667
2016-03-12,Office Supplies,907.5260000000001,0.0,0.0,5,Saturday,3,1,2016,1,907.5260000000001,161.13375000000002,1,6.608,161.13375000000002,0.0,76.72675000000002,26.743633333333335
2016-03-13,Office Supplies,0.0,0.0,0.0,6,Sunday,3,1,2016,1,0.0,0.0,0,161.13375000000002,0.0,0.0,76.72675000000001,26.743633333333335
2016-03-14,Office Supplies,0.0,0.0,0.0,0,Monday,3,1,2016,0,0.0,0.0,0,0.0,161.13375000000002,0.0,76.72675000000001,26.743633333333335
2016-03-15,Office Supplies,0.0,0.0,0.0,1,Tuesday,3,1,2016,0,0.0,0.0,0,0.0,0.0,17.424,53.707642857142865,26.743633333333335
2016-03-16,Office Supplies,0.0,0.0,0.0,2,Wednesday,3,1,2016,0,0.0,0.0,0,0.0,161.13375000000002,86.664,53.707642857142865,26.743633333333335
2016-03-17,Office Supplies,0.0,0.0,0.0,3,Thursday,3,1,2016,0,0.0,0.0,0,0.0,47.078,0.0,30.688535714285724,26.743633333333335
2016-03-18,Office Supplies,0.0,0.0,0.0,4,Friday,3,1,2016,0,0.0,0.0,0,0.0,6.608,0.0,23.96310714285715,26.743633333333335
2016-03-19,Office Supplies,0.0,0.0,0.0,5,Saturday,3,1,2016,1,0.0,0.0,0,0.0,161.13375000000002,161.13375000000002,23.01910714285715,26.743633333333335
2016-03-20,Office Supplies,0.0,0.0,0.0,6,Sunday,3,1,2016,1,0.0,0.0,0,0.0,0.0,0.0,0.0,26.743633333333335
2016-03-21,Office Supplies,0.0,0.0,0.0,0,Monday,3,1,2016,0,0.0,0.0,0,0.0,0.0,161.13375000000002,0.0,26.743633333333335
2016-03-22,Office Supplies,0.0,0.0,0.0,1,Tuesday,3,1,2016,0,0.0,0.0,0,0.0,0.0,0.0,0.0,26.743633333333335
2016-03-23,Office Supplies,0.0,0.0,0.0,2,Wednesday,3,1,2016,0,0.0,0.0,0,0.0,0.0,161.13375000000002,0.0,26.743633333333335
2016-03-24,Office Supplies,0.0,0.0,0.0,3,Thursday,3,1,2016,0,0.0,0.0,0,0.0,0.0,47.078,0.0,26.743633333333335
2016-03-25,Office Supplies,0.0,0.0,0.0,4,Friday,3,1,2016,0,0.0,0.0,0,0.0,0.0,6.608,0.0,26.743633333333335
2016-03-26,Office Supplies,0.0,0.0,0.0,5,Saturday,3,1,2016,1,0.0,0.0,0,0.0,0.0,161.13375000000002,0.0,26.743633333333335
2016-03-27,Office Supplies,0.0,0.0,0.0,6,Sunday,3,1,2016,1,0.0,0.0,0,0.0,0.0,0.0,0.0,26.743633333333335
2016-03-28,Office Supplies,0.0,0.0,0.0,0,Monday,3,1,2016,0,0.0,0.0,0,0.0,0.0,0.0,0.0,26.743633333333335
2016-03-29,Office Supplies,0.0,0.0,0.0,1,Tuesday,3,1,2016,0,0.0,0.0,0,0.0,0.0,0.0,0.0,26.743633333333335
2016-03-30,Office Supplies,0.0,0.0,0.0,2,Wednesday,3,1,2016,0,0.0,0.0,0,0.0,0.0,0.0,0.0,26.743633333333335
2016-03-31,Office Supplies,0.0,0.0,0.0,3,Thursday,3,1,2016,0,0.0,0.0,0,0.0,0.0,0.0,0.0,26.743633333333335
2016-04-01,Office Supplies,72.24000000000001,0.0,0.0,4,Friday,4,2,2016,0,72.24000000000001,72.24000000000001,0,0.0,0.0,0.0,0.0,26.162833333333335
2016-04-02,Office Supplies,0.0,0.0,0.0,5,Saturday,4,2,2016,1,0.0,0.0,0,72.24000000000001,0.0,0.0,10.320000000000006,25.682033333333337
2016-04-03,Office Supplies,0.0,0.0,0.0,6,Sunday,4,2,2016,1,0.0,0.0,0,0.0,0.0,0.0,10.320000000000006,25.682033333333337
2016-04-04,Office Supplies,765.268,0.0,0.0,0,Monday,4,2,2016,0,765.268,161.13375000000002,1,0.0,0.0,0.0,10.320000000000006,25.682033333333337
2016-04-05,Office Supplies,125.93,0.0,0.0,1,Tuesday,4,2,2016,0,125.93,125.93,0,161.13375000000002,0.0,0.0,33.33910714285715,25.682033333333333
2016-04-06,Office Supplies,47.08,0.0,0.0,2,Wednesday,4,2,2016,0,47.08,47.08,0,125.93,0.0,0.0,51.32910714285715,29.879700000000003
2016-04-07,Office Supplies,38.328,0.0,0.0,3,Thursday,4,2,2016,0,38.328,38.328,0,47.08,0.0,0.0,58.05482142857144,26.077908333333333
2016-04-08,Office Supplies,0.0,0.0,0.0,4,Friday,4,2,2016,0,0.0,0.0,0,38.328,72.24000000000001,0.0,63.53025000000001,27.355508333333336
2016-04-09,Office Supplies,316.95799999999997,0.0,0.0,5,Saturday,4,2,2016,1,316.95799999999997,161.13375000000002,1,0.0,0.0,0.0,53.21025000000001,21.984383333333334
2016-04-10,Office Supplies,47.696,0.0,0.0,6,Sunday,4,2,2016,1,47.696,47.696,0,161.13375000000002,0.0,0.0,76.22935714285715,25.78624166666667
2016-04-11,Office Supplies,0.0,0.0,0.0,0,Monday,4,2,2016,0,0.0,0.0,0,47.696,161.13375000000002,0.0,83.04307142857144,27.15584166666667
2016-04-12,Office Supplies,2035.484,0.0,0.0,1,Tuesday,4,2,2016,0,2035.484,161.13375000000002,1,0.0,125.93,0.0,60.02396428571429,21.784716666666668
2016-04-13,Office Supplies,0.0,0.0,0.0,2,Wednesday,4,2,2016,0,0.0,0.0,0,161.13375000000002,47.08,0.0,65.05307142857144,27.155841666666667
2016-04-14,Office Supplies,0.0,0.0,0.0,3,Thursday,4,2,2016,0,0.0,0.0,0,0.0,38.328,0.0,58.327357142857146,27.155841666666667
2016-04-15,Office Supplies,0.0,0.0,0.0,4,Friday,4,2,2016,0,0.0,0.0,0,0.0,0.0,72.24000000000001,52.85192857142858,27.155841666666667
2016-04-16,Office Supplies,0.0,0.0,0.0,5,Saturday,4,2,2016,1,0.0,0.0,0,0.0,161.13375000000002,0.0,52.85192857142858,27.155841666666667
2016-04-17,Office Supplies,0.0,0.0,0.0,6,Sunday,4,2,2016,1,0.0,0.0,0,0.0,47.696,0.0,29.83282142857143,27.155841666666667
2016-04-18,Office Supplies,0.0,0.0,0.0,0,Monday,4,2,2016,0,0.0,0.0,0,0.0,0.0,161.13375000000002,23.019107142857145,27.155841666666667
2016-04-19,Office Supplies,0.0,0.0,0.0,1,Tuesday,4,2,2016,0,0.0,0.0,0,0.0,161.13375000000002,125.93,23.019107142857145,27.155841666666667
2016-04-20,Office Supplies,0.0,0.0,0.0,2,Wednesday,4,2,2016,0,0.0,0.0,0,0.0,0.0,47.08,0.0,27.155841666666667
2016-04-21,Office Supplies,0.0,0.0,0.0,3,Thursday,4,2,2016,0,0.0,0.0,0,0.0,0.0,38.328,0.0,27.155841666666667
2016-04-22,Office Supplies,0.0,0.0,0.0,4,Friday,4,2,2016,0,0.0,0.0,0,0.0,0.0,0.0,0.0,27.155841666666667
2016-04-23,Office Supplies,0.0,0.0,0.0,5,Saturday,4,2,2016,1,0.0,0.0,0,0.0,0.0,161.13375000000002,0.0,27.155841666666667
2016-04-24,Office Supplies,0.0,0.0,0.0,6,Sunday,4,2,2016,1,0.0,0.0,0,0.0,0.0,47.696,0.0,27.155841666666667
2016-04-25,Office Supplies,0.0,0.0,0.0,0,Monday,4,2,2016,0,0.0,0.0,0,0.0,0.0,0.0,0.0,27.155841666666667
2016-04-26,Office Supplies,0.0,0.0,0.0,1,Tuesday,4,2,2016,0,0.0,0.0,0,0.0,0.0,161.13375000000002,0.0,27.155841666666667
2016-04-27,Office Supplies,0.0,0.0,0.0,2,Wednesday,4,2,2016,0,0.0,0.0,0,0.0,0.0,0.0,0.0,27.155841666666667
2016-04-28,Office Supplies,0.0,0.0,0.0,3,Thursday,4,2,2016,0,0.0,0.0,0,0.0,0.0,0.0,0.0,27.155841666666667
2016-04-29,Office Supplies,0.0,0.0,0.0,4,Friday,4,2,2016,0,0.0,0.0,0,0.0,0.0,0.0,0.0,27.155841666666667
2016-04-30,Office Supplies,0.0,0.0,0.0,5,Saturday,4,2,2016,1,0.0,0.0,0,0.0,0.0,0.0,0.0,27.155841666666667
2016-05-01,Office Supplies,233.688,1.0,0.0,6,Sunday,5,2,2016,1,233.688,161.13375000000002,1,0.0,0.0,0.0,0.0,27.155841666666667
2016-05-02,Office Supplies,0.0,0.0,0.0,0,Monday,5,2,2016,0,0.0,0.0,0,161.13375000000002,0.0,0.0,23.019107142857145,30.11896666666667
2016-05-03,Office Supplies,915.698,0.0,0.0,1,Tuesday,5,2,2016,0,915.698,161.13375000000002,1,0.0,0.0,0.0,23.019107142857145,30.11896666666667
2016-05-04,Office Supplies,877.886,0.0,0.0,2,Wednesday,5,2,2016,0,877.886,161.13375000000002,1,161.13375000000002,0.0,0.0,46.03821428571429,35.49009166666667
2016-05-05,Office Supplies,0.0,0.0,0.0,3,Thursday,5,2,2016,0,0.0,0.0,0,161.13375000000002,0.0,0.0,69.05732142857144,35.49009166666667
2016-05-06,Office Supplies,10.56,1.0,0.0,4,Friday,5,2,2016,0,10.56,10.56,0,0.0,0.0,0.0,69.05732142857144,31.292425
2016-05-07,Office Supplies,76.99000000000001,0.0,0.0,5,Saturday,5,2,2016,1,76.99000000000001,76.99000000000001,0,10.56,0.0,0.0,70.56589285714287,30.07509166666667
2016-05-08,Office Supplies,57.89,0.0,0.0,6,Sunday,5,2,2016,1,57.89,57.89,0,76.99000000000001,161.13375000000002,0.0,81.5644642857143,31.363825000000002
2016-05-09,Office Supplies,155.452,0.0,0.0,0,Monday,5,2,2016,0,155.452,155.452,0,57.89,0.0,0.0,66.81535714285715,33.29349166666667
2016-05-10,Office Supplies,152.59,0.0,0.0,1,Tuesday,5,2,2016,0,152.59,152.59,0,155.452,161.13375000000002,0.0,89.02278571428572,33.1041
2016-05-11,Office Supplies,627.874,0.0,0.0,2,Wednesday,5,2,2016,0,627.874,161.13375000000002,1,152.59,161.13375000000002,0.0,87.80225,36.600566666666666
2016-05-12,Office Supplies,503.808,0.0,0.0,3,Thursday,5,2,2016,0,503.808,161.13375000000002,1,161.13375000000002,0.0,0.0,87.80225,41.971691666666665
2016-05-13,Office Supplies,0.0,0.0,0.0,4,Friday,5,2,2016,0,0.0,0.0,0,161.13375000000002,10.56,0.0,110.82135714285714,41.97169166666667
2016-05-14,Office Supplies,0.0,0.0,0.0,5,Saturday,5,2,2016,1,0.0,0.0,0,0.0,76.99000000000001,0.0,109.31278571428572,41.97169166666667
2016-05-15,Office Supplies,0.0,0.0,0.0,6,Sunday,5,2,2016,1,0.0,0.0,0,0.0,57.89,161.13375000000002,98.31421428571427,41.97169166666667
2016-05-16,Office Supplies,0.0,0.0,0.0,0,Monday,5,2,2016,0,0.0,0.0,0,0.0,155.452,0.0,90.04421428571428,41.97169166666667
2016-05-17,Office Supplies,0.0,0.0,0.0,1,Tuesday,5,2,2016,0,0.0,0.0,0,0.0,152.59,161.13375000000002,67.83678571428572,41.97169166666667
2016-05-18,Office Supplies,0.0,0.0,0.0,2,Wednesday,5,2,2016,0,0.0,0.0,0,0.0,161.13375000000002,161.13375000000002,46.03821428571429,41.97169166666667
2016-05-19,Office Supplies,0.0,0.0,0.0,3,Thursday,5,2,2016,0,0.0,0.0,0,0.0,161.13375000000002,0.0,23.019107142857145,41.97169166666667
2016-05-20,Office Supplies,0.0,0.0,0.0,4,Friday,5,2,2016,0,0.0,0.0,0,0.0,0.0,10.56,0.0,41.97169166666667
2016-05-21,Office Supplies,0.0,0.0,0.0,5,Saturday,5,2,2016,1,0.0,0.0,0,0.0,0.0,76.99000000000001,0.0,41.97169166666667
2016-05-22,Office Supplies,0.0,0.0,0.0,6,Sunday,5,2,2016,1,0.0,0.0,0,0.0,0.0,57.89,0.0,41.97169166666667
2016-05-23,Office Supplies,0.0,0.0,0.0,0,Monday,5,2,2016,0,0.0,0.0,0,0.0,0.0,155.452,0.0,41.97169166666667
2016-05-24,Office Supplies,0.0,0.0,0.0,1,Tuesday,5,2,2016,0,0.0,0.0,0,0.0,0.0,152.59,0.0,41.97169166666667
2016-05-25,Office Supplies,0.0,0.0,0.0,2,Wednesday,5,2,2016,0,0.0,0.0,0,0.0,0.0,161.13375000000002,0.0,41.97169166666667
2016-05-26,Office Supplies,0.0,0.0,0.0,3,Thursday,5,2,2016,0,0.0,0.0,0,0.0,0.0,161.13375000000002,0.0,41.97169166666667
2016-05-27,Office Supplies,0.0,0.0,0.0,4,Friday,5,2,2016,0,0.0,0.0,0,0.0,0.0,0.0,0.0,41.97169166666667
2016-05-28,Office Supplies,0.0,0.0,0.0,5,Saturday,5,2,2016,1,0.0,0.0,0,0.0,0.0,0.0,0.0,41.97169166666667
2016-05-29,Office Supplies,0.0,0.0,0.0,6,Sunday,5,2,2016,1,0.0,0.0,0,0.0,0.0,0.0,0.0,41.97169166666667
2016-05-30,Office Supplies,0.0,0.0,0.0,0,Monday,5,2,2016,0,0.0,0.0,0,0.0,0.0,0.0,0.0,41.97169166666667
2016-05-31,Office Supplies,0.0,0.0,0.0,1,Tuesday,5,2,2016,0,0.0,0.0,0,0.0,0.0,0.0,0.0,41.97169166666667
2016-06-01,Office Supplies,31.538,1.0,0.0,2,Wednesday,6,2,2016,0,31.538,31.538,0,0.0,0.0,0.0,0.0,36.60056666666667
2016-06-02,Office Supplies,861.276,0.0,0.0,3,Thursday,6,2,2016,0,861.276,161.13375000000002,1,31.538,0.0,0.0,4.505428571428571,37.65183333333334
2016-06-03,Office Supplies,0.0,0.0,0.0,4,Friday,6,2,2016,0,0.0,0.0,0,161.13375000000002,0.0,0.0,27.52453571428572,37.651833333333336
2016-06-04,Office Supplies,114.51599999999999,0.0,0.0,5,Saturday,6,2,2016,1,114.51599999999999,114.51599999999999,0,0.0,0.0,0.0,27.52453571428572,32.28070833333334
2016-06-05,Office Supplies,0.0,0.0,0.0,6,Sunday,6,2,2016,1,0.0,0.0,0,114.51599999999999,0.0,0.0,43.88396428571429,36.09790833333333
2016-06-06,Office Supplies,0.0,0.0,0.0,0,Monday,6,2,2016,0,0.0,0.0,0,0.0,0.0,0.0,43.88396428571429,35.74590833333333
2016-06-07,Office Supplies,612.77,0.0,0.0,1,Tuesday,6,2,2016,0,612.77,161.13375000000002,1,0.0,0.0,0.0,43.88396428571429,33.17957500000001
2016-06-08,Office Supplies,125.67,0.0,0.0,2,Wednesday,6,2,2016,0,125.67,125.67,0,161.13375000000002,31.538,0.0,66.90307142857144,36.62103333333334
2016-06-09,Office Supplies,71.78999999999999,0.0,0.0,3,Thursday,6,2,2016,0,71.78999999999999,71.78999999999999,0,125.67,161.13375000000002,0.0,80.35050000000001,35.6283
2016-06-10,Office Supplies,0.0,0.0,0.0,4,Friday,6,2,2016,0,0.0,0.0,0,71.78999999999999,0.0,0.0,67.58710714285715,32.93496666666667
2016-06-11,Office Supplies,11.481,0.0,0.0,5,Saturday,6,2,2016,1,11.481,11.481,0,0.0,114.51599999999999,0.0,67.58710714285715,27.56384166666667
2016-06-12,Office Supplies,2171.83,0.0,0.0,6,Sunday,6,2,2016,1,2171.83,161.13375000000002,1,11.481,0.0,0.0,52.867821428571425,22.57541666666667
2016-06-13,Office Supplies,0.0,0.0,0.0,0,Monday,6,2,2016,0,0.0,0.0,0,161.13375000000002,0.0,0.0,75.88692857142857,27.946541666666672
2016-06-14,Office Supplies,0.0,0.0,0.0,1,Tuesday,6,2,2016,0,0.0,0.0,0,0.0,161.13375000000002,0.0,75.88692857142857,27.946541666666672
2016-06-15,Office Supplies,0.0,0.0,0.0,2,Wednesday,6,2,2016,0,0.0,0.0,0,0.0,125.67,31.538,52.86782142857144,27.946541666666672
2016-06-16,Office Supplies,0.0,0.0,0.0,3,Thursday,6,2,2016,0,0.0,0.0,0,0.0,71.78999999999999,161.13375000000002,34.91496428571429,27.946541666666672
2016-06-17,Office Supplies,0.0,0.0,0.0,4,Friday,6,2,2016,0,0.0,0.0,0,0.0,0.0,0.0,24.659250000000004,27.946541666666672
2016-06-18,Office Supplies,0.0,0.0,0.0,5,Saturday,6,2,2016,1,0.0,0.0,0,0.0,11.481,114.51599999999999,24.659250000000004,27.946541666666672
2016-06-19,Office Supplies,0.0,0.0,0.0,6,Sunday,6,2,2016,1,0.0,0.0,0,0.0,161.13375000000002,0.0,23.019107142857145,27.946541666666672
2016-06-20,Office Supplies,0.0,0.0,0.0,0,Monday,6,2,2016,0,0.0,0.0,0,0.0,0.0,0.0,0.0,27.946541666666672
2016-06-21,Office Supplies,0.0,0.0,0.0,1,Tuesday,6,2,2016,0,0.0,0.0,0,0.0,0.0,161.13375000000002,0.0,27.946541666666672
2016-06-22,Office Supplies,0.0,0.0,0.0,2,Wednesday,6,2,2016,0,0.0,0.0,0,0.0,0.0,125.67,0.0,27.946541666666672
2016-06-23,Office Supplies,0.0,0.0,0.0,3,Thursday,6,2,2016,0,0.0,0.0,0,0.0,0.0,71.78999999999999,0.0,27.946541666666672
2016-06-24,Office Supplies,0.0,0.0,0.0,4,Friday,6,2,2016,0,0.0,0.0,0,0.0,0.0,0.0,0.0,27.946541666666672
2016-06-25,Office Supplies,0.0,0.0,0.0,5,Saturday,6,2,2016,1,0.0,0.0,0,0.0,0.0,11.481,0.0,27.946541666666672
2016-06-26,Office Supplies,0.0,0.0,0.0,6,Sunday,6,2,2016,1,0.0,0.0,0,0.0,0.0,161.13375000000002,0.0,27.946541666666672
2016-06-27,Office Supplies,0.0,0.0,0.0,0,Monday,6,2,2016,0,0.0,0.0,0,0.0,0.0,0.0,0.0,27.946541666666672
2016-06-28,Office Supplies,0.0,0.0,0.0,1,Tuesday,6,2,2016,0,0.0,0.0,0,0.0,0.0,0.0,0.0,27.946541666666672
2016-06-29,Office Supplies,0.0,0.0,0.0,2,Wednesday,6,2,2016,0,0.0,0.0,0,0.0,0.0,0.0,0.0,27.946541666666672
2016-06-30,Office Supplies,0.0,0.0,0.0,3,Thursday,6,2,2016,0,0.0,0.0,0,0.0,0.0,0.0,0.0,27.946541666666672
2016-07-01,Office Supplies,0.0,0.0,0.0,4,Friday,7,3,2016,0,0.0,0.0,0,0.0,0.0,0.0,0.0,27.946541666666672
2016-07-02,Office Supplies,324.10999999999996,0.0,0.0,5,Saturday,7,3,2016,1,324.10999999999996,161.13375000000002,1,0.0,0.0,0.0,0.0,26.895275000000005
2016-07-03,Office Supplies,99.72,0.0,0.0,6,Sunday,7,3,2016,1,99.72,99.72,0,161.13375000000002,0.0,0.0,23.019107142857145,26.895275
2016-07-04,Office Supplies,523.484,0.0,0.0,0,Monday,7,3,2016,0,523.484,161.13375000000002,1,99.72,0.0,0.0,37.26482142857143,30.219275
2016-07-05,Office Supplies,61.616,0.0,0.0,1,Tuesday,7,3,2016,0,61.616,61.616,0,161.13375000000002,0.0,0.0,60.28392857142858,31.773200000000006
2016-07-06,Office Supplies,59.768,1.0,0.0,2,Wednesday,7,3,2016,0,59.768,59.768,0,61.616,0.0,0.0,69.08621428571429,33.827066666666674
2016-07-07,Office Supplies,0.0,0.0,0.0,3,Thursday,7,3,2016,0,0.0,0.0,0,59.768,0.0,0.0,77.62450000000001,35.81933333333334
2016-07-08,Office Supplies,260.296,0.0,0.0,4,Friday,7,3,2016,0,260.296,161.13375000000002,1,0.0,0.0,0.0,77.62450000000001,30.448208333333337
2016-07-09,Office Supplies,924.6669999999999,0.0,0.0,5,Saturday,7,3,2016,1,924.6669999999999,161.13375000000002,1,161.13375000000002,161.13375000000002,0.0,100.64360714285715,31.630333333333336
2016-07-10,Office Supplies,0.0,0.0,0.0,6,Sunday,7,3,2016,1,0.0,0.0,0,161.13375000000002,99.72,0.0,100.64360714285714,34.60845833333334
2016-07-11,Office Supplies,1814.283,0.0,0.0,0,Monday,7,3,2016,0,1814.283,161.13375000000002,1,0.0,161.13375000000002,0.0,86.39789285714288,34.60845833333334
2016-07-12,Office Supplies,200.518,0.0,0.0,1,Tuesday,7,3,2016,0,200.518,161.13375000000002,1,161.13375000000002,61.616,0.0,86.39789285714286,39.59688333333334
2016-07-13,Office Supplies,0.0,0.0,0.0,2,Wednesday,7,3,2016,0,0.0,0.0,0,161.13375000000002,59.768,0.0,100.6147142857143,39.596883333333345
2016-07-14,Office Supplies,0.0,0.0,0.0,3,Thursday,7,3,2016,0,0.0,0.0,0,0.0,0.0,0.0,92.07642857142858,39.596883333333345
2016-07-15,Office Supplies,0.0,0.0,0.0,4,Friday,7,3,2016,0,0.0,0.0,0,0.0,161.13375000000002,0.0,92.07642857142858,39.596883333333345
2016-07-16,Office Supplies,0.0,0.0,0.0,5,Saturday,7,3,2016,1,0.0,0.0,0,0.0,161.13375000000002,161.13375000000002,69.05732142857144,39.596883333333345
2016-07-17,Office Supplies,0.0,0.0,0.0,6,Sunday,7,3,2016,1,0.0,0.0,0,0.0,0.0,99.72,46.03821428571429,39.596883333333345
2016-07-18,Office Supplies,0.0,0.0,0.0,0,Monday,7,3,2016,0,0.0,0.0,0,0.0,161.13375000000002,161.13375000000002,46.03821428571429,39.596883333333345
2016-07-19,Office Supplies,0.0,0.0,0.0,1,Tuesday,7,3,2016,0,0.0,0.0,0,0.0,161.13375000000002,61.616,23.019107142857145,39.596883333333345
2016-07-20,Office Supplies,0.0,0.0,0.0,2,Wednesday,7,3,2016,0,0.0,0.0,0,0.0,0.0,59.768,0.0,39.596883333333345
2016-07-21,Office Supplies,0.0,0.0,0.0,3,Thursday,7,3,2016,0,0.0,0.0,0,0.0,0.0,0.0,0.0,39.596883333333345
2016-07-22,Office Supplies,0.0,0.0,0.0,4,Friday,7,3,2016,0,0.0,0.0,0,0.0,0.0,161.13375000000002,0.0,39.596883333333345
2016-07-23,Office Supplies,0.0,0.0,0.0,5,Saturday,7,3,2016,1,0.0,0.0,0,0.0,0.0,161.13375000000002,0.0,39.596883333333345
2016-07-24,Office Supplies,0.0,0.0,0.0,6,Sunday,7,3,2016,1,0.0,0.0,0,0.0,0.0,0.0,0.0,39.596883333333345
2016-07-25,Office Supplies,0.0,0.0,0.0,0,Monday,7,3,2016,0,0.0,0.0,0,0.0,0.0,161.13375000000002,0.0,39.596883333333345
2016-07-26,Office Supplies,0.0,0.0,0.0,1,Tuesday,7,3,2016,0,0.0,0.0,0,0.0,0.0,161.13375000000002,0.0,39.596883333333345
2016-07-27,Office Supplies,0.0,0.0,0.0,2,Wednesday,7,3,2016,0,0.0,0.0,0,0.0,0.0,0.0,0.0,39.596883333333345
2016-07-28,Office Supplies,0.0,0.0,0.0,3,Thursday,7,3,2016,0,0.0,0.0,0,0.0,0.0,0.0,0.0,39.596883333333345
2016-07-29,Office Supplies,0.0,0.0,0.0,4,Friday,7,3,2016,0,0.0,0.0,0,0.0,0.0,0.0,0.0,39.596883333333345
2016-07-30,Office Supplies,0.0,0.0,0.0,5,Saturday,7,3,2016,1,0.0,0.0,0,0.0,0.0,0.0,0.0,39.596883333333345
2016-07-31,Office Supplies,0.0,0.0,0.0,6,Sunday,7,3,2016,1,0.0,0.0,0,0.0,0.0,0.0,0.0,39.596883333333345
2016-08-01,Office Supplies,0.0,0.0,0.0,0,Monday,8,3,2016,0,0.0,0.0,0,0.0,0.0,0.0,0.0,39.596883333333345
2016-08-02,Office Supplies,21.11,0.0,0.0,1,Tuesday,8,3,2016,0,21.11,21.11,0,0.0,0.0,0.0,0.0,34.22575833333334
2016-08-03,Office Supplies,46.396,0.0,0.0,2,Wednesday,8,3,2016,0,46.396,46.396,0,21.11,0.0,0.0,3.0157142857142856,31.605425000000004
2016-08-04,Office Supplies,0.0,0.0,0.0,3,Thursday,8,3,2016,0,0.0,0.0,0,46.396,0.0,0.0,9.643714285714285,27.780833333333337
2016-08-05,Office Supplies,464.538,0.0,0.0,4,Friday,8,3,2016,0,464.538,161.13375000000002,1,0.0,0.0,0.0,9.643714285714285,25.72696666666667
2016-08-06,Office Supplies,143.128,0.0,0.0,5,Saturday,8,3,2016,1,143.128,143.128,0,161.13375000000002,0.0,0.0,32.662821428571434,29.105825000000003
2016-08-07,Office Supplies,21.12,0.0,0.0,6,Sunday,8,3,2016,1,21.12,21.12,0,143.128,0.0,0.0,53.10967857142857,33.87675833333334
2016-08-08,Office Supplies,615.328,0.0,0.0,0,Monday,8,3,2016,0,615.328,161.13375000000002,1,21.12,0.0,0.0,56.126821428571425,29.209633333333336
2016-08-09,Office Supplies,68.28,0.0,0.0,1,Tuesday,8,3,2016,0,68.28,68.28,0,161.13375000000002,21.11,0.0,79.14592857142858,29.209633333333333
2016-08-10,Office Supplies,3.44,0.0,0.0,2,Wednesday,8,3,2016,0,3.44,3.44,0,68.28,46.396,0.0,85.8845,31.485633333333332
2016-08-11,Office Supplies,768.761,0.0,0.0,3,Thursday,8,3,2016,0,768.761,161.13375000000002,1,3.44,0.0,0.0,79.74792857142859,26.229175
2016-08-12,Office Supplies,598.368,0.0,0.0,4,Friday,8,3,2016,0,598.368,161.13375000000002,1,161.13375000000002,161.13375000000002,0.0,102.76703571428573,26.229175
2016-08-13,Office Supplies,0.0,0.0,0.0,5,Saturday,8,3,2016,1,0.0,0.0,0,161.13375000000002,143.128,0.0,102.76703571428571,31.600300000000004
2016-08-14,Office Supplies,0.0,0.0,0.0,6,Sunday,8,3,2016,1,0.0,0.0,0,0.0,21.12,0.0,82.32017857142857,31.6003
2016-08-15,Office Supplies,0.0,0.0,0.0,0,Monday,8,3,2016,0,0.0,0.0,0,0.0,161.13375000000002,0.0,79.30303571428574,31.6003
2016-08-16,Office Supplies,0.0,0.0,0.0,1,Tuesday,8,3,2016,0,0.0,0.0,0,0.0,68.28,21.11,56.283928571428575,31.6003
2016-08-17,Office Supplies,0.0,0.0,0.0,2,Wednesday,8,3,2016,0,0.0,0.0,0,0.0,3.44,46.396,46.52964285714286,31.6003
2016-08-18,Office Supplies,0.0,0.0,0.0,3,Thursday,8,3,2016,0,0.0,0.0,0,0.0,161.13375000000002,0.0,46.03821428571429,31.6003
2016-08-19,Office Supplies,0.0,0.0,0.0,4,Friday,8,3,2016,0,0.0,0.0,0,0.0,161.13375000000002,161.13375000000002,23.019107142857145,31.6003
2016-08-20,Office Supplies,0.0,0.0,0.0,5,Saturday,8,3,2016,1,0.0,0.0,0,0.0,0.0,143.128,0.0,31.6003
2016-08-21,Office Supplies,0.0,0.0,0.0,6,Sunday,8,3,2016,1,0.0,0.0,0,0.0,0.0,21.12,0.0,31.6003
2016-08-22,Office Supplies,0.0,0.0,0.0,0,Monday,8,3,2016,0,0.0,0.0,0,0.0,0.0,161.13375000000002,0.0,31.6003
2016-08-23,Office Supplies,0.0,0.0,0.0,1,Tuesday,8,3,2016,0,0.0,0.0,0,0.0,0.0,68.28,0.0,31.6003
2016-08-24,Office Supplies,0.0,0.0,0.0,2,Wednesday,8,3,2016,0,0.0,0.0,0,0.0,0.0,3.44,0.0,31.6003
2016-08-25,Office Supplies,0.0,0.0,0.0,3,Thursday,8,3,2016,0,0.0,0.0,0,0.0,0.0,161.13375000000002,0.0,31.6003
2016-08-26,Office Supplies,0.0,0.0,0.0,4,Friday,8,3,2016,0,0.0,0.0,0,0.0,0.0,161.13375000000002,0.0,31.6003
2016-08-27,Office Supplies,0.0,0.0,0.0,5,Saturday,8,3,2016,1,0.0,0.0,0,0.0,0.0,0.0,0.0,31.6003
2016-08-28,Office Supplies,0.0,0.0,0.0,6,Sunday,8,3,2016,1,0.0,0.0,0,0.0,0.0,0.0,0.0,31.6003
2016-08-29,Office Supplies,0.0,0.0,0.0,0,Monday,8,3,2016,0,0.0,0.0,0,0.0,0.0,0.0,0.0,31.6003
2016-08-30,Office Supplies,0.0,0.0,0.0,1,Tuesday,8,3,2016,0,0.0,0.0,0,0.0,0.0,0.0,0.0,31.6003
2016-08-31,Office Supplies,0.0,0.0,0.0,2,Wednesday,8,3,2016,0,0.0,0.0,0,0.0,0.0,0.0,0.0,31.6003
2016-09-01,Office Supplies,364.07,0.0,0.0,3,Thursday,9,3,2016,0,364.07,161.13375000000002,1,0.0,0.0,0.0,0.0,31.6003
2016-09-02,Office Supplies,40.096,0.0,0.0,4,Friday,9,3,2016,0,40.096,40.096,0,161.13375000000002,0.0,0.0,23.019107142857145,36.26775833333333
2016-09-03,Office Supplies,4.608,0.0,0.0,5,Saturday,9,3,2016,1,4.608,4.608,0,40.096,0.0,0.0,28.747107142857146,36.05775833333334
2016-09-04,Office Supplies,388.08,0.0,0.0,6,Sunday,9,3,2016,1,388.08,161.13375000000002,1,4.608,0.0,0.0,29.40539285714286,36.21135833333334
2016-09-05,Office Supplies,48.81,0.0,0.0,0,Monday,9,3,2016,0,48.81,48.81,0,161.13375000000002,0.0,0.0,52.42450000000001,36.21135833333334
2016-09-06,Office Supplies,228.78,0.0,0.0,1,Tuesday,9,3,2016,0,228.78,161.13375000000002,1,48.81,0.0,0.0,59.39735714285715,33.067425
2016-09-07,Office Supplies,670.202,0.0,0.0,2,Wednesday,9,3,2016,0,670.202,161.13375000000002,1,161.13375000000002,0.0,0.0,82.41646428571428,37.734550000000006
2016-09-08,Office Supplies,1586.786,0.0,0.0,3,Thursday,9,3,2016,0,1586.786,161.13375000000002,1,161.13375000000002,161.13375000000002,0.0,105.43557142857144,37.734550000000006
2016-09-09,Office Supplies,0.0,0.0,0.0,4,Friday,9,3,2016,0,0.0,0.0,0,161.13375000000002,40.096,0.0,105.43557142857142,40.829675
2016-09-10,Office Supplies,462.495,0.0,0.0,5,Saturday,9,3,2016,1,462.495,161.13375000000002,1,0.0,4.608,0.0,99.70757142857146,40.71500833333334
2016-09-11,Office Supplies,360.082,0.0,0.0,6,Sunday,9,3,2016,1,360.082,161.13375000000002,1,161.13375000000002,161.13375000000002,0.0,122.06839285714287,40.715008333333344
2016-09-12,Office Supplies,34.02,1.0,0.0,0,Monday,9,3,2016,0,34.02,34.02,0,161.13375000000002,48.81,0.0,122.06839285714285,40.715008333333344
2016-09-13,Office Supplies,0.0,0.0,0.0,1,Tuesday,9,3,2016,0,0.0,0.0,0,34.02,161.13375000000002,0.0,119.95553571428573,41.849008333333344
2016-09-14,Office Supplies,0.0,0.0,0.0,2,Wednesday,9,3,2016,0,0.0,0.0,0,0.0,161.13375000000002,0.0,96.93642857142858,41.849008333333344
2016-09-15,Office Supplies,0.0,0.0,0.0,3,Thursday,9,3,2016,0,0.0,0.0,0,0.0,161.13375000000002,161.13375000000002,73.91732142857144,41.849008333333344
2016-09-16,Office Supplies,0.0,0.0,0.0,4,Friday,9,3,2016,0,0.0,0.0,0,0.0,0.0,40.096,50.89821428571429,41.849008333333344
2016-09-17,Office Supplies,0.0,0.0,0.0,5,Saturday,9,3,2016,1,0.0,0.0,0,0.0,161.13375000000002,4.608,50.89821428571429,41.849008333333344
2016-09-18,Office Supplies,0.0,0.0,0.0,6,Sunday,9,3,2016,1,0.0,0.0,0,0.0,161.13375000000002,161.13375000000002,27.879107142857148,41.849008333333344
2016-09-19,Office Supplies,0.0,0.0,0.0,0,Monday,9,3,2016,0,0.0,0.0,0,0.0,34.02,48.81,4.86,41.849008333333344
2016-09-20,Office Supplies,0.0,0.0,0.0,1,Tuesday,9,3,2016,0,0.0,0.0,0,0.0,0.0,161.13375000000002,0.0,41.849008333333344
2016-09-21,Office Supplies,0.0,0.0,0.0,2,Wednesday,9,3,2016,0,0.0,0.0,0,0.0,0.0,161.13375000000002,0.0,41.849008333333344
2016-09-22,Office Supplies,0.0,0.0,0.0,3,Thursday,9,3,2016,0,0.0,0.0,0,0.0,0.0,161.13375000000002,0.0,41.849008333333344
2016-09-23,Office Supplies,0.0,0.0,0.0,4,Friday,9,3,2016,0,0.0,0.0,0,0.0,0.0,0.0,0.0,41.849008333333344
2016-09-24,Office Supplies,0.0,0.0,0.0,5,Saturday,9,3,2016,1,0.0,0.0,0,0.0,0.0,161.13375000000002,0.0,41.849008333333344
2016-09-25,Office Supplies,0.0,0.0,0.0,6,Sunday,9,3,2016,1,0.0,0.0,0,0.0,0.0,161.13375000000002,0.0,41.849008333333344
2016-09-26,Office Supplies,0.0,0.0,0.0,0,Monday,9,3,2016,0,0.0,0.0,0,0.0,0.0,34.02,0.0,41.849008333333344
2016-09-27,Office Supplies,0.0,0.0,0.0,1,Tuesday,9,3,2016,0,0.0,0.0,0,0.0,0.0,0.0,0.0,41.849008333333344
2016-09-28,Office Supplies,0.0,0.0,0.0,2,Wednesday,9,3,2016,0,0.0,0.0,0,0.0,0.0,0.0,0.0,41.849008333333344
2016-09-29,Office Supplies,0.0,0.0,0.0,3,Thursday,9,3,2016,0,0.0,0.0,0,0.0,0.0,0.0,0.0,41.849008333333344
2016-09-30,Office Supplies,0.0,0.0,0.0,4,Friday,9,3,2016,0,0.0,0.0,0,0.0,0.0,0.0,0.0,41.849008333333344
2016-10-01,Office Supplies,0.0,0.0,0.0,5,Saturday,10,4,2016,1,0.0,0.0,0,0.0,0.0,0.0,0.0,41.849008333333344
2016-10-02,Office Supplies,77.24,1.0,0.0,6,Sunday,10,4,2016,1,77.24,77.24,0,0.0,0.0,0.0,0.0,36.47788333333334
2016-10-03,Office Supplies,90.93199999999999,0.0,0.0,0,Monday,10,4,2016,0,90.93199999999999,90.93199999999999,0,77.24,0.0,0.0,11.034285714285714,37.71601666666667
2016-10-04,Office Supplies,169.54199999999997,0.0,0.0,1,Tuesday,10,4,2016,0,169.54199999999997,161.13375000000002,1,90.93199999999999,0.0,0.0,24.024571428571424,40.59348333333334
2016-10-05,Office Supplies,107.75399999999999,0.0,0.0,2,Wednesday,10,4,2016,0,107.75399999999999,107.75399999999999,0,161.13375000000002,0.0,0.0,47.04367857142857,40.59348333333334
2016-10-06,Office Supplies,0.0,0.0,0.0,3,Thursday,10,4,2016,0,0.0,0.0,0,107.75399999999999,0.0,0.0,62.437107142857144,42.558283333333335
2016-10-07,Office Supplies,43.286,0.0,0.0,4,Friday,10,4,2016,0,43.286,43.286,0,0.0,0.0,0.0,62.437107142857144,37.18715833333333
2016-10-08,Office Supplies,273.16200000000003,0.0,0.0,5,Saturday,10,4,2016,1,273.16200000000003,161.13375000000002,1,43.286,0.0,0.0,68.62082142857142,33.258900000000004
2016-10-09,Office Supplies,767.2,0.0,0.0,6,Sunday,10,4,2016,1,767.2,161.13375000000002,1,161.13375000000002,77.24,0.0,91.63992857142857,33.258900000000004
2016-10-10,Office Supplies,1855.008,0.0,0.0,0,Monday,10,4,2016,0,1855.008,161.13375000000002,1,161.13375000000002,90.93199999999999,0.0,103.62474999999999,38.63002500000001
2016-10-11,Office Supplies,2877.794,0.0,0.0,1,Tuesday,10,4,2016,0,2877.794,161.13375000000002,1,161.13375000000002,161.13375000000002,0.0,113.65357142857144,38.630025
2016-10-12,Office Supplies,481.118,0.0,0.0,2,Wednesday,10,4,2016,0,481.118,161.13375000000002,1,161.13375000000002,107.75399999999999,0.0,113.65357142857144,38.63002500000001
2016-10-13,Office Supplies,0.0,0.0,0.0,3,Thursday,10,4,2016,0,0.0,0.0,0,161.13375000000002,0.0,0.0,121.27925000000002,42.86715000000001
2016-10-14,Office Supplies,0.0,0.0,0.0,4,Friday,10,4,2016,0,0.0,0.0,0,0.0,43.286,0.0,121.27925000000002,42.86715000000001
2016-10-15,Office Supplies,0.0,0.0,0.0,5,Saturday,10,4,2016,1,0.0,0.0,0,0.0,161.13375000000002,0.0,115.09553571428573,42.86715000000001
2016-10-16,Office Supplies,0.0,0.0,0.0,6,Sunday,10,4,2016,1,0.0,0.0,0,0.0,161.13375000000002,77.24,92.07642857142858,42.86715000000001
2016-10-17,Office Supplies,0.0,0.0,0.0,0,Monday,10,4,2016,0,0.0,0.0,0,0.0,161.13375000000002,90.93199999999999,69.05732142857144,42.86715000000001
2016-10-18,Office Supplies,0.0,0.0,0.0,1,Tuesday,10,4,2016,0,0.0,0.0,0,0.0,161.13375000000002,161.13375000000002,46.03821428571429,42.86715000000001
2016-10-19,Office Supplies,0.0,0.0,0.0,2,Wednesday,10,4,2016,0,0.0,0.0,0,0.0,161.13375000000002,107.75399999999999,23.019107142857145,42.86715000000001
2016-10-20,Office Supplies,0.0,0.0,0.0,3,Thursday,10,4,2016,0,0.0,0.0,0,0.0,0.0,0.0,0.0,42.86715000000001
2016-10-21,Office Supplies,0.0,0.0,0.0,4,Friday,10,4,2016,0,0.0,0.0,0,0.0,0.0,43.286,0.0,42.86715000000001
2016-10-22,Office Supplies,0.0,0.0,0.0,5,Saturday,10,4,2016,1,0.0,0.0,0,0.0,0.0,161.13375000000002,0.0,42.86715000000001
2016-10-23,Office Supplies,0.0,0.0,0.0,6,Sunday,10,4,2016,1,0.0,0.0,0,0.0,0.0,161.13375000000002,0.0,42.86715000000001
2016-10-24,Office Supplies,0.0,0.0,0.0,0,Monday,10,4,2016,0,0.0,0.0,0,0.0,0.0,161.13375000000002,0.0,42.86715000000001
2016-10-25,Office Supplies,0.0,0.0,0.0,1,Tuesday,10,4,2016,0,0.0,0.0,0,0.0,0.0,161.13375000000002,0.0,42.86715000000001
2016-10-26,Office Supplies,0.0,0.0,0.0,2,Wednesday,10,4,2016,0,0.0,0.0,0,0.0,0.0,161.13375000000002,0.0,42.86715000000001
2016-10-27,Office Supplies,0.0,0.0,0.0,3,Thursday,10,4,2016,0,0.0,0.0,0,0.0,0.0,0.0,0.0,42.86715000000001
2016-10-28,Office Supplies,0.0,0.0,0.0,4,Friday,10,4,2016,0,0.0,0.0,0,0.0,0.0,0.0,0.0,42.86715000000001
2016-10-29,Office Supplies,0.0,0.0,0.0,5,Saturday,10,4,2016,1,0.0,0.0,0,0.0,0.0,0.0,0.0,42.86715000000001
2016-10-30,Office Supplies,0.0,0.0,0.0,6,Sunday,10,4,2016,1,0.0,0.0,0,0.0,0.0,0.0,0.0,42.86715000000001
2016-10-31,Office Supplies,0.0,0.0,0.0,0,Monday,10,4,2016,0,0.0,0.0,0,0.0,0.0,0.0,0.0,42.86715000000001
2016-11-01,Office Supplies,0.0,0.0,0.0,1,Tuesday,11,4,2016,0,0.0,0.0,0,0.0,0.0,0.0,0.0,42.86715000000001
2016-11-02,Office Supplies,0.0,0.0,0.0,2,Wednesday,11,4,2016,0,0.0,0.0,0,0.0,0.0,0.0,0.0,40.292483333333344
2016-11-03,Office Supplies,0.0,0.0,0.0,3,Thursday,11,4,2016,0,0.0,0.0,0,0.0,0.0,0.0,0.0,37.261416666666676
2016-11-04,Office Supplies,459.36,0.0,0.0,4,Friday,11,4,2016,0,459.36,161.13375000000002,1,0.0,0.0,0.0,0.0,31.890291666666666
2016-11-05,Office Supplies,0.0,0.0,0.0,5,Saturday,11,4,2016,1,0.0,0.0,0,161.13375000000002,0.0,0.0,23.019107142857145,33.66961666666667
2016-11-06,Office Supplies,1868.528,0.0,0.0,6,Sunday,11,4,2016,1,1868.528,161.13375000000002,1,0.0,0.0,0.0,23.019107142857145,33.66961666666667
2016-11-07,Office Supplies,369.48400000000004,0.0,0.0,0,Monday,11,4,2016,0,369.48400000000004,161.13375000000002,1,161.13375000000002,0.0,0.0,46.03821428571429,37.59787500000001
2016-11-08,Office Supplies,11.96,0.0,0.0,1,Tuesday,11,4,2016,0,11.96,11.96,0,161.13375000000002,0.0,0.0,69.05732142857144,37.59787500000001
2016-11-09,Office Supplies,1697.8999999999999,0.0,0.0,2,Wednesday,11,4,2016,0,1697.8999999999999,161.13375000000002,1,11.96,0.0,0.0,70.76589285714286,32.62541666666667
2016-11-10,Office Supplies,22.368,0.0,0.0,3,Thursday,11,4,2016,0,22.368,22.368,0,161.13375000000002,0.0,0.0,93.78500000000001,32.625416666666666
2016-11-11,Office Supplies,542.178,0.0,0.0,4,Friday,11,4,2016,0,542.178,161.13375000000002,1,22.368,161.13375000000002,0.0,96.98042857142858,27.99989166666667
2016-11-12,Office Supplies,529.748,0.0,0.0,5,Saturday,11,4,2016,1,529.748,161.13375000000002,1,161.13375000000002,0.0,0.0,96.98042857142859,27.999891666666667
2016-11-13,Office Supplies,0.0,0.0,0.0,6,Sunday,11,4,2016,1,0.0,0.0,0,161.13375000000002,161.13375000000002,0.0,119.99953571428571,33.37101666666667
2016-11-14,Office Supplies,0.0,0.0,0.0,0,Monday,11,4,2016,0,0.0,0.0,0,0.0,161.13375000000002,0.0,96.98042857142858,33.37101666666668
2016-11-15,Office Supplies,0.0,0.0,0.0,1,Tuesday,11,4,2016,0,0.0,0.0,0,0.0,11.96,0.0,73.96132142857144,33.37101666666668
2016-11-16,Office Supplies,0.0,0.0,0.0,2,Wednesday,11,4,2016,0,0.0,0.0,0,0.0,161.13375000000002,0.0,72.25275,33.37101666666668
2016-11-17,Office Supplies,0.0,0.0,0.0,3,Thursday,11,4,2016,0,0.0,0.0,0,0.0,22.368,0.0,49.233642857142854,33.37101666666668
2016-11-18,Office Supplies,0.0,0.0,0.0,4,Friday,11,4,2016,0,0.0,0.0,0,0.0,161.13375000000002,161.13375000000002,46.03821428571429,33.37101666666668
2016-11-19,Office Supplies,0.0,0.0,0.0,5,Saturday,11,4,2016,1,0.0,0.0,0,0.0,161.13375000000002,0.0,23.019107142857145,33.37101666666668
2016-11-20,Office Supplies,0.0,0.0,0.0,6,Sunday,11,4,2016,1,0.0,0.0,0,0.0,0.0,161.13375000000002,0.0,33.37101666666668
2016-11-21,Office Supplies,0.0,0.0,0.0,0,Monday,11,4,2016,0,0.0,0.0,0,0.0,0.0,161.13375000000002,0.0,33.37101666666668
2016-11-22,Office Supplies,0.0,0.0,0.0,1,Tuesday,11,4,2016,0,0.0,0.0,0,0.0,0.0,11.96,0.0,33.37101666666668
2016-11-23,Office Supplies,0.0,0.0,0.0,2,Wednesday,11,4,2016,0,0.0,0.0,0,0.0,0.0,161.13375000000002,0.0,33.37101666666668
2016-11-24,Office Supplies,0.0,0.0,0.0,3,Thursday,11,4,2016,0,0.0,0.0,0,0.0,0.0,22.368,0.0,33.37101666666668
2016-11-25,Office Supplies,0.0,0.0,0.0,4,Friday,11,4,2016,0,0.0,0.0,0,0.0,0.0,161.13375000000002,0.0,33.37101666666668
2016-11-26,Office Supplies,0.0,0.0,0.0,5,Saturday,11,4,2016,1,0.0,0.0,0,0.0,0.0,161.13375000000002,0.0,33.37101666666668
2016-11-27,Office Supplies,0.0,0.0,0.0,6,Sunday,11,4,2016,1,0.0,0.0,0,0.0,0.0,0.0,0.0,33.37101666666668
2016-11-28,Office Supplies,0.0,0.0,0.0,0,Monday,11,4,2016,0,0.0,0.0,0,0.0,0.0,0.0,0.0,33.37101666666668
2016-11-29,Office Supplies,0.0,0.0,0.0,1,Tuesday,11,4,2016,0,0.0,0.0,0,0.0,0.0,0.0,0.0,33.37101666666668
2016-11-30,Office Supplies,0.0,0.0,0.0,2,Wednesday,11,4,2016,0,0.0,0.0,0,0.0,0.0,0.0,0.0,33.37101666666668
2016-12-01,Office Supplies,475.548,0.0,0.0,3,Thursday,12,4,2016,0,475.548,161.13375000000002,1,0.0,0.0,0.0,0.0,33.37101666666668
2016-12-02,Office Supplies,0.0,0.0,0.0,4,Friday,12,4,2016,0,0.0,0.0,0,161.13375000000002,0.0,0.0,23.019107142857145,38.742141666666676
2016-12-03,Office Supplies,13.728000000000002,0.0,0.0,5,Saturday,12,4,2016,1,13.728000000000002,13.728000000000002,0,0.0,0.0,0.0,23.019107142857145,38.742141666666676
2016-12-04,Office Supplies,0.0,0.0,0.0,6,Sunday,12,4,2016,1,0.0,0.0,0,13.728000000000002,0.0,0.0,24.980250000000005,39.199741666666675
2016-12-05,Office Supplies,217.64600000000002,0.0,0.0,0,Monday,12,4,2016,0,217.64600000000002,161.13375000000002,1,0.0,0.0,0.0,24.980250000000005,33.82861666666667
2016-12-06,Office Supplies,75.196,0.0,0.0,1,Tuesday,12,4,2016,0,75.196,75.196,0,161.13375000000002,0.0,0.0,47.99935714285715,39.199741666666675
2016-12-07,Office Supplies,8.84,0.0,0.0,2,Wednesday,12,4,2016,0,8.84,8.84,0,75.196,0.0,0.0,58.74164285714286,36.335150000000006
2016-12-08,Office Supplies,0.0,0.0,0.0,3,Thursday,12,4,2016,0,0.0,0.0,0,8.84,161.13375000000002,0.0,60.00450000000001,31.25869166666667
2016-12-09,Office Supplies,205.86,0.0,0.0,4,Friday,12,4,2016,0,205.86,161.13375000000002,1,0.0,0.0,0.0,36.98539285714286,30.860025000000004
2016-12-10,Office Supplies,166.26,0.0,0.0,5,Saturday,12,4,2016,1,166.26,161.13375000000002,1,161.13375000000002,13.728000000000002,0.0,60.00450000000001,30.860025000000004
2016-12-11,Office Supplies,357.144,0.0,0.0,6,Sunday,12,4,2016,1,357.144,161.13375000000002,1,161.13375000000002,0.0,0.0,81.0624642857143,35.48555
2016-12-12,Office Supplies,611.1179999999999,1.0,0.0,0,Monday,12,4,2016,0,611.1179999999999,161.13375000000002,1,161.13375000000002,161.13375000000002,0.0,104.08157142857145,35.48555
2016-12-13,Office Supplies,0.0,0.0,0.0,1,Tuesday,12,4,2016,0,0.0,0.0,0,161.13375000000002,75.196,0.0,104.08157142857145,35.48555
2016-12-14,Office Supplies,0.0,0.0,0.0,2,Wednesday,12,4,2016,0,0.0,0.0,0,0.0,8.84,0.0,93.33928571428574,35.48555
2016-12-15,Office Supplies,0.0,0.0,0.0,3,Thursday,12,4,2016,0,0.0,0.0,0,0.0,0.0,161.13375000000002,92.07642857142858,35.48555
2016-12-16,Office Supplies,0.0,0.0,0.0,4,Friday,12,4,2016,0,0.0,0.0,0,0.0,161.13375000000002,0.0,92.07642857142858,35.48555
2016-12-17,Office Supplies,0.0,0.0,0.0,5,Saturday,12,4,2016,1,0.0,0.0,0,0.0,161.13375000000002,13.728000000000002,69.05732142857144,35.48555
2016-12-18,Office Supplies,0.0,0.0,0.0,6,Sunday,12,4,2016,1,0.0,0.0,0,0.0,161.13375000000002,0.0,46.03821428571429,35.48555
2016-12-19,Office Supplies,0.0,0.0,0.0,0,Monday,12,4,2016,0,0.0,0.0,0,0.0,161.13375000000002,161.13375000000002,23.019107142857145,35.48555
2016-12-20,Office Supplies,0.0,0.0,0.0,1,Tuesday,12,4,2016,0,0.0,0.0,0,0.0,0.0,75.196,0.0,35.48555
2016-12-21,Office Supplies,0.0,0.0,0.0,2,Wednesday,12,4,2016,0,0.0,0.0,0,0.0,0.0,8.84,0.0,35.48555
2016-12-22,Office Supplies,0.0,0.0,0.0,3,Thursday,12,4,2016,0,0.0,0.0,0,0.0,0.0,0.0,0.0,35.48555
2016-12-23,Office Supplies,0.0,0.0,0.0,4,Friday,12,4,2016,0,0.0,0.0,0,0.0,0.0,161.13375000000002,0.0,35.48555
2016-12-24,Office Supplies,0.0,0.0,0.0,5,Saturday,12,4,2016,1,0.0,0.0,0,0.0,0.0,161.13375000000002,0.0,35.48555
2016-12-25,Office Supplies,0.0,0.0,0.0,6,Sunday,12,4,2016,1,0.0,0.0,0,0.0,0.0,161.13375000000002,0.0,35.48555
2016-12-26,Office Supplies,0.0,0.0,0.0,0,Monday,12,4,2016,0,0.0,0.0,0,0.0,0.0,161.13375000000002,0.0,35.48555
2016-12-27,Office Supplies,0.0,0.0,0.0,1,Tuesday,12,4,2016,0,0.0,0.0,0,0.0,0.0,0.0,0.0,35.48555
2016-12-28,Office Supplies,0.0,0.0,0.0,2,Wednesday,12,4,2016,0,0.0,0.0,0,0.0,0.0,0.0,0.0,35.48555
2016-12-29,Office Supplies,0.0,0.0,0.0,3,Thursday,12,4,2016,0,0.0,0.0,0,0.0,0.0,0.0,0.0,35.48555
2016-12-30,Office Supplies,0.0,0.0,0.0,4,Friday,12,4,2016,0,0.0,0.0,0,0.0,0.0,0.0,0.0,35.48555
2016-12-31,Office Supplies,0.0,0.0,0.0,5,Saturday,12,4,2016,1,0.0,0.0,0,0.0,0.0,0.0,0.0,35.48555
2017-01-01,Office Supplies,0.0,0.0,0.0,6,Sunday,1,1,2017,1,0.0,0.0,0,0.0,0.0,0.0,0.0,30.114425000000004
2017-01-02,Office Supplies,161.97,0.0,0.0,0,Monday,1,1,2017,0,161.97,161.13375000000002,1,0.0,0.0,0.0,0.0,30.114425000000004
2017-01-03,Office Supplies,389.3,0.0,0.0,1,Tuesday,1,1,2017,0,389.3,161.13375000000002,1,161.13375000000002,0.0,0.0,23.019107142857145,35.027950000000004
2017-01-04,Office Supplies,788.8380000000001,0.0,0.0,2,Wednesday,1,1,2017,0,788.8380000000001,161.13375000000002,1,161.13375000000002,0.0,0.0,46.03821428571429,40.399075
2017-01-05,Office Supplies,147.246,0.0,0.0,3,Thursday,1,1,2017,0,147.246,147.246,0,161.13375000000002,0.0,0.0,69.05732142857144,40.39907500000001
2017-01-06,Office Supplies,0.0,0.0,0.0,4,Friday,1,1,2017,0,0.0,0.0,0,147.246,0.0,0.0,90.0924642857143,42.800741666666674
2017-01-07,Office Supplies,193.586,0.0,0.0,5,Saturday,1,1,2017,1,193.586,161.13375000000002,1,0.0,0.0,0.0,90.0924642857143,42.506075
2017-01-08,Office Supplies,65.608,0.0,0.0,6,Sunday,1,1,2017,1,65.608,65.608,0,161.13375000000002,0.0,0.0,113.11157142857144,47.87720000000001
2017-01-09,Office Supplies,4993.393999999999,0.0,0.0,0,Monday,1,1,2017,0,4993.393999999999,161.13375000000002,1,65.608,161.13375000000002,0.0,122.48414285714287,44.69300833333334
2017-01-10,Office Supplies,64.71600000000001,0.0,0.0,1,Tuesday,1,1,2017,0,64.71600000000001,64.71600000000001,0,161.13375000000002,161.13375000000002,0.0,122.48414285714287,44.69300833333334
2017-01-11,Office Supplies,363.462,0.0,0.0,2,Wednesday,1,1,2017,0,363.462,161.13375000000002,1,64.71600000000001,161.13375000000002,0.0,108.71017857142859,41.47908333333333
2017-01-12,Office Supplies,4382.352,0.0,0.0,3,Thursday,1,1,2017,0,4382.352,161.13375000000002,1,161.13375000000002,147.246,0.0,108.7101785714286,41.47908333333334
2017-01-13,Office Supplies,0.0,0.0,0.0,4,Friday,1,1,2017,0,0.0,0.0,0,161.13375000000002,0.0,0.0,110.69414285714286,46.850208333333335
2017-01-14,Office Supplies,0.0,0.0,0.0,5,Saturday,1,1,2017,1,0.0,0.0,0,0.0,161.13375000000002,0.0,110.69414285714286,46.850208333333335
2017-01-15,Office Supplies,0.0,0.0,0.0,6,Sunday,1,1,2017,1,0.0,0.0,0,0.0,65.608,0.0,87.67503571428573,46.850208333333335
2017-01-16,Office Supplies,0.0,0.0,0.0,0,Monday,1,1,2017,0,0.0,0.0,0,0.0,161.13375000000002,161.13375000000002,78.3024642857143,46.850208333333335
2017-01-17,Office Supplies,0.0,0.0,0.0,1,Tuesday,1,1,2017,0,0.0,0.0,0,0.0,64.71600000000001,161.13375000000002,55.28335714285715,46.850208333333335
2017-01-18,Office Supplies,0.0,0.0,0.0,2,Wednesday,1,1,2017,0,0.0,0.0,0,0.0,161.13375000000002,161.13375000000002,46.03821428571429,46.850208333333335
2017-01-19,Office Supplies,0.0,0.0,0.0,3,Thursday,1,1,2017,0,0.0,0.0,0,0.0,161.13375000000002,147.246,23.019107142857145,46.850208333333335
2017-01-20,Office Supplies,0.0,0.0,0.0,4,Friday,1,1,2017,0,0.0,0.0,0,0.0,0.0,0.0,0.0,46.850208333333335
2017-01-21,Office Supplies,0.0,0.0,0.0,5,Saturday,1,1,2017,1,0.0,0.0,0,0.0,0.0,161.13375000000002,0.0,46.850208333333335
2017-01-22,Office Supplies,0.0,0.0,0.0,6,Sunday,1,1,2017,1,0.0,0.0,0,0.0,0.0,65.608,0.0,46.850208333333335
2017-01-23,Office Supplies,0.0,0.0,0.0,0,Monday,1,1,2017,0,0.0,0.0,0,0.0,0.0,161.13375000000002,0.0,46.850208333333335
2017-01-24,Office Supplies,0.0,0.0,0.0,1,Tuesday,1,1,2017,0,0.0,0.0,0,0.0,0.0,64.71600000000001,0.0,46.850208333333335
2017-01-25,Office Supplies,0.0,0.0,0.0,2,Wednesday,1,1,2017,0,0.0,0.0,0,0.0,0.0,161.13375000000002,0.0,46.850208333333335
2017-01-26,Office Supplies,0.0,0.0,0.0,3,Thursday,1,1,2017,0,0.0,0.0,0,0.0,0.0,161.13375000000002,0.0,46.850208333333335
2017-01-27,Office Supplies,0.0,0.0,0.0,4,Friday,1,1,2017,0,0.0,0.0,0,0.0,0.0,0.0,0.0,46.850208333333335
2017-01-28,Office Supplies,0.0,0.0,0.0,5,Saturday,1,1,2017,1,0.0,0.0,0,0.0,0.0,0.0,0.0,46.850208333333335
2017-01-29,Office Supplies,0.0,0.0,0.0,6,Sunday,1,1,2017,1,0.0,0.0,0,0.0,0.0,0.0,0.0,46.850208333333335
2017-01-30,Office Supplies,0.0,0.0,0.0,0,Monday,1,1,2017,0,0.0,0.0,0,0.0,0.0,0.0,0.0,46.850208333333335
2017-01-31,Office Supplies,0.0,0.0,0.0,1,Tuesday,1,1,2017,0,0.0,0.0,0,0.0,0.0,0.0,0.0,46.850208333333335
2017-02-01,Office Supplies,0.0,0.0,0.0,2,Wednesday,2,1,2017,0,0.0,0.0,0,0.0,0.0,0.0,0.0,46.850208333333335
2017-02-02,Office Supplies,154.35999999999999,0.0,0.0,3,Thursday,2,1,2017,0,154.35999999999999,154.35999999999999,0,0.0,0.0,0.0,0.0,41.47908333333334
2017-02-03,Office Supplies,0.0,0.0,0.0,4,Friday,2,1,2017,0,0.0,0.0,0,154.35999999999999,0.0,0.0,22.05142857142857,41.25329166666667
2017-02-04,Office Supplies,0.0,0.0,0.0,5,Saturday,2,1,2017,1,0.0,0.0,0,0.0,0.0,0.0,22.05142857142857,35.88216666666666
2017-02-05,Office Supplies,213.516,0.0,0.0,6,Sunday,2,1,2017,1,213.516,161.13375000000002,1,0.0,0.0,0.0,22.05142857142857,30.973966666666673
2017-02-06,Office Supplies,157.844,0.0,0.0,0,Monday,2,1,2017,0,157.844,157.844,0,161.13375000000002,0.0,0.0,45.07053571428571,36.34509166666667
2017-02-07,Office Supplies,49.172000000000004,0.0,0.0,1,Tuesday,2,1,2017,0,49.172000000000004,49.172000000000004,0,157.844,0.0,0.0,67.61967857142858,36.23543333333334
2017-02-08,Office Supplies,12.544,0.0,0.0,2,Wednesday,2,1,2017,0,12.544,12.544,0,49.172000000000004,0.0,0.0,74.64425000000001,35.687566666666676
2017-02-09,Office Supplies,689.751,0.0,0.0,3,Thursday,2,1,2017,0,689.751,161.13375000000002,1,12.544,154.35999999999999,0.0,76.43625,30.734575000000003
2017-02-10,Office Supplies,953.022,0.0,0.0,4,Friday,2,1,2017,0,953.022,161.13375000000002,1,161.13375000000002,0.0,0.0,77.40392857142857,33.9485
2017-02-11,Office Supplies,0.0,0.0,0.0,5,Saturday,2,1,2017,1,0.0,0.0,0,161.13375000000002,0.0,0.0,100.42303571428572,33.9485
2017-02-12,Office Supplies,3020.2619999999997,0.0,0.0,6,Sunday,2,1,2017,1,3020.2619999999997,161.13375000000002,1,0.0,161.13375000000002,0.0,100.42303571428572,28.577375000000004
2017-02-13,Office Supplies,0.0,0.0,0.0,0,Monday,2,1,2017,0,0.0,0.0,0,161.13375000000002,157.844,0.0,100.42303571428572,33.9485
2017-02-14,Office Supplies,0.0,0.0,0.0,1,Tuesday,2,1,2017,0,0.0,0.0,0,0.0,49.172000000000004,0.0,77.87389285714286,33.9485
2017-02-15,Office Supplies,0.0,0.0,0.0,2,Wednesday,2,1,2017,0,0.0,0.0,0,0.0,12.544,0.0,70.84932142857144,33.9485
2017-02-16,Office Supplies,0.0,0.0,0.0,3,Thursday,2,1,2017,0,0.0,0.0,0,0.0,161.13375000000002,154.35999999999999,69.05732142857144,33.9485
2017-02-17,Office Supplies,0.0,0.0,0.0,4,Friday,2,1,2017,0,0.0,0.0,0,0.0,161.13375000000002,0.0,46.03821428571429,33.9485
2017-02-18,Office Supplies,0.0,0.0,0.0,5,Saturday,2,1,2017,1,0.0,0.0,0,0.0,0.0,0.0,23.019107142857145,33.9485
2017-02-19,Office Supplies,0.0,0.0,0.0,6,Sunday,2,1,2017,1,0.0,0.0,0,0.0,161.13375000000002,161.13375000000002,23.019107142857145,33.9485
2017-02-20,Office Supplies,0.0,0.0,0.0,0,Monday,2,1,2017,0,0.0,0.0,0,0.0,0.0,157.844,0.0,33.9485
2017-02-21,Office Supplies,0.0,0.0,0.0,1,Tuesday,2,1,2017,0,0.0,0.0,0,0.0,0.0,49.172000000000004,0.0,33.9485
2017-02-22,Office Supplies,0.0,0.0,0.0,2,Wednesday,2,1,2017,0,0.0,0.0,0,0.0,0.0,12.544,0.0,33.9485
2017-02-23,Office Supplies,0.0,0.0,0.0,3,Thursday,2,1,2017,0,0.0,0.0,0,0.0,0.0,161.13375000000002,0.0,33.9485
2017-02-24,Office Supplies,0.0,0.0,0.0,4,Friday,2,1,2017,0,0.0,0.0,0,0.0,0.0,161.13375000000002,0.0,33.9485
2017-02-25,Office Supplies,0.0,0.0,0.0,5,Saturday,2,1,2017,1,0.0,0.0,0,0.0,0.0,0.0,0.0,33.9485
2017-02-26,Office Supplies,0.0,0.0,0.0,6,Sunday,2,1,2017,1,0.0,0.0,0,0.0,0.0,161.13375000000002,0.0,33.9485
2017-02-27,Office Supplies,0.0,0.0,0.0,0,Monday,2,1,2017,0,0.0,0.0,0,0.0,0.0,0.0,0.0,33.9485
2017-02-28,Office Supplies,0.0,0.0,0.0,1,Tuesday,2,1,2017,0,0.0,0.0,0,0.0,0.0,0.0,0.0,33.9485
2017-03-01,Office Supplies,126.33999999999999,0.0,0.0,2,Wednesday,3,1,2017,0,126.33999999999999,126.33999999999999,0,0.0,0.0,0.0,0.0,33.9485
2017-03-02,Office Supplies,0.0,0.0,0.0,3,Thursday,3,1,2017,0,0.0,0.0,0,126.33999999999999,0.0,0.0,18.048571428571428,38.15983333333334
2017-03-03,Office Supplies,4651.41,0.0,0.0,4,Friday,3,1,2017,0,4651.41,161.13375000000002,1,0.0,0.0,0.0,18.048571428571428,38.15983333333334
2017-03-04,Office Supplies,110.11800000000001,0.0,0.0,5,Saturday,3,1,2017,1,110.11800000000001,110.11800000000001,0,161.13375000000002,0.0,0.0,41.06767857142857,43.53095833333334
2017-03-05,Office Supplies,257.61199999999997,0.0,0.0,6,Sunday,3,1,2017,1,257.61199999999997,161.13375000000002,1,110.11800000000001,0.0,0.0,56.79882142857143,42.05622500000001
2017-03-06,Office Supplies,0.0,0.0,0.0,0,Monday,3,1,2017,0,0.0,0.0,0,161.13375000000002,0.0,0.0,79.81792857142857,47.42735000000001
2017-03-07,Office Supplies,847.6999999999999,0.0,0.0,1,Tuesday,3,1,2017,0,847.6999999999999,161.13375000000002,1,0.0,0.0,0.0,79.81792857142857,47.42735000000001
2017-03-08,Office Supplies,81.54,0.0,0.0,2,Wednesday,3,1,2017,0,81.54,81.54,0,161.13375000000002,126.33999999999999,0.0,102.8370357142857,47.427350000000004
2017-03-09,Office Supplies,1442.4180000000001,0.0,0.0,3,Thursday,3,1,2017,0,1442.4180000000001,161.13375000000002,1,81.54,0.0,0.0,96.43703571428571,44.88388333333334
2017-03-10,Office Supplies,128.188,0.0,0.0,4,Friday,3,1,2017,0,128.188,128.188,0,161.13375000000002,161.13375000000002,0.0,119.45614285714285,48.61594166666667
2017-03-11,Office Supplies,1913.076,0.0,0.0,5,Saturday,3,1,2017,1,1913.076,161.13375000000002,1,128.188,110.11800000000001,0.0,114.74960714285716,52.47074166666667
2017-03-12,Office Supplies,1478.9779999999998,0.0,0.0,6,Sunday,3,1,2017,1,1478.9779999999998,161.13375000000002,1,161.13375000000002,161.13375000000002,0.0,122.03757142857144,52.47074166666667
2017-03-13,Office Supplies,0.0,0.0,0.0,0,Monday,3,1,2017,0,0.0,0.0,0,161.13375000000002,0.0,0.0,122.03757142857145,52.470741666666676
2017-03-14,Office Supplies,0.0,0.0,0.0,1,Tuesday,3,1,2017,0,0.0,0.0,0,0.0,161.13375000000002,0.0,122.03757142857145,52.470741666666676
2017-03-15,Office Supplies,0.0,0.0,0.0,2,Wednesday,3,1,2017,0,0.0,0.0,0,0.0,81.54,126.33999999999999,99.01846428571432,47.09961666666666
2017-03-16,Office Supplies,0.0,0.0,0.0,3,Thursday,3,1,2017,0,0.0,0.0,0,0.0,161.13375000000002,0.0,87.36989285714286,47.09961666666666
2017-03-17,Office Supplies,0.0,0.0,0.0,4,Friday,3,1,2017,0,0.0,0.0,0,0.0,128.188,161.13375000000002,64.35078571428572,47.09961666666666
2017-03-18,Office Supplies,0.0,0.0,0.0,5,Saturday,3,1,2017,1,0.0,0.0,0,0.0,161.13375000000002,110.11800000000001,46.03821428571429,47.09961666666666
2017-03-19,Office Supplies,0.0,0.0,0.0,6,Sunday,3,1,2017,1,0.0,0.0,0,0.0,161.13375000000002,161.13375000000002,23.019107142857145,47.09961666666666
2017-03-20,Office Supplies,0.0,0.0,0.0,0,Monday,3,1,2017,0,0.0,0.0,0,0.0,0.0,0.0,0.0,47.09961666666666
2017-03-21,Office Supplies,0.0,0.0,0.0,1,Tuesday,3,1,2017,0,0.0,0.0,0,0.0,0.0,161.13375000000002,0.0,47.09961666666666
2017-03-22,Office Supplies,0.0,0.0,0.0,2,Wednesday,3,1,2017,0,0.0,0.0,0,0.0,0.0,81.54,0.0,47.09961666666666
2017-03-23,Office Supplies,0.0,0.0,0.0,3,Thursday,3,1,2017,0,0.0,0.0,0,0.0,0.0,161.13375000000002,0.0,47.09961666666666
2017-03-24,Office Supplies,0.0,0.0,0.0,4,Friday,3,1,2017,0,0.0,0.0,0,0.0,0.0,128.188,0.0,47.09961666666666
2017-03-25,Office Supplies,0.0,0.0,0.0,5,Saturday,3,1,2017,1,0.0,0.0,0,0.0,0.0,161.13375000000002,0.0,47.09961666666666
2017-03-26,Office Supplies,0.0,0.0,0.0,6,Sunday,3,1,2017,1,0.0,0.0,0,0.0,0.0,161.13375000000002,0.0,47.09961666666666
2017-03-27,Office Supplies,0.0,0.0,0.0,0,Monday,3,1,2017,0,0.0,0.0,0,0.0,0.0,0.0,0.0,47.09961666666666
2017-03-28,Office Supplies,0.0,0.0,0.0,1,Tuesday,3,1,2017,0,0.0,0.0,0,0.0,0.0,0.0,0.0,47.09961666666666
2017-03-29,Office Supplies,0.0,0.0,0.0,2,Wednesday,3,1,2017,0,0.0,0.0,0,0.0,0.0,0.0,0.0,47.09961666666666
2017-03-30,Office Supplies,0.0,0.0,0.0,3,Thursday,3,1,2017,0,0.0,0.0,0,0.0,0.0,0.0,0.0,47.09961666666666
2017-03-31,Office Supplies,0.0,0.0,0.0,4,Friday,3,1,2017,0,0.0,0.0,0,0.0,0.0,0.0,0.0,47.09961666666666
2017-04-01,Office Supplies,109.252,0.0,0.0,5,Saturday,4,2,2017,1,109.252,109.252,0,0.0,0.0,0.0,0.0,42.88828333333334
2017-04-02,Office Supplies,93.02,0.0,0.0,6,Sunday,4,2,2017,1,93.02,93.02,0,109.252,0.0,0.0,15.60742857142857,46.530016666666675
2017-04-03,Office Supplies,155.47,0.0,0.0,0,Monday,4,2,2017,0,155.47,155.47,0,93.02,0.0,0.0,28.895999999999997,44.25955833333334
2017-04-04,Office Supplies,647.6139999999999,0.0,0.0,1,Tuesday,4,2,2017,0,647.6139999999999,161.13375000000002,1,155.47,0.0,0.0,51.105999999999995,45.77129166666667
2017-04-05,Office Supplies,0.0,0.0,0.0,2,Wednesday,4,2,2017,0,0.0,0.0,0,161.13375000000002,0.0,0.0,74.12510714285715,45.77129166666667
2017-04-06,Office Supplies,124.148,0.0,0.0,3,Thursday,4,2,2017,0,124.148,124.148,0,0.0,0.0,0.0,74.12510714285715,45.77129166666667
2017-04-07,Office Supplies,71.88,0.0,0.0,4,Friday,4,2,2017,0,71.88,71.88,0,124.148,0.0,0.0,91.86053571428572,44.53843333333334
2017-04-08,Office Supplies,85.726,0.0,0.0,5,Saturday,4,2,2017,1,85.726,85.726,0,71.88,109.252,0.0,102.12910714285714,44.21643333333334
2017-04-09,Office Supplies,1321.322,0.0,0.0,6,Sunday,4,2,2017,1,1321.322,161.13375000000002,1,85.726,93.02,0.0,98.76825000000001,41.702841666666664
2017-04-10,Office Supplies,209.252,0.0,0.0,0,Monday,4,2,2017,0,209.252,161.13375000000002,1,161.13375000000002,155.47,0.0,108.49878571428573,42.80103333333333
2017-04-11,Office Supplies,1194.828,0.0,0.0,1,Tuesday,4,2,2017,0,1194.828,161.13375000000002,1,161.13375000000002,161.13375000000002,0.0,109.30789285714286,42.801033333333336
2017-04-12,Office Supplies,752.346,0.0,0.0,2,Wednesday,4,2,2017,0,752.346,161.13375000000002,1,161.13375000000002,0.0,0.0,109.30789285714286,42.80103333333333
2017-04-13,Office Supplies,0.0,0.0,0.0,3,Thursday,4,2,2017,0,0.0,0.0,0,161.13375000000002,124.148,0.0,132.327,48.17215833333333
2017-04-14,Office Supplies,0.0,0.0,0.0,4,Friday,4,2,2017,0,0.0,0.0,0,0.0,71.88,0.0,114.59157142857144,48.17215833333333
2017-04-15,Office Supplies,0.0,0.0,0.0,5,Saturday,4,2,2017,1,0.0,0.0,0,0.0,85.726,109.252,104.323,48.17215833333333
2017-04-16,Office Supplies,0.0,0.0,0.0,6,Sunday,4,2,2017,1,0.0,0.0,0,0.0,161.13375000000002,93.02,92.07642857142858,48.17215833333333
2017-04-17,Office Supplies,0.0,0.0,0.0,0,Monday,4,2,2017,0,0.0,0.0,0,0.0,161.13375000000002,155.47,69.05732142857144,48.17215833333333
2017-04-18,Office Supplies,0.0,0.0,0.0,1,Tuesday,4,2,2017,0,0.0,0.0,0,0.0,161.13375000000002,161.13375000000002,46.03821428571429,48.17215833333333
2017-04-19,Office Supplies,0.0,0.0,0.0,2,Wednesday,4,2,2017,0,0.0,0.0,0,0.0,161.13375000000002,0.0,23.019107142857145,48.17215833333333
2017-04-20,Office Supplies,0.0,0.0,0.0,3,Thursday,4,2,2017,0,0.0,0.0,0,0.0,0.0,124.148,0.0,48.17215833333333
2017-04-21,Office Supplies,0.0,0.0,0.0,4,Friday,4,2,2017,0,0.0,0.0,0,0.0,0.0,71.88,0.0,48.17215833333333
2017-04-22,Office Supplies,0.0,0.0,0.0,5,Saturday,4,2,2017,1,0.0,0.0,0,0.0,0.0,85.726,0.0,48.17215833333333
2017-04-23,Office Supplies,0.0,0.0,0.0,6,Sunday,4,2,2017,1,0.0,0.0,0,0.0,0.0,161.13375000000002,0.0,48.17215833333333
2017-04-24,Office Supplies,0.0,0.0,0.0,0,Monday,4,2,2017,0,0.0,0.0,0,0.0,0.0,161.13375000000002,0.0,48.17215833333333
2017-04-25,Office Supplies,0.0,0.0,0.0,1,Tuesday,4,2,2017,0,0.0,0.0,0,0.0,0.0,161.13375000000002,0.0,48.17215833333333
2017-04-26,Office Supplies,0.0,0.0,0.0,2,Wednesday,4,2,2017,0,0.0,0.0,0,0.0,0.0,161.13375000000002,0.0,48.17215833333333
2017-04-27,Office Supplies,0.0,0.0,0.0,3,Thursday,4,2,2017,0,0.0,0.0,0,0.0,0.0,0.0,0.0,48.17215833333333
2017-04-28,Office Supplies,0.0,0.0,0.0,4,Friday,4,2,2017,0,0.0,0.0,0,0.0,0.0,0.0,0.0,48.17215833333333
2017-04-29,Office Supplies,0.0,0.0,0.0,5,Saturday,4,2,2017,1,0.0,0.0,0,0.0,0.0,0.0,0.0,48.17215833333333
2017-04-30,Office Supplies,0.0,0.0,0.0,6,Sunday,4,2,2017,1,0.0,0.0,0,0.0,0.0,0.0,0.0,48.17215833333333
2017-05-01,Office Supplies,5.248,1.0,0.0,0,Monday,5,2,2017,0,5.248,5.248,0,0.0,0.0,0.0,0.0,48.17215833333333
2017-05-02,Office Supplies,1428.28,0.0,0.0,1,Tuesday,5,2,2017,0,1428.28,161.13375000000002,1,5.248,0.0,0.0,0.7497142857142858,44.705358333333336
2017-05-03,Office Supplies,162.344,0.0,0.0,2,Wednesday,5,2,2017,0,162.344,161.13375000000002,1,161.13375000000002,0.0,0.0,23.76882142857143,46.97581666666667
2017-05-04,Office Supplies,927.5519999999999,0.0,0.0,3,Thursday,5,2,2017,0,927.5519999999999,161.13375000000002,1,161.13375000000002,0.0,0.0,46.78792857142857,47.16460833333334
2017-05-05,Office Supplies,205.168,0.0,0.0,4,Friday,5,2,2017,0,205.168,161.13375000000002,1,161.13375000000002,0.0,0.0,69.80703571428572,47.16460833333334
2017-05-06,Office Supplies,659.82,0.0,0.0,5,Saturday,5,2,2017,1,659.82,161.13375000000002,1,161.13375000000002,0.0,0.0,92.82614285714287,52.53573333333334
2017-05-07,Office Supplies,0.0,0.0,0.0,6,Sunday,5,2,2017,1,0.0,0.0,0,161.13375000000002,0.0,0.0,115.84525000000001,53.76859166666667
2017-05-08,Office Supplies,197.05,0.0,0.0,0,Monday,5,2,2017,0,197.05,161.13375000000002,1,0.0,5.248,0.0,115.84525000000001,51.37259166666667
2017-05-09,Office Supplies,1217.647,0.0,0.0,1,Tuesday,5,2,2017,0,1217.647,161.13375000000002,1,161.13375000000002,161.13375000000002,0.0,138.11464285714285,53.886183333333335
2017-05-10,Office Supplies,0.0,0.0,0.0,2,Wednesday,5,2,2017,0,0.0,0.0,0,161.13375000000002,161.13375000000002,0.0,138.11464285714288,53.88618333333334
2017-05-11,Office Supplies,464.82,1.0,0.0,3,Thursday,5,2,2017,0,464.82,161.13375000000002,1,0.0,161.13375000000002,0.0,115.09553571428572,48.515058333333336
2017-05-12,Office Supplies,1678.934,0.0,0.0,4,Friday,5,2,2017,0,1678.934,161.13375000000002,1,161.13375000000002,161.13375000000002,0.0,115.09553571428572,48.515058333333336
2017-05-13,Office Supplies,0.0,0.0,0.0,5,Saturday,5,2,2017,1,0.0,0.0,0,161.13375000000002,161.13375000000002,0.0,115.09553571428573,48.515058333333336
2017-05-14,Office Supplies,0.0,0.0,0.0,6,Sunday,5,2,2017,1,0.0,0.0,0,0.0,0.0,0.0,92.07642857142858,48.515058333333336
2017-05-15,Office Supplies,0.0,0.0,0.0,0,Monday,5,2,2017,0,0.0,0.0,0,0.0,161.13375000000002,5.248,92.07642857142858,48.515058333333336
2017-05-16,Office Supplies,0.0,0.0,0.0,1,Tuesday,5,2,2017,0,0.0,0.0,0,0.0,161.13375000000002,161.13375000000002,69.05732142857144,48.515058333333336
2017-05-17,Office Supplies,0.0,0.0,0.0,2,Wednesday,5,2,2017,0,0.0,0.0,0,0.0,0.0,161.13375000000002,46.03821428571429,48.515058333333336
2017-05-18,Office Supplies,0.0,0.0,0.0,3,Thursday,5,2,2017,0,0.0,0.0,0,0.0,161.13375000000002,161.13375000000002,46.03821428571429,48.515058333333336
2017-05-19,Office Supplies,0.0,0.0,0.0,4,Friday,5,2,2017,0,0.0,0.0,0,0.0,161.13375000000002,161.13375000000002,23.019107142857145,48.515058333333336
2017-05-20,Office Supplies,0.0,0.0,0.0,5,Saturday,5,2,2017,1,0.0,0.0,0,0.0,0.0,161.13375000000002,0.0,48.515058333333336
2017-05-21,Office Supplies,0.0,0.0,0.0,6,Sunday,5,2,2017,1,0.0,0.0,0,0.0,0.0,0.0,0.0,48.515058333333336
2017-05-22,Office Supplies,0.0,0.0,0.0,0,Monday,5,2,2017,0,0.0,0.0,0,0.0,0.0,161.13375000000002,0.0,48.515058333333336
2017-05-23,Office Supplies,0.0,0.0,0.0,1,Tuesday,5,2,2017,0,0.0,0.0,0,0.0,0.0,161.13375000000002,0.0,48.515058333333336
2017-05-24,Office Supplies,0.0,0.0,0.0,2,Wednesday,5,2,2017,0,0.0,0.0,0,0.0,0.0,0.0,0.0,48.515058333333336
2017-05-25,Office Supplies,0.0,0.0,0.0,3,Thursday,5,2,2017,0,0.0,0.0,0,0.0,0.0,161.13375000000002,0.0,48.515058333333336
2017-05-26,Office Supplies,0.0,0.0,0.0,4,Friday,5,2,2017,0,0.0,0.0,0,0.0,0.0,161.13375000000002,0.0,48.515058333333336
2017-05-27,Office Supplies,0.0,0.0,0.0,5,Saturday,5,2,2017,1,0.0,0.0,0,0.0,0.0,0.0,0.0,48.515058333333336
2017-05-28,Office Supplies,0.0,0.0,0.0,6,Sunday,5,2,2017,1,0.0,0.0,0,0.0,0.0,0.0,0.0,48.515058333333336
2017-05-29,Office Supplies,0.0,0.0,0.0,0,Monday,5,2,2017,0,0.0,0.0,0,0.0,0.0,0.0,0.0,48.515058333333336
2017-05-30,Office Supplies,0.0,0.0,0.0,1,Tuesday,5,2,2017,0,0.0,0.0,0,0.0,0.0,0.0,0.0,48.515058333333336
2017-05-31,Office Supplies,0.0,0.0,0.0,2,Wednesday,5,2,2017,0,0.0,0.0,0,0.0,0.0,0.0,0.0,48.515058333333336
2017-06-01,Office Supplies,0.0,0.0,0.0,3,Thursday,6,2,2017,0,0.0,0.0,0,0.0,0.0,0.0,0.0,48.34012500000001
2017-06-02,Office Supplies,0.0,0.0,0.0,4,Friday,6,2,2017,0,0.0,0.0,0,0.0,0.0,0.0,0.0,42.96900000000001
2017-06-03,Office Supplies,6.105,0.0,0.0,5,Saturday,6,2,2017,1,6.105,6.105,0,0.0,0.0,0.0,0.0,37.59787500000001
2017-06-04,Office Supplies,0.0,0.0,0.0,6,Sunday,6,2,2017,1,0.0,0.0,0,6.105,0.0,0.0,0.8721428571428572,32.43025
2017-06-05,Office Supplies,114.472,0.0,0.0,0,Monday,6,2,2017,0,114.472,114.472,0,0.0,0.0,0.0,0.8721428571428572,27.059125
2017-06-06,Office Supplies,1090.48,0.0,0.0,1,Tuesday,6,2,2017,0,1090.48,161.13375000000002,1,114.472,0.0,0.0,17.225285714285715,25.503733333333336
2017-06-07,Office Supplies,0.0,0.0,0.0,2,Wednesday,6,2,2017,0,0.0,0.0,0,161.13375000000002,0.0,0.0,40.24439285714286,30.87485833333334
2017-06-08,Office Supplies,109.22,0.0,0.0,3,Thursday,6,2,2017,0,109.22,109.22,0,0.0,0.0,0.0,40.24439285714286,25.503733333333336
2017-06-09,Office Supplies,229.74,0.0,0.0,4,Friday,6,2,2017,0,229.74,161.13375000000002,1,109.22,0.0,0.0,55.847249999999995,23.773275000000005
2017-06-10,Office Supplies,58.730000000000004,0.0,0.0,5,Saturday,6,2,2017,1,58.730000000000004,58.730000000000004,0,161.13375000000002,6.105,0.0,78.86635714285715,29.144400000000005
2017-06-11,Office Supplies,209.72,0.0,0.0,6,Sunday,6,2,2017,1,209.72,161.13375000000002,1,58.730000000000004,0.0,0.0,86.3842142857143,25.73094166666667
2017-06-12,Office Supplies,1791.222,0.0,0.0,0,Monday,6,2,2017,0,1791.222,161.13375000000002,1,161.13375000000002,114.472,0.0,109.40332142857143,25.730941666666663
2017-06-13,Office Supplies,0.0,0.0,0.0,1,Tuesday,6,2,2017,0,0.0,0.0,0,161.13375000000002,161.13375000000002,0.0,116.06928571428573,31.102066666666666
2017-06-14,Office Supplies,0.0,0.0,0.0,2,Wednesday,6,2,2017,0,0.0,0.0,0,0.0,0.0,0.0,93.05017857142859,31.10206666666667
2017-06-15,Office Supplies,0.0,0.0,0.0,3,Thursday,6,2,2017,0,0.0,0.0,0,0.0,109.22,0.0,93.05017857142859,31.10206666666667
2017-06-16,Office Supplies,0.0,0.0,0.0,4,Friday,6,2,2017,0,0.0,0.0,0,0.0,161.13375000000002,0.0,77.44732142857144,31.10206666666667
2017-06-17,Office Supplies,0.0,0.0,0.0,5,Saturday,6,2,2017,1,0.0,0.0,0,0.0,58.730000000000004,6.105,54.42821428571428,31.10206666666667
2017-06-18,Office Supplies,0.0,0.0,0.0,6,Sunday,6,2,2017,1,0.0,0.0,0,0.0,161.13375000000002,0.0,46.03821428571429,31.10206666666667
2017-06-19,Office Supplies,0.0,0.0,0.0,0,Monday,6,2,2017,0,0.0,0.0,0,0.0,161.13375000000002,114.472,23.019107142857145,31.10206666666667
2017-06-20,Office Supplies,0.0,0.0,0.0,1,Tuesday,6,2,2017,0,0.0,0.0,0,0.0,0.0,161.13375000000002,0.0,31.10206666666667
2017-06-21,Office Supplies,0.0,0.0,0.0,2,Wednesday,6,2,2017,0,0.0,0.0,0,0.0,0.0,0.0,0.0,31.10206666666667
2017-06-22,Office Supplies,0.0,0.0,0.0,3,Thursday,6,2,2017,0,0.0,0.0,0,0.0,0.0,109.22,0.0,31.10206666666667
2017-06-23,Office Supplies,0.0,0.0,0.0,4,Friday,6,2,2017,0,0.0,0.0,0,0.0,0.0,161.13375000000002,0.0,31.10206666666667
2017-06-24,Office Supplies,0.0,0.0,0.0,5,Saturday,6,2,2017,1,0.0,0.0,0,0.0,0.0,58.730000000000004,0.0,31.10206666666667
2017-06-25,Office Supplies,0.0,0.0,0.0,6,Sunday,6,2,2017,1,0.0,0.0,0,0.0,0.0,161.13375000000002,0.0,31.10206666666667
2017-06-26,Office Supplies,0.0,0.0,0.0,0,Monday,6,2,2017,0,0.0,0.0,0,0.0,0.0,161.13375000000002,0.0,31.10206666666667
2017-06-27,Office Supplies,0.0,0.0,0.0,1,Tuesday,6,2,2017,0,0.0,0.0,0,0.0,0.0,0.0,0.0,31.10206666666667
2017-06-28,Office Supplies,0.0,0.0,0.0,2,Wednesday,6,2,2017,0,0.0,0.0,0,0.0,0.0,0.0,0.0,31.10206666666667
2017-06-29,Office Supplies,0.0,0.0,0.0,3,Thursday,6,2,2017,0,0.0,0.0,0,0.0,0.0,0.0,0.0,31.10206666666667
2017-06-30,Office Supplies,0.0,0.0,0.0,4,Friday,6,2,2017,0,0.0,0.0,0,0.0,0.0,0.0,0.0,31.10206666666667
2017-07-01,Office Supplies,60.5,0.0,0.0,5,Saturday,7,3,2017,1,60.5,60.5,0,0.0,0.0,0.0,0.0,31.10206666666667
2017-07-02,Office Supplies,38.182,0.0,0.0,6,Sunday,7,3,2017,1,38.182,38.182,0,60.5,0.0,0.0,8.642857142857142,33.11873333333334
2017-07-03,Office Supplies,0.0,0.0,0.0,0,Monday,7,3,2017,0,0.0,0.0,0,38.182,0.0,0.0,14.097428571428571,34.39146666666667
2017-07-04,Office Supplies,41.58,0.0,0.0,1,Tuesday,7,3,2017,0,41.58,41.58,0,0.0,0.0,0.0,14.097428571428571,34.18796666666667
2017-07-05,Office Supplies,129.632,0.0,0.0,2,Wednesday,7,3,2017,0,129.632,129.632,0,41.58,0.0,0.0,20.03742857142857,35.57396666666667
2017-07-06,Office Supplies,51.562,0.0,0.0,3,Thursday,7,3,2017,0,51.562,51.562,0,129.632,0.0,0.0,38.556285714285714,36.0793
2017-07-07,Office Supplies,204.999,0.0,0.0,4,Friday,7,3,2017,0,204.999,161.13375000000002,1,51.562,0.0,0.0,45.922285714285714,32.42690833333334
2017-07-08,Office Supplies,0.0,0.0,0.0,5,Saturday,7,3,2017,1,0.0,0.0,0,161.13375000000002,60.5,0.0,68.94139285714286,37.798033333333336
2017-07-09,Office Supplies,0.0,0.0,0.0,6,Sunday,7,3,2017,1,0.0,0.0,0,0.0,38.182,0.0,60.29853571428572,34.15736666666667
2017-07-10,Office Supplies,136.112,0.0,0.0,0,Monday,7,3,2017,0,136.112,136.112,0,0.0,0.0,0.0,54.843964285714286,28.78624166666667
2017-07-11,Office Supplies,924.172,0.0,0.0,1,Tuesday,7,3,2017,0,924.172,161.13375000000002,1,136.112,41.58,0.0,74.28853571428571,31.36564166666667
2017-07-12,Office Supplies,0.0,0.0,0.0,2,Wednesday,7,3,2017,0,0.0,0.0,0,161.13375000000002,129.632,0.0,91.36764285714287,31.36564166666667
2017-07-13,Office Supplies,0.0,0.0,0.0,3,Thursday,7,3,2017,0,0.0,0.0,0,0.0,51.562,0.0,72.84878571428571,25.994516666666666
2017-07-14,Office Supplies,0.0,0.0,0.0,4,Friday,7,3,2017,0,0.0,0.0,0,0.0,161.13375000000002,0.0,65.48278571428571,25.994516666666666
2017-07-15,Office Supplies,0.0,0.0,0.0,5,Saturday,7,3,2017,1,0.0,0.0,0,0.0,0.0,60.5,42.46367857142858,25.994516666666666
2017-07-16,Office Supplies,0.0,0.0,0.0,6,Sunday,7,3,2017,1,0.0,0.0,0,0.0,0.0,38.182,42.46367857142858,25.994516666666666
2017-07-17,Office Supplies,0.0,0.0,0.0,0,Monday,7,3,2017,0,0.0,0.0,0,0.0,136.112,0.0,42.46367857142858,25.994516666666666
2017-07-18,Office Supplies,0.0,0.0,0.0,1,Tuesday,7,3,2017,0,0.0,0.0,0,0.0,161.13375000000002,41.58,23.019107142857145,25.994516666666666
2017-07-19,Office Supplies,0.0,0.0,0.0,2,Wednesday,7,3,2017,0,0.0,0.0,0,0.0,0.0,129.632,0.0,25.994516666666666
2017-07-20,Office Supplies,0.0,0.0,0.0,3,Thursday,7,3,2017,0,0.0,0.0,0,0.0,0.0,51.562,0.0,25.994516666666666
2017-07-21,Office Supplies,0.0,0.0,0.0,4,Friday,7,3,2017,0,0.0,0.0,0,0.0,0.0,161.13375000000002,0.0,25.994516666666666
2017-07-22,Office Supplies,0.0,0.0,0.0,5,Saturday,7,3,2017,1,0.0,0.0,0,0.0,0.0,0.0,0.0,25.994516666666666
2017-07-23,Office Supplies,0.0,0.0,0.0,6,Sunday,7,3,2017,1,0.0,0.0,0,0.0,0.0,0.0,0.0,25.994516666666666
2017-07-24,Office Supplies,0.0,0.0,0.0,0,Monday,7,3,2017,0,0.0,0.0,0,0.0,0.0,136.112,0.0,25.994516666666666
2017-07-25,Office Supplies,0.0,0.0,0.0,1,Tuesday,7,3,2017,0,0.0,0.0,0,0.0,0.0,161.13375000000002,0.0,25.994516666666666
2017-07-26,Office Supplies,0.0,0.0,0.0,2,Wednesday,7,3,2017,0,0.0,0.0,0,0.0,0.0,0.0,0.0,25.994516666666666
2017-07-27,Office Supplies,0.0,0.0,0.0,3,Thursday,7,3,2017,0,0.0,0.0,0,0.0,0.0,0.0,0.0,25.994516666666666
2017-07-28,Office Supplies,0.0,0.0,0.0,4,Friday,7,3,2017,0,0.0,0.0,0,0.0,0.0,0.0,0.0,25.994516666666666
2017-07-29,Office Supplies,0.0,0.0,0.0,5,Saturday,7,3,2017,1,0.0,0.0,0,0.0,0.0,0.0,0.0,25.994516666666666
2017-07-30,Office Supplies,0.0,0.0,0.0,6,Sunday,7,3,2017,1,0.0,0.0,0,0.0,0.0,0.0,0.0,25.994516666666666
2017-07-31,Office Supplies,0.0,0.0,0.0,0,Monday,7,3,2017,0,0.0,0.0,0,0.0,0.0,0.0,0.0,25.994516666666666
2017-08-01,Office Supplies,184.494,0.0,0.0,1,Tuesday,8,3,2017,0,184.494,161.13375000000002,1,0.0,0.0,0.0,0.0,23.97785
2017-08-02,Office Supplies,0.0,0.0,0.0,2,Wednesday,8,3,2017,0,0.0,0.0,0,161.13375000000002,0.0,0.0,23.019107142857145,28.076241666666668
2017-08-03,Office Supplies,474.354,0.0,0.0,3,Thursday,8,3,2017,0,474.354,161.13375000000002,1,0.0,0.0,0.0,23.019107142857145,28.076241666666668
2017-08-04,Office Supplies,1450.268,0.0,0.0,4,Friday,8,3,2017,0,1450.268,161.13375000000002,1,161.13375000000002,0.0,0.0,46.03821428571429,32.06136666666667
2017-08-05,Office Supplies,1070.172,0.0,0.0,5,Saturday,8,3,2017,1,1070.172,161.13375000000002,1,161.13375000000002,0.0,0.0,69.05732142857144,33.111425000000004
2017-08-06,Office Supplies,0.0,0.0,0.0,6,Sunday,8,3,2017,1,0.0,0.0,0,161.13375000000002,0.0,0.0,92.07642857142858,36.76381666666667
2017-08-07,Office Supplies,158.048,0.0,0.0,0,Monday,8,3,2017,0,158.048,158.048,0,0.0,0.0,0.0,92.07642857142858,31.39269166666667
2017-08-08,Office Supplies,602.18,0.0,0.0,1,Tuesday,8,3,2017,0,602.18,161.13375000000002,1,158.048,161.13375000000002,0.0,114.65471428571429,36.66095833333334
2017-08-09,Office Supplies,966.29,0.0,0.0,2,Wednesday,8,3,2017,0,966.29,161.13375000000002,1,161.13375000000002,0.0,0.0,114.65471428571429,42.03208333333334
2017-08-10,Office Supplies,509.824,0.0,0.0,3,Thursday,8,3,2017,0,509.824,161.13375000000002,1,161.13375000000002,161.13375000000002,0.0,137.67382142857144,42.86614166666667
2017-08-11,Office Supplies,0.0,0.0,0.0,4,Friday,8,3,2017,0,0.0,0.0,0,161.13375000000002,161.13375000000002,0.0,137.67382142857144,42.86614166666667
2017-08-12,Office Supplies,463.891,0.0,0.0,5,Saturday,8,3,2017,1,463.891,161.13375000000002,1,0.0,161.13375000000002,0.0,114.65471428571429,42.86614166666667
2017-08-13,Office Supplies,0.0,0.0,0.0,6,Sunday,8,3,2017,1,0.0,0.0,0,161.13375000000002,0.0,0.0,114.65471428571429,48.23726666666667
2017-08-14,Office Supplies,0.0,0.0,0.0,0,Monday,8,3,2017,0,0.0,0.0,0,0.0,158.048,0.0,114.65471428571429,48.23726666666667
2017-08-15,Office Supplies,0.0,0.0,0.0,1,Tuesday,8,3,2017,0,0.0,0.0,0,0.0,161.13375000000002,161.13375000000002,92.07642857142858,48.23726666666667
2017-08-16,Office Supplies,0.0,0.0,0.0,2,Wednesday,8,3,2017,0,0.0,0.0,0,0.0,161.13375000000002,0.0,69.05732142857144,48.23726666666667
2017-08-17,Office Supplies,0.0,0.0,0.0,3,Thursday,8,3,2017,0,0.0,0.0,0,0.0,161.13375000000002,161.13375000000002,46.03821428571429,48.23726666666667
2017-08-18,Office Supplies,0.0,0.0,0.0,4,Friday,8,3,2017,0,0.0,0.0,0,0.0,0.0,161.13375000000002,23.019107142857145,48.23726666666667
2017-08-19,Office Supplies,0.0,0.0,0.0,5,Saturday,8,3,2017,1,0.0,0.0,0,0.0,161.13375000000002,161.13375000000002,23.019107142857145,48.23726666666667
2017-08-20,Office Supplies,0.0,0.0,0.0,6,Sunday,8,3,2017,1,0.0,0.0,0,0.0,0.0,0.0,0.0,48.23726666666667
2017-08-21,Office Supplies,0.0,0.0,0.0,0,Monday,8,3,2017,0,0.0,0.0,0,0.0,0.0,158.048,0.0,48.23726666666667
2017-08-22,Office Supplies,0.0,0.0,0.0,1,Tuesday,8,3,2017,0,0.0,0.0,0,0.0,0.0,161.13375000000002,0.0,48.23726666666667
2017-08-23,Office Supplies,0.0,0.0,0.0,2,Wednesday,8,3,2017,0,0.0,0.0,0,0.0,0.0,161.13375000000002,0.0,48.23726666666667
2017-08-24,Office Supplies,0.0,0.0,0.0,3,Thursday,8,3,2017,0,0.0,0.0,0,0.0,0.0,161.13375000000002,0.0,48.23726666666667
2017-08-25,Office Supplies,0.0,0.0,0.0,4,Friday,8,3,2017,0,0.0,0.0,0,0.0,0.0,0.0,0.0,48.23726666666667
2017-08-26,Office Supplies,0.0,0.0,0.0,5,Saturday,8,3,2017,1,0.0,0.0,0,0.0,0.0,161.13375000000002,0.0,48.23726666666667
2017-08-27,Office Supplies,0.0,0.0,0.0,6,Sunday,8,3,2017,1,0.0,0.0,0,0.0,0.0,0.0,0.0,48.23726666666667
2017-08-28,Office Supplies,0.0,0.0,0.0,0,Monday,8,3,2017,0,0.0,0.0,0,0.0,0.0,0.0,0.0,48.23726666666667
2017-08-29,Office Supplies,0.0,0.0,0.0,1,Tuesday,8,3,2017,0,0.0,0.0,0,0.0,0.0,0.0,0.0,48.23726666666667
2017-08-30,Office Supplies,0.0,0.0,0.0,2,Wednesday,8,3,2017,0,0.0,0.0,0,0.0,0.0,0.0,0.0,48.23726666666667
2017-08-31,Office Supplies,0.0,0.0,0.0,3,Thursday,8,3,2017,0,0.0,0.0,0,0.0,0.0,0.0,0.0,48.23726666666667
2017-09-01,Office Supplies,0.0,0.0,0.0,4,Friday,9,3,2017,0,0.0,0.0,0,0.0,0.0,0.0,0.0,42.86614166666667
2017-09-02,Office Supplies,0.0,0.0,0.0,5,Saturday,9,3,2017,1,0.0,0.0,0,0.0,0.0,0.0,0.0,42.86614166666667
2017-09-03,Office Supplies,80.95,0.0,0.0,6,Sunday,9,3,2017,1,80.95,80.95,0,0.0,0.0,0.0,0.0,37.495016666666665
2017-09-04,Office Supplies,40.632,0.0,0.0,0,Monday,9,3,2017,0,40.632,40.632,0,80.95,0.0,0.0,11.564285714285715,34.822225
2017-09-05,Office Supplies,1170.396,0.0,0.0,1,Tuesday,9,3,2017,0,1170.396,161.13375000000002,1,40.632,0.0,0.0,17.36885714285714,30.805500000000002
2017-09-06,Office Supplies,0.0,0.0,0.0,2,Wednesday,9,3,2017,0,0.0,0.0,0,161.13375000000002,0.0,0.0,40.38796428571429,36.17662500000001
2017-09-07,Office Supplies,0.0,0.0,0.0,3,Thursday,9,3,2017,0,0.0,0.0,0,0.0,0.0,0.0,40.38796428571429,30.90835833333334
2017-09-08,Office Supplies,616.5699999999999,0.0,0.0,4,Friday,9,3,2017,0,616.5699999999999,161.13375000000002,1,0.0,0.0,0.0,40.38796428571429,25.537233333333337
2017-09-09,Office Supplies,69.984,0.0,0.0,5,Saturday,9,3,2017,1,69.984,69.984,0,161.13375000000002,0.0,0.0,63.407071428571435,25.537233333333337
2017-09-10,Office Supplies,20.544,0.0,0.0,6,Sunday,9,3,2017,1,20.544,20.544,0,69.984,80.95,0.0,73.40478571428572,22.498908333333336
2017-09-11,Office Supplies,0.0,0.0,0.0,0,Monday,9,3,2017,0,0.0,0.0,0,20.544,40.632,0.0,64.77535714285715,23.183708333333335
2017-09-12,Office Supplies,588.049,0.0,0.0,1,Tuesday,9,3,2017,0,588.049,161.13375000000002,1,0.0,161.13375000000002,0.0,58.970785714285725,17.812583333333336
2017-09-13,Office Supplies,0.0,0.0,0.0,2,Wednesday,9,3,2017,0,0.0,0.0,0,161.13375000000002,0.0,0.0,58.970785714285725,23.183708333333335
2017-09-14,Office Supplies,0.0,0.0,0.0,3,Thursday,9,3,2017,0,0.0,0.0,0,0.0,0.0,0.0,58.970785714285725,23.183708333333335
2017-09-15,Office Supplies,0.0,0.0,0.0,4,Friday,9,3,2017,0,0.0,0.0,0,0.0,161.13375000000002,0.0,58.970785714285725,23.183708333333335
2017-09-16,Office Supplies,0.0,0.0,0.0,5,Saturday,9,3,2017,1,0.0,0.0,0,0.0,69.984,0.0,35.95167857142857,23.183708333333335
2017-09-17,Office Supplies,0.0,0.0,0.0,6,Sunday,9,3,2017,1,0.0,0.0,0,0.0,20.544,80.95,25.953964285714285,23.183708333333335
2017-09-18,Office Supplies,0.0,0.0,0.0,0,Monday,9,3,2017,0,0.0,0.0,0,0.0,0.0,40.632,23.019107142857145,23.183708333333335
2017-09-19,Office Supplies,0.0,0.0,0.0,1,Tuesday,9,3,2017,0,0.0,0.0,0,0.0,161.13375000000002,161.13375000000002,23.019107142857145,23.183708333333335
2017-09-20,Office Supplies,0.0,0.0,0.0,2,Wednesday,9,3,2017,0,0.0,0.0,0,0.0,0.0,0.0,0.0,23.183708333333335
2017-09-21,Office Supplies,0.0,0.0,0.0,3,Thursday,9,3,2017,0,0.0,0.0,0,0.0,0.0,0.0,0.0,23.183708333333335
2017-09-22,Office Supplies,0.0,0.0,0.0,4,Friday,9,3,2017,0,0.0,0.0,0,0.0,0.0,161.13375000000002,0.0,23.183708333333335
2017-09-23,Office Supplies,0.0,0.0,0.0,5,Saturday,9,3,2017,1,0.0,0.0,0,0.0,0.0,69.984,0.0,23.183708333333335
2017-09-24,Office Supplies,0.0,0.0,0.0,6,Sunday,9,3,2017,1,0.0,0.0,0,0.0,0.0,20.544,0.0,23.183708333333335
2017-09-25,Office Supplies,0.0,0.0,0.0,0,Monday,9,3,2017,0,0.0,0.0,0,0.0,0.0,0.0,0.0,23.183708333333335
2017-09-26,Office Supplies,0.0,0.0,0.0,1,Tuesday,9,3,2017,0,0.0,0.0,0,0.0,0.0,161.13375000000002,0.0,23.183708333333335
2017-09-27,Office Supplies,0.0,0.0,0.0,2,Wednesday,9,3,2017,0,0.0,0.0,0,0.0,0.0,0.0,0.0,23.183708333333335
2017-09-28,Office Supplies,0.0,0.0,0.0,3,Thursday,9,3,2017,0,0.0,0.0,0,0.0,0.0,0.0,0.0,23.183708333333335
2017-09-29,Office Supplies,0.0,0.0,0.0,4,Friday,9,3,2017,0,0.0,0.0,0,0.0,0.0,0.0,0.0,23.183708333333335
2017-09-30,Office Supplies,0.0,0.0,0.0,5,Saturday,9,3,2017,1,0.0,0.0,0,0.0,0.0,0.0,0.0,23.183708333333335
2017-10-01,Office Supplies,0.0,0.0,0.0,6,Sunday,10,4,2017,1,0.0,0.0,0,0.0,0.0,0.0,0.0,23.183708333333335
2017-10-02,Office Supplies,0.0,0.0,0.0,0,Monday,10,4,2017,0,0.0,0.0,0,0.0,0.0,0.0,0.0,23.183708333333335
2017-10-03,Office Supplies,119.596,0.0,0.0,1,Tuesday,10,4,2017,0,119.596,119.596,0,0.0,0.0,0.0,0.0,23.183708333333335
2017-10-04,Office Supplies,950.594,0.0,0.0,2,Wednesday,10,4,2017,0,950.594,161.13375000000002,1,119.596,0.0,0.0,17.08514285714286,24.47190833333333
2017-10-05,Office Supplies,19.032,0.0,0.0,3,Thursday,10,4,2017,0,19.032,19.032,0,161.13375000000002,0.0,0.0,40.10425,28.488633333333336
2017-10-06,Office Supplies,76.71600000000001,0.0,0.0,4,Friday,10,4,2017,0,76.71600000000001,76.71600000000001,0,19.032,0.0,0.0,42.82310714285715,23.751908333333336
2017-10-07,Office Supplies,553.9040000000001,0.0,0.0,5,Saturday,10,4,2017,1,553.9040000000001,161.13375000000002,1,76.71600000000001,0.0,0.0,53.782535714285714,26.309108333333334
2017-10-08,Office Supplies,0.0,0.0,0.0,6,Sunday,10,4,2017,1,0.0,0.0,0,161.13375000000002,0.0,0.0,76.80164285714285,31.680233333333334
2017-10-09,Office Supplies,553.754,0.0,0.0,0,Monday,10,4,2017,0,553.754,161.13375000000002,1,0.0,0.0,0.0,76.80164285714285,26.309108333333334
2017-10-10,Office Supplies,24.703,0.0,0.0,1,Tuesday,10,4,2017,0,24.703,24.703,0,161.13375000000002,119.596,0.0,99.82075,29.347433333333335
2017-10-11,Office Supplies,2113.758,0.0,0.0,2,Wednesday,10,4,2017,0,2113.758,161.13375000000002,1,24.703,161.13375000000002,0.0,86.26460714285714,29.48606666666667
2017-10-12,Office Supplies,1662.012,0.0,0.0,3,Thursday,10,4,2017,0,1662.012,161.13375000000002,1,161.13375000000002,19.032,0.0,86.26460714285714,34.85719166666667
2017-10-13,Office Supplies,0.0,0.0,0.0,4,Friday,10,4,2017,0,0.0,0.0,0,161.13375000000002,76.71600000000001,0.0,106.56485714285715,34.85719166666667
2017-10-14,Office Supplies,0.0,0.0,0.0,5,Saturday,10,4,2017,1,0.0,0.0,0,0.0,161.13375000000002,0.0,95.60542857142858,34.85719166666667
2017-10-15,Office Supplies,0.0,0.0,0.0,6,Sunday,10,4,2017,1,0.0,0.0,0,0.0,0.0,0.0,72.58632142857144,34.85719166666667
2017-10-16,Office Supplies,0.0,0.0,0.0,0,Monday,10,4,2017,0,0.0,0.0,0,0.0,161.13375000000002,0.0,72.58632142857144,34.85719166666667
2017-10-17,Office Supplies,0.0,0.0,0.0,1,Tuesday,10,4,2017,0,0.0,0.0,0,0.0,24.703,119.596,49.567214285714286,34.85719166666667
2017-10-18,Office Supplies,0.0,0.0,0.0,2,Wednesday,10,4,2017,0,0.0,0.0,0,0.0,161.13375000000002,161.13375000000002,46.03821428571429,34.85719166666667
2017-10-19,Office Supplies,0.0,0.0,0.0,3,Thursday,10,4,2017,0,0.0,0.0,0,0.0,161.13375000000002,19.032,23.019107142857145,34.85719166666667
2017-10-20,Office Supplies,0.0,0.0,0.0,4,Friday,10,4,2017,0,0.0,0.0,0,0.0,0.0,76.71600000000001,0.0,34.85719166666667
2017-10-21,Office Supplies,0.0,0.0,0.0,5,Saturday,10,4,2017,1,0.0,0.0,0,0.0,0.0,161.13375000000002,0.0,34.85719166666667
2017-10-22,Office Supplies,0.0,0.0,0.0,6,Sunday,10,4,2017,1,0.0,0.0,0,0.0,0.0,0.0,0.0,34.85719166666667
2017-10-23,Office Supplies,0.0,0.0,0.0,0,Monday,10,4,2017,0,0.0,0.0,0,0.0,0.0,161.13375000000002,0.0,34.85719166666667
2017-10-24,Office Supplies,0.0,0.0,0.0,1,Tuesday,10,4,2017,0,0.0,0.0,0,0.0,0.0,24.703,0.0,34.85719166666667
2017-10-25,Office Supplies,0.0,0.0,0.0,2,Wednesday,10,4,2017,0,0.0,0.0,0,0.0,0.0,161.13375000000002,0.0,34.85719166666667
2017-10-26,Office Supplies,0.0,0.0,0.0,3,Thursday,10,4,2017,0,0.0,0.0,0,0.0,0.0,161.13375000000002,0.0,34.85719166666667
2017-10-27,Office Supplies,0.0,0.0,0.0,4,Friday,10,4,2017,0,0.0,0.0,0,0.0,0.0,0.0,0.0,34.85719166666667
2017-10-28,Office Supplies,0.0,0.0,0.0,5,Saturday,10,4,2017,1,0.0,0.0,0,0.0,0.0,0.0,0.0,34.85719166666667
2017-10-29,Office Supplies,0.0,0.0,0.0,6,Sunday,10,4,2017,1,0.0,0.0,0,0.0,0.0,0.0,0.0,34.85719166666667
2017-10-30,Office Supplies,0.0,0.0,0.0,0,Monday,10,4,2017,0,0.0,0.0,0,0.0,0.0,0.0,0.0,34.85719166666667
2017-10-31,Office Supplies,0.0,0.0,0.0,1,Tuesday,10,4,2017,0,0.0,0.0,0,0.0,0.0,0.0,0.0,34.85719166666667
2017-11-01,Office Supplies,78.864,0.0,0.0,2,Wednesday,11,4,2017,0,78.864,78.864,0,0.0,0.0,0.0,0.0,34.85719166666667
2017-11-02,Office Supplies,0.0,0.0,0.0,3,Thursday,11,4,2017,0,0.0,0.0,0,78.864,0.0,0.0,11.266285714285715,37.48599166666667
2017-11-03,Office Supplies,498.78,0.0,0.0,4,Friday,11,4,2017,0,498.78,161.13375000000002,1,0.0,0.0,0.0,11.266285714285715,33.49945833333334
2017-11-04,Office Supplies,0.0,0.0,0.0,5,Saturday,11,4,2017,1,0.0,0.0,0,161.13375000000002,0.0,0.0,34.28539285714286,33.49945833333334
2017-11-05,Office Supplies,5.98,0.0,0.0,6,Sunday,11,4,2017,1,5.98,5.98,0,0.0,0.0,0.0,34.28539285714286,32.86505833333334
2017-11-06,Office Supplies,78.22,0.0,0.0,0,Monday,11,4,2017,0,78.22,78.22,0,5.98,0.0,0.0,35.139678571428576,30.507191666666667
2017-11-07,Office Supplies,0.0,0.0,0.0,1,Tuesday,11,4,2017,0,0.0,0.0,0,78.22,0.0,0.0,46.31396428571429,27.743400000000005
2017-11-08,Office Supplies,151.82,0.0,0.0,2,Wednesday,11,4,2017,0,151.82,151.82,0,0.0,78.864,0.0,46.31396428571429,27.743400000000005
2017-11-09,Office Supplies,501.032,0.0,0.0,3,Thursday,11,4,2017,0,501.032,161.13375000000002,1,151.82,0.0,0.0,56.736250000000005,27.43294166666667
2017-11-10,Office Supplies,33.064,0.0,0.0,4,Friday,11,4,2017,0,33.064,33.064,0,161.13375000000002,161.13375000000002,0.0,79.75535714285715,31.980633333333337
2017-11-11,Office Supplies,1021.7280000000001,0.0,0.0,5,Saturday,11,4,2017,1,1021.7280000000001,161.13375000000002,1,33.064,0.0,0.0,61.459678571428576,27.71164166666667
2017-11-12,Office Supplies,1451.6,0.0,0.0,6,Sunday,11,4,2017,1,1451.6,161.13375000000002,1,161.13375000000002,5.98,0.0,84.4787857142857,27.711641666666665
2017-11-13,Office Supplies,0.0,0.0,0.0,0,Monday,11,4,2017,0,0.0,0.0,0,161.13375000000002,78.22,0.0,106.64360714285715,33.08276666666667
2017-11-14,Office Supplies,0.0,0.0,0.0,1,Tuesday,11,4,2017,0,0.0,0.0,0,0.0,0.0,0.0,95.46932142857143,33.08276666666667
2017-11-15,Office Supplies,0.0,0.0,0.0,2,Wednesday,11,4,2017,0,0.0,0.0,0,0.0,151.82,78.864,95.46932142857143,33.08276666666667
2017-11-16,Office Supplies,0.0,0.0,0.0,3,Thursday,11,4,2017,0,0.0,0.0,0,0.0,161.13375000000002,0.0,73.78075000000001,33.08276666666667
2017-11-17,Office Supplies,0.0,0.0,0.0,4,Friday,11,4,2017,0,0.0,0.0,0,0.0,33.064,161.13375000000002,50.76164285714287,33.08276666666667
2017-11-18,Office Supplies,0.0,0.0,0.0,5,Saturday,11,4,2017,1,0.0,0.0,0,0.0,161.13375000000002,0.0,46.03821428571429,33.08276666666667
2017-11-19,Office Supplies,0.0,0.0,0.0,6,Sunday,11,4,2017,1,0.0,0.0,0,0.0,161.13375000000002,5.98,23.01910714285715,33.08276666666667
2017-11-20,Office Supplies,0.0,0.0,0.0,0,Monday,11,4,2017,0,0.0,0.0,0,0.0,0.0,78.22,0.0,33.08276666666667
2017-11-21,Office Supplies,0.0,0.0,0.0,1,Tuesday,11,4,2017,0,0.0,0.0,0,0.0,0.0,0.0,0.0,33.08276666666667
2017-11-22,Office Supplies,0.0,0.0,0.0,2,Wednesday,11,4,2017,0,0.0,0.0,0,0.0,0.0,151.82,0.0,33.08276666666667
2017-11-23,Office Supplies,0.0,0.0,0.0,3,Thursday,11,4,2017,0,0.0,0.0,0,0.0,0.0,161.13375000000002,0.0,33.08276666666667
2017-11-24,Office Supplies,0.0,0.0,0.0,4,Friday,11,4,2017,0,0.0,0.0,0,0.0,0.0,33.064,0.0,33.08276666666667
2017-11-25,Office Supplies,0.0,0.0,0.0,5,Saturday,11,4,2017,1,0.0,0.0,0,0.0,0.0,161.13375000000002,0.0,33.08276666666667
2017-11-26,Office Supplies,0.0,0.0,0.0,6,Sunday,11,4,2017,1,0.0,0.0,0,0.0,0.0,161.13375000000002,0.0,33.08276666666667
2017-11-27,Office Supplies,0.0,0.0,0.0,0,Monday,11,4,2017,0,0.0,0.0,0,0.0,0.0,0.0,0.0,33.08276666666667
2017-11-28,Office Supplies,0.0,0.0,0.0,1,Tuesday,11,4,2017,0,0.0,0.0,0,0.0,0.0,0.0,0.0,33.08276666666667
2017-11-29,Office Supplies,0.0,0.0,0.0,2,Wednesday,11,4,2017,0,0.0,0.0,0,0.0,0.0,0.0,0.0,33.08276666666667
2017-11-30,Office Supplies,0.0,0.0,0.0,3,Thursday,11,4,2017,0,0.0,0.0,0,0.0,0.0,0.0,0.0,33.08276666666667
2017-12-01,Office Supplies,0.0,0.0,0.0,4,Friday,12,4,2017,0,0.0,0.0,0,0.0,0.0,0.0,0.0,33.08276666666667
2017-12-02,Office Supplies,1366.04,0.0,0.0,5,Saturday,12,4,2017,1,1366.04,161.13375000000002,1,0.0,0.0,0.0,0.0,30.45396666666667
2017-12-03,Office Supplies,924.29,0.0,0.0,6,Sunday,12,4,2017,1,924.29,161.13375000000002,1,161.13375000000002,0.0,0.0,23.01910714285715,35.82509166666667
2017-12-04,Office Supplies,365.97,0.0,0.0,0,Monday,12,4,2017,0,365.97,161.13375000000002,1,161.13375000000002,0.0,0.0,46.03821428571429,35.82509166666667
2017-12-05,Office Supplies,156.898,0.0,0.0,1,Tuesday,12,4,2017,0,156.898,156.898,0,161.13375000000002,0.0,0.0,69.05732142857144,41.19621666666667
2017-12-06,Office Supplies,1453.148,0.0,0.0,2,Wednesday,12,4,2017,0,1453.148,161.13375000000002,1,156.898,0.0,0.0,91.47132142857143,46.22681666666667
2017-12-07,Office Supplies,0.0,0.0,0.0,3,Thursday,12,4,2017,0,0.0,0.0,0,161.13375000000002,0.0,0.0,114.49042857142858,48.990608333333334
2017-12-08,Office Supplies,1634.812,0.0,0.0,4,Friday,12,4,2017,0,1634.812,161.13375000000002,1,0.0,0.0,0.0,114.49042857142858,48.990608333333334
2017-12-09,Office Supplies,196.268,0.0,0.0,5,Saturday,12,4,2017,1,196.268,161.13375000000002,1,161.13375000000002,161.13375000000002,0.0,137.50953571428573,49.30106666666667
2017-12-10,Office Supplies,0.0,0.0,0.0,6,Sunday,12,4,2017,1,0.0,0.0,0,161.13375000000002,161.13375000000002,0.0,137.50953571428573,49.30106666666667
2017-12-11,Office Supplies,520.626,0.0,0.0,0,Monday,12,4,2017,0,520.626,161.13375000000002,1,0.0,161.13375000000002,0.0,114.49042857142858,48.198933333333336
2017-12-12,Office Supplies,165.09300000000002,0.0,0.0,1,Tuesday,12,4,2017,0,165.09300000000002,161.13375000000002,1,161.13375000000002,156.898,0.0,114.49042857142857,48.19893333333334
2017-12-13,Office Supplies,0.0,0.0,0.0,2,Wednesday,12,4,2017,0,0.0,0.0,0,161.13375000000002,161.13375000000002,0.0,115.09553571428573,48.19893333333334
2017-12-14,Office Supplies,0.0,0.0,0.0,3,Thursday,12,4,2017,0,0.0,0.0,0,0.0,0.0,0.0,92.07642857142858,48.19893333333334
2017-12-15,Office Supplies,0.0,0.0,0.0,4,Friday,12,4,2017,0,0.0,0.0,0,0.0,161.13375000000002,0.0,92.07642857142858,48.19893333333334
2017-12-16,Office Supplies,0.0,0.0,0.0,5,Saturday,12,4,2017,1,0.0,0.0,0,0.0,161.13375000000002,161.13375000000002,69.05732142857144,48.19893333333334
2017-12-17,Office Supplies,0.0,0.0,0.0,6,Sunday,12,4,2017,1,0.0,0.0,0,0.0,0.0,161.13375000000002,46.03821428571429,48.19893333333334
2017-12-18,Office Supplies,0.0,0.0,0.0,0,Monday,12,4,2017,0,0.0,0.0,0,0.0,161.13375000000002,161.13375000000002,46.03821428571429,48.19893333333334
2017-12-19,Office Supplies,0.0,0.0,0.0,1,Tuesday,12,4,2017,0,0.0,0.0,0,0.0,161.13375000000002,156.898,23.01910714285715,48.19893333333334
2017-12-20,Office Supplies,0.0,0.0,0.0,2,Wednesday,12,4,2017,0,0.0,0.0,0,0.0,0.0,161.13375000000002,0.0,48.19893333333334
2017-12-21,Office Supplies,0.0,0.0,0.0,3,Thursday,12,4,2017,0,0.0,0.0,0,0.0,0.0,0.0,0.0,48.19893333333334
2017-12-22,Office Supplies,0.0,0.0,0.0,4,Friday,12,4,2017,0,0.0,0.0,0,0.0,0.0,161.13375000000002,0.0,48.19893333333334
2017-12-23,Office Supplies,0.0,0.0,0.0,5,Saturday,12,4,2017,1,0.0,0.0,0,0.0,0.0,161.13375000000002,0.0,48.19893333333334
2017-12-24,Office Supplies,0.0,0.0,0.0,6,Sunday,12,4,2017,1,0.0,0.0,0,0.0,0.0,0.0,0.0,48.19893333333334
2017-12-25,Office Supplies,0.0,0.0,0.0,0,Monday,12,4,2017,0,0.0,0.0,0,0.0,0.0,161.13375000000002,0.0,48.19893333333334
2017-12-26,Office Supplies,0.0,0.0,0.0,1,Tuesday,12,4,2017,0,0.0,0.0,0,0.0,0.0,161.13375000000002,0.0,48.19893333333334
2017-12-27,Office Supplies,0.0,0.0,0.0,2,Wednesday,12,4,2017,0,0.0,0.0,0,0.0,0.0,0.0,0.0,48.19893333333334
2017-12-28,Office Supplies,0.0,0.0,0.0,3,Thursday,12,4,2017,0,0.0,0.0,0,0.0,0.0,0.0,0.0,48.19893333333334
2017-12-29,Office Supplies,0.0,0.0,0.0,4,Friday,12,4,2017,0,0.0,0.0,0,0.0,0.0,0.0,0.0,48.19893333333334
2017-12-30,Office Supplies,0.0,0.0,0.0,5,Saturday,12,4,2017,1,0.0,0.0,0,0.0,0.0,0.0,0.0,48.19893333333334
2017-12-31,Office Supplies,0.0,0.0,0.0,6,Sunday,12,4,2017,1,0.0,0.0,0,0.0,0.0,0.0,0.0,48.19893333333334
2018-01-01,Office Supplies,506.338,1.0,0.0,0,Monday,1,1,2018,0,506.338,161.13375000000002,1,0.0,0.0,0.0,0.0,48.19893333333334
2018-01-02,Office Supplies,0.0,0.0,0.0,1,Tuesday,1,1,2018,0,0.0,0.0,0,161.13375000000002,0.0,0.0,23.01910714285715,48.198933333333336
2018-01-03,Office Supplies,0.0,0.0,0.0,2,Wednesday,1,1,2018,0,0.0,0.0,0,0.0,0.0,0.0,23.01910714285715,42.82780833333334
2018-01-04,Office Supplies,320.062,0.0,0.0,3,Thursday,1,1,2018,0,320.062,161.13375000000002,1,0.0,0.0,0.0,23.01910714285715,37.45668333333334
2018-01-05,Office Supplies,7.936,0.0,0.0,4,Friday,1,1,2018,0,7.936,7.936,0,161.13375000000002,0.0,0.0,46.03821428571429,37.59787500000001
2018-01-06,Office Supplies,427.66600000000005,0.0,0.0,5,Saturday,1,1,2018,1,427.66600000000005,161.13375000000002,1,7.936,0.0,0.0,47.17192857142858,32.491283333333335
2018-01-07,Office Supplies,639.83,0.0,0.0,6,Sunday,1,1,2018,1,639.83,161.13375000000002,1,161.13375000000002,0.0,0.0,70.19103571428573,37.862408333333335
2018-01-08,Office Supplies,277.724,0.0,0.0,0,Monday,1,1,2018,0,277.724,161.13375000000002,1,161.13375000000002,161.13375000000002,0.0,93.21014285714287,37.862408333333335
2018-01-09,Office Supplies,345.1,0.0,0.0,1,Tuesday,1,1,2018,0,345.1,161.13375000000002,1,161.13375000000002,0.0,0.0,93.21014285714287,37.862408333333335
2018-01-10,Office Supplies,609.066,0.0,0.0,2,Wednesday,1,1,2018,0,609.066,161.13375000000002,1,161.13375000000002,0.0,0.0,116.22925000000002,43.23353333333334
2018-01-11,Office Supplies,255.81,0.0,0.0,3,Thursday,1,1,2018,0,255.81,161.13375000000002,1,161.13375000000002,161.13375000000002,0.0,139.24835714285717,43.23353333333334
2018-01-12,Office Supplies,1371.45,0.0,0.0,4,Friday,1,1,2018,0,1371.45,161.13375000000002,1,161.13375000000002,7.936,0.0,139.24835714285717,43.233533333333334
2018-01-13,Office Supplies,0.0,0.0,0.0,5,Saturday,1,1,2018,1,0.0,0.0,0,161.13375000000002,161.13375000000002,0.0,161.13375000000002,48.60465833333333
2018-01-14,Office Supplies,0.0,0.0,0.0,6,Sunday,1,1,2018,1,0.0,0.0,0,0.0,161.13375000000002,0.0,138.11464285714288,48.60465833333333
2018-01-15,Office Supplies,0.0,0.0,0.0,0,Monday,1,1,2018,0,0.0,0.0,0,0.0,161.13375000000002,161.13375000000002,115.09553571428573,48.60465833333333
2018-01-16,Office Supplies,0.0,0.0,0.0,1,Tuesday,1,1,2018,0,0.0,0.0,0,0.0,161.13375000000002,0.0,92.07642857142858,48.60465833333333
2018-01-17,Office Supplies,0.0,0.0,0.0,2,Wednesday,1,1,2018,0,0.0,0.0,0,0.0,161.13375000000002,0.0,69.05732142857144,48.60465833333333
2018-01-18,Office Supplies,0.0,0.0,0.0,3,Thursday,1,1,2018,0,0.0,0.0,0,0.0,161.13375000000002,161.13375000000002,46.03821428571429,48.60465833333333
2018-01-19,Office Supplies,0.0,0.0,0.0,4,Friday,1,1,2018,0,0.0,0.0,0,0.0,161.13375000000002,7.936,23.01910714285715,48.60465833333333
2018-01-20,Office Supplies,0.0,0.0,0.0,5,Saturday,1,1,2018,1,0.0,0.0,0,0.0,0.0,161.13375000000002,0.0,48.60465833333333
2018-01-21,Office Supplies,0.0,0.0,0.0,6,Sunday,1,1,2018,1,0.0,0.0,0,0.0,0.0,161.13375000000002,0.0,48.60465833333333
2018-01-22,Office Supplies,0.0,0.0,0.0,0,Monday,1,1,2018,0,0.0,0.0,0,0.0,0.0,161.13375000000002,0.0,48.60465833333333
2018-01-23,Office Supplies,0.0,0.0,0.0,1,Tuesday,1,1,2018,0,0.0,0.0,0,0.0,0.0,161.13375000000002,0.0,48.60465833333333
2018-01-24,Office Supplies,0.0,0.0,0.0,2,Wednesday,1,1,2018,0,0.0,0.0,0,0.0,0.0,161.13375000000002,0.0,48.60465833333333
2018-01-25,Office Supplies,0.0,0.0,0.0,3,Thursday,1,1,2018,0,0.0,0.0,0,0.0,0.0,161.13375000000002,0.0,48.60465833333333
2018-01-26,Office Supplies,0.0,0.0,0.0,4,Friday,1,1,2018,0,0.0,0.0,0,0.0,0.0,161.13375000000002,0.0,48.60465833333333
2018-01-27,Office Supplies,0.0,0.0,0.0,5,Saturday,1,1,2018,1,0.0,0.0,0,0.0,0.0,0.0,0.0,48.60465833333333
2018-01-28,Office Supplies,0.0,0.0,0.0,6,Sunday,1,1,2018,1,0.0,0.0,0,0.0,0.0,0.0,0.0,48.60465833333333
2018-01-29,Office Supplies,0.0,0.0,0.0,0,Monday,1,1,2018,0,0.0,0.0,0,0.0,0.0,0.0,0.0,48.60465833333333
2018-01-30,Office Supplies,0.0,0.0,0.0,1,Tuesday,1,1,2018,0,0.0,0.0,0,0.0,0.0,0.0,0.0,48.60465833333333
2018-01-31,Office Supplies,0.0,0.0,0.0,2,Wednesday,1,1,2018,0,0.0,0.0,0,0.0,0.0,0.0,0.0,48.60465833333333
2018-02-01,Office Supplies,453.834,0.0,0.0,3,Thursday,2,1,2018,0,453.834,161.13375000000002,1,0.0,0.0,0.0,0.0,43.233533333333334
2018-02-02,Office Supplies,316.56,0.0,0.0,4,Friday,2,1,2018,0,316.56,161.13375000000002,1,161.13375000000002,0.0,0.0,23.01910714285715,48.60465833333334
2018-02-03,Office Supplies,331.45,0.0,0.0,5,Saturday,2,1,2018,1,331.45,161.13375000000002,1,161.13375000000002,0.0,0.0,46.03821428571429,53.97578333333334
2018-02-04,Office Supplies,26.06,0.0,0.0,6,Sunday,2,1,2018,1,26.06,26.06,0,161.13375000000002,0.0,0.0,69.05732142857144,53.97578333333334
2018-02-05,Office Supplies,109.62,0.0,0.0,0,Monday,2,1,2018,0,109.62,109.62,0,26.06,0.0,0.0,72.78017857142858,54.57991666666667
2018-02-06,Office Supplies,132.73600000000002,0.0,0.0,1,Tuesday,2,1,2018,0,132.73600000000002,132.73600000000002,0,109.62,0.0,0.0,88.44017857142858,52.86279166666667
2018-02-07,Office Supplies,169.192,0.0,0.0,2,Wednesday,2,1,2018,0,169.192,161.13375000000002,1,132.73600000000002,0.0,0.0,107.40246428571429,51.91620000000001
2018-02-08,Office Supplies,0.0,0.0,0.0,3,Thursday,2,1,2018,0,0.0,0.0,0,161.13375000000002,161.13375000000002,0.0,130.42157142857144,51.91620000000001
2018-02-09,Office Supplies,2661.498,0.0,0.0,4,Friday,2,1,2018,0,2661.498,161.13375000000002,1,0.0,161.13375000000002,0.0,107.40246428571429,46.545075000000004
2018-02-10,Office Supplies,2139.6240000000003,0.0,0.0,5,Saturday,2,1,2018,1,2139.6240000000003,161.13375000000002,1,161.13375000000002,161.13375000000002,0.0,107.40246428571429,46.545075000000004
2018-02-11,Office Supplies,2025.652,0.0,0.0,6,Sunday,2,1,2018,1,2025.652,161.13375000000002,1,161.13375000000002,26.06,0.0,107.40246428571432,46.545075000000004
2018-02-12,Office Supplies,2665.612,0.0,0.0,0,Monday,2,1,2018,0,2665.612,161.13375000000002,1,161.13375000000002,109.62,0.0,126.6987142857143,46.54507500000001
2018-02-13,Office Supplies,0.0,0.0,0.0,1,Tuesday,2,1,2018,0,0.0,0.0,0,161.13375000000002,132.73600000000002,0.0,134.05782142857146,51.91620000000001
2018-02-14,Office Supplies,0.0,0.0,0.0,2,Wednesday,2,1,2018,0,0.0,0.0,0,0.0,161.13375000000002,0.0,115.09553571428573,51.91620000000001
2018-02-15,Office Supplies,0.0,0.0,0.0,3,Thursday,2,1,2018,0,0.0,0.0,0,0.0,0.0,161.13375000000002,92.07642857142858,51.91620000000001
2018-02-16,Office Supplies,0.0,0.0,0.0,4,Friday,2,1,2018,0,0.0,0.0,0,0.0,161.13375000000002,161.13375000000002,92.07642857142858,51.91620000000001
2018-02-17,Office Supplies,0.0,0.0,0.0,5,Saturday,2,1,2018,1,0.0,0.0,0,0.0,161.13375000000002,161.13375000000002,69.05732142857144,51.91620000000001
2018-02-18,Office Supplies,0.0,0.0,0.0,6,Sunday,2,1,2018,1,0.0,0.0,0,0.0,161.13375000000002,26.06,46.03821428571429,51.91620000000001
2018-02-19,Office Supplies,0.0,0.0,0.0,0,Monday,2,1,2018,0,0.0,0.0,0,0.0,161.13375000000002,109.62,23.01910714285715,51.91620000000001
2018-02-20,Office Supplies,0.0,0.0,0.0,1,Tuesday,2,1,2018,0,0.0,0.0,0,0.0,0.0,132.73600000000002,0.0,51.91620000000001
2018-02-21,Office Supplies,0.0,0.0,0.0,2,Wednesday,2,1,2018,0,0.0,0.0,0,0.0,0.0,161.13375000000002,0.0,51.91620000000001
2018-02-22,Office Supplies,0.0,0.0,0.0,3,Thursday,2,1,2018,0,0.0,0.0,0,0.0,0.0,0.0,0.0,51.91620000000001
2018-02-23,Office Supplies,0.0,0.0,0.0,4,Friday,2,1,2018,0,0.0,0.0,0,0.0,0.0,161.13375000000002,0.0,51.91620000000001
2018-02-24,Office Supplies,0.0,0.0,0.0,5,Saturday,2,1,2018,1,0.0,0.0,0,0.0,0.0,161.13375000000002,0.0,51.91620000000001
2018-02-25,Office Supplies,0.0,0.0,0.0,6,Sunday,2,1,2018,1,0.0,0.0,0,0.0,0.0,161.13375000000002,0.0,51.91620000000001
2018-02-26,Office Supplies,0.0,0.0,0.0,0,Monday,2,1,2018,0,0.0,0.0,0,0.0,0.0,161.13375000000002,0.0,51.91620000000001
2018-02-27,Office Supplies,0.0,0.0,0.0,1,Tuesday,2,1,2018,0,0.0,0.0,0,0.0,0.0,0.0,0.0,51.91620000000001
2018-02-28,Office Supplies,0.0,0.0,0.0,2,Wednesday,2,1,2018,0,0.0,0.0,0,0.0,0.0,0.0,0.0,51.91620000000001
2018-03-01,Office Supplies,2070.272,0.0,0.0,3,Thursday,3,1,2018,0,2070.272,161.13375000000002,1,0.0,0.0,0.0,0.0,51.91620000000001
2018-03-02,Office Supplies,900.127,0.0,0.0,4,Friday,3,1,2018,0,900.127,161.13375000000002,1,161.13375000000002,0.0,0.0,23.01910714285715,57.28732500000001
2018-03-03,Office Supplies,99.67999999999999,0.0,0.0,5,Saturday,3,1,2018,1,99.67999999999999,99.67999999999999,0,161.13375000000002,0.0,0.0,46.03821428571429,62.65845000000001
2018-03-04,Office Supplies,7.056,0.0,0.0,6,Sunday,3,1,2018,1,7.056,7.056,0,99.67999999999999,0.0,0.0,60.27821428571429,60.60999166666667
2018-03-05,Office Supplies,980.428,0.0,0.0,0,Monday,3,1,2018,0,980.428,161.13375000000002,1,7.056,0.0,0.0,61.2862142857143,55.47406666666667
2018-03-06,Office Supplies,247.26999999999998,0.0,0.0,1,Tuesday,3,1,2018,0,247.26999999999998,161.13375000000002,1,161.13375000000002,0.0,0.0,84.30532142857145,55.47406666666667
2018-03-07,Office Supplies,459.78400000000005,0.0,0.0,2,Wednesday,3,1,2018,0,459.78400000000005,161.13375000000002,1,161.13375000000002,0.0,0.0,107.32442857142858,59.97652500000001
2018-03-08,Office Supplies,167.68,0.0,0.0,3,Thursday,3,1,2018,0,167.68,161.13375000000002,1,161.13375000000002,161.13375000000002,0.0,130.34353571428574,61.69365000000001
2018-03-09,Office Supplies,589.448,0.0,0.0,4,Friday,3,1,2018,0,589.448,161.13375000000002,1,161.13375000000002,161.13375000000002,0.0,130.34353571428574,62.64024166666668
2018-03-10,Office Supplies,1877.302,0.0,0.0,5,Saturday,3,1,2018,1,1877.302,161.13375000000002,1,161.13375000000002,99.67999999999999,0.0,130.34353571428574,62.640241666666675
2018-03-11,Office Supplies,407.50100000000003,0.0,0.0,6,Sunday,3,1,2018,1,407.50100000000003,161.13375000000002,1,161.13375000000002,7.056,0.0,139.1226428571429,68.01136666666667
2018-03-12,Office Supplies,447.932,0.0,0.0,0,Monday,3,1,2018,0,447.932,161.13375000000002,1,161.13375000000002,161.13375000000002,0.0,161.13375000000002,68.01136666666667
2018-03-13,Office Supplies,0.0,0.0,0.0,1,Tuesday,3,1,2018,0,0.0,0.0,0,161.13375000000002,161.13375000000002,0.0,161.13375000000002,68.01136666666667
2018-03-14,Office Supplies,0.0,0.0,0.0,2,Wednesday,3,1,2018,0,0.0,0.0,0,0.0,161.13375000000002,0.0,138.11464285714288,62.64024166666668
2018-03-15,Office Supplies,0.0,0.0,0.0,3,Thursday,3,1,2018,0,0.0,0.0,0,0.0,161.13375000000002,161.13375000000002,115.09553571428572,57.269116666666676
2018-03-16,Office Supplies,0.0,0.0,0.0,4,Friday,3,1,2018,0,0.0,0.0,0,0.0,161.13375000000002,161.13375000000002,92.07642857142858,57.269116666666676
2018-03-17,Office Supplies,0.0,0.0,0.0,5,Saturday,3,1,2018,1,0.0,0.0,0,0.0,161.13375000000002,99.67999999999999,69.05732142857144,57.269116666666676
2018-03-18,Office Supplies,0.0,0.0,0.0,6,Sunday,3,1,2018,1,0.0,0.0,0,0.0,161.13375000000002,7.056,46.03821428571429,57.269116666666676
2018-03-19,Office Supplies,0.0,0.0,0.0,0,Monday,3,1,2018,0,0.0,0.0,0,0.0,161.13375000000002,161.13375000000002,23.01910714285715,57.269116666666676
2018-03-20,Office Supplies,0.0,0.0,0.0,1,Tuesday,3,1,2018,0,0.0,0.0,0,0.0,0.0,161.13375000000002,0.0,57.269116666666676
2018-03-21,Office Supplies,0.0,0.0,0.0,2,Wednesday,3,1,2018,0,0.0,0.0,0,0.0,0.0,161.13375000000002,0.0,57.269116666666676
2018-03-22,Office Supplies,0.0,0.0,0.0,3,Thursday,3,1,2018,0,0.0,0.0,0,0.0,0.0,161.13375000000002,0.0,57.269116666666676
2018-03-23,Office Supplies,0.0,0.0,0.0,4,Friday,3,1,2018,0,0.0,0.0,0,0.0,0.0,161.13375000000002,0.0,57.269116666666676
2018-03-24,Office Supplies,0.0,0.0,0.0,5,Saturday,3,1,2018,1,0.0,0.0,0,0.0,0.0,161.13375000000002,0.0,57.269116666666676
2018-03-25,Office Supplies,0.0,0.0,0.0,6,Sunday,3,1,2018,1,0.0,0.0,0,0.0,0.0,161.13375000000002,0.0,57.269116666666676
2018-03-26,Office Supplies,0.0,0.0,0.0,0,Monday,3,1,2018,0,0.0,0.0,0,0.0,0.0,161.13375000000002,0.0,57.269116666666676
2018-03-27,Office Supplies,0.0,0.0,0.0,1,Tuesday,3,1,2018,0,0.0,0.0,0,0.0,0.0,0.0,0.0,57.269116666666676
2018-03-28,Office Supplies,0.0,0.0,0.0,2,Wednesday,3,1,2018,0,0.0,0.0,0,0.0,0.0,0.0,0.0,57.269116666666676
2018-03-29,Office Supplies,0.0,0.0,0.0,3,Thursday,3,1,2018,0,0.0,0.0,0,0.0,0.0,0.0,0.0,57.269116666666676
2018-03-30,Office Supplies,0.0,0.0,0.0,4,Friday,3,1,2018,0,0.0,0.0,0,0.0,0.0,0.0,0.0,57.269116666666676
2018-03-31,Office Supplies,0.0,0.0,0.0,5,Saturday,3,1,2018,1,0.0,0.0,0,0.0,0.0,0.0,0.0,57.269116666666676
2018-04-01,Office Supplies,0.0,0.0,0.0,6,Sunday,4,2,2018,1,0.0,0.0,0,0.0,0.0,0.0,0.0,51.89799166666668
2018-04-02,Office Supplies,32.67,0.0,0.0,0,Monday,4,2,2018,0,32.67,32.67,0,0.0,0.0,0.0,0.0,46.52686666666668
2018-04-03,Office Supplies,125.32199999999999,0.0,0.0,1,Tuesday,4,2,2018,0,125.32199999999999,125.32199999999999,0,32.67,0.0,0.0,4.667142857142862,44.2932
2018-04-04,Office Supplies,264.39,0.0,0.0,2,Wednesday,4,2,2018,0,264.39,161.13375000000002,1,125.32199999999999,0.0,0.0,22.570285714285717,48.235400000000006
2018-04-05,Office Supplies,661.3810000000001,0.0,0.0,3,Thursday,4,2,2018,0,661.3810000000001,161.13375000000002,1,161.13375000000002,0.0,0.0,45.58939285714286,48.235400000000006
2018-04-06,Office Supplies,145.11,0.0,0.0,4,Friday,4,2,2018,0,145.11,145.11,0,161.13375000000002,0.0,0.0,68.6085,48.235400000000006
2018-04-07,Office Supplies,0.0,0.0,0.0,5,Saturday,4,2,2018,1,0.0,0.0,0,145.11,0.0,0.0,89.3385,47.701275
2018-04-08,Office Supplies,20.07,0.0,0.0,6,Sunday,4,2,2018,1,20.07,20.07,0,0.0,0.0,0.0,89.3385,42.33015
2018-04-09,Office Supplies,1477.484,0.0,0.0,0,Monday,4,2,2018,0,1477.484,161.13375000000002,1,20.07,32.67,0.0,92.20564285714286,37.628025
2018-04-10,Office Supplies,0.0,0.0,0.0,1,Tuesday,4,2,2018,0,0.0,0.0,0,161.13375000000002,125.32199999999999,0.0,110.55760714285715,37.628025
2018-04-11,Office Supplies,473.76800000000003,0.0,0.0,2,Wednesday,4,2,2018,0,473.76800000000003,161.13375000000002,1,0.0,161.13375000000002,0.0,92.65446428571431,32.2569
2018-04-12,Office Supplies,199.138,0.0,0.0,3,Thursday,4,2,2018,0,199.138,161.13375000000002,1,161.13375000000002,161.13375000000002,0.0,92.6544642857143,32.2569
2018-04-13,Office Supplies,0.0,0.0,0.0,4,Friday,4,2,2018,0,0.0,0.0,0,161.13375000000002,145.11,0.0,92.65446428571431,37.628025
2018-04-14,Office Supplies,0.0,0.0,0.0,5,Saturday,4,2,2018,1,0.0,0.0,0,0.0,0.0,0.0,71.92446428571431,37.628025
2018-04-15,Office Supplies,0.0,0.0,0.0,6,Sunday,4,2,2018,1,0.0,0.0,0,0.0,20.07,0.0,71.9244642857143,37.628025
2018-04-16,Office Supplies,0.0,0.0,0.0,0,Monday,4,2,2018,0,0.0,0.0,0,0.0,161.13375000000002,32.67,69.05732142857144,37.628025
2018-04-17,Office Supplies,0.0,0.0,0.0,1,Tuesday,4,2,2018,0,0.0,0.0,0,0.0,0.0,125.32199999999999,46.03821428571429,37.628025
2018-04-18,Office Supplies,0.0,0.0,0.0,2,Wednesday,4,2,2018,0,0.0,0.0,0,0.0,161.13375000000002,161.13375000000002,46.03821428571429,37.628025
2018-04-19,Office Supplies,0.0,0.0,0.0,3,Thursday,4,2,2018,0,0.0,0.0,0,0.0,161.13375000000002,161.13375000000002,23.01910714285715,37.628025
2018-04-20,Office Supplies,0.0,0.0,0.0,4,Friday,4,2,2018,0,0.0,0.0,0,0.0,0.0,145.11,0.0,37.628025
2018-04-21,Office Supplies,0.0,0.0,0.0,5,Saturday,4,2,2018,1,0.0,0.0,0,0.0,0.0,0.0,0.0,37.628025
2018-04-22,Office Supplies,0.0,0.0,0.0,6,Sunday,4,2,2018,1,0.0,0.0,0,0.0,0.0,20.07,0.0,37.628025
2018-04-23,Office Supplies,0.0,0.0,0.0,0,Monday,4,2,2018,0,0.0,0.0,0,0.0,0.0,161.13375000000002,0.0,37.628025
2018-04-24,Office Supplies,0.0,0.0,0.0,1,Tuesday,4,2,2018,0,0.0,0.0,0,0.0,0.0,0.0,0.0,37.628025
2018-04-25,Office Supplies,0.0,0.0,0.0,2,Wednesday,4,2,2018,0,0.0,0.0,0,0.0,0.0,161.13375000000002,0.0,37.628025
2018-04-26,Office Supplies,0.0,0.0,0.0,3,Thursday,4,2,2018,0,0.0,0.0,0,0.0,0.0,161.13375000000002,0.0,37.628025
2018-04-27,Office Supplies,0.0,0.0,0.0,4,Friday,4,2,2018,0,0.0,0.0,0,0.0,0.0,0.0,0.0,37.628025
2018-04-28,Office Supplies,0.0,0.0,0.0,5,Saturday,4,2,2018,1,0.0,0.0,0,0.0,0.0,0.0,0.0,37.628025
2018-04-29,Office Supplies,0.0,0.0,0.0,6,Sunday,4,2,2018,1,0.0,0.0,0,0.0,0.0,0.0,0.0,37.628025
2018-04-30,Office Supplies,0.0,0.0,0.0,0,Monday,4,2,2018,0,0.0,0.0,0,0.0,0.0,0.0,0.0,37.628025
2018-05-01,Office Supplies,0.0,0.0,0.0,1,Tuesday,5,2,2018,0,0.0,0.0,0,0.0,0.0,0.0,0.0,37.628025
2018-05-02,Office Supplies,1891.8120000000001,0.0,0.0,2,Wednesday,5,2,2018,0,1891.8120000000001,161.13375000000002,1,0.0,0.0,0.0,0.0,37.628025
2018-05-03,Office Supplies,940.05,0.0,0.0,3,Thursday,5,2,2018,0,940.05,161.13375000000002,1,161.13375000000002,0.0,0.0,23.01910714285715,41.91015000000001
2018-05-04,Office Supplies,0.0,0.0,0.0,4,Friday,5,2,2018,0,0.0,0.0,0,161.13375000000002,0.0,0.0,46.03821428571429,43.10387500000001
2018-05-05,Office Supplies,95.132,0.0,0.0,5,Saturday,5,2,2018,1,95.132,95.132,0,0.0,0.0,0.0,46.03821428571429,37.73275
2018-05-06,Office Supplies,20.736,0.0,0.0,6,Sunday,5,2,2018,1,20.736,20.736,0,95.132,0.0,0.0,59.62850000000002,35.53269166666667
2018-05-07,Office Supplies,64.366,0.0,0.0,0,Monday,5,2,2018,0,64.366,64.366,0,20.736,0.0,0.0,62.59078571428573,31.386891666666667
2018-05-08,Office Supplies,423.89599999999996,0.0,0.0,1,Tuesday,5,2,2018,0,423.89599999999996,161.13375000000002,1,64.366,0.0,0.0,71.78592857142858,33.532425
2018-05-09,Office Supplies,237.476,0.0,0.0,2,Wednesday,5,2,2018,0,237.476,161.13375000000002,1,161.13375000000002,161.13375000000002,0.0,94.80503571428572,38.234550000000006
2018-05-10,Office Supplies,228.308,1.0,0.0,3,Thursday,5,2,2018,0,228.308,161.13375000000002,1,161.13375000000002,161.13375000000002,0.0,94.80503571428572,38.234550000000006
2018-05-11,Office Supplies,815.552,0.0,0.0,4,Friday,5,2,2018,0,815.552,161.13375000000002,1,161.13375000000002,0.0,0.0,94.80503571428572,43.605675000000005
2018-05-12,Office Supplies,796.0600000000001,0.0,0.0,5,Saturday,5,2,2018,1,796.0600000000001,161.13375000000002,1,161.13375000000002,95.132,0.0,117.82414285714287,43.605675000000005
2018-05-13,Office Supplies,0.0,0.0,0.0,6,Sunday,5,2,2018,1,0.0,0.0,0,161.13375000000002,20.736,0.0,127.2529642857143,43.605675000000005
2018-05-14,Office Supplies,0.0,0.0,0.0,0,Monday,5,2,2018,0,0.0,0.0,0,0.0,64.366,0.0,124.29067857142857,43.605675000000005
2018-05-15,Office Supplies,0.0,0.0,0.0,1,Tuesday,5,2,2018,0,0.0,0.0,0,0.0,161.13375000000002,0.0,115.09553571428572,43.605675000000005
2018-05-16,Office Supplies,0.0,0.0,0.0,2,Wednesday,5,2,2018,0,0.0,0.0,0,0.0,161.13375000000002,161.13375000000002,92.07642857142858,43.605675000000005
2018-05-17,Office Supplies,0.0,0.0,0.0,3,Thursday,5,2,2018,0,0.0,0.0,0,0.0,161.13375000000002,161.13375000000002,69.05732142857144,43.605675000000005
2018-05-18,Office Supplies,0.0,0.0,0.0,4,Friday,5,2,2018,0,0.0,0.0,0,0.0,161.13375000000002,0.0,46.03821428571429,43.605675000000005
2018-05-19,Office Supplies,0.0,0.0,0.0,5,Saturday,5,2,2018,1,0.0,0.0,0,0.0,161.13375000000002,95.132,23.01910714285715,43.605675000000005
2018-05-20,Office Supplies,0.0,0.0,0.0,6,Sunday,5,2,2018,1,0.0,0.0,0,0.0,0.0,20.736,0.0,43.605675000000005
2018-05-21,Office Supplies,0.0,0.0,0.0,0,Monday,5,2,2018,0,0.0,0.0,0,0.0,0.0,64.366,0.0,43.605675000000005
2018-05-22,Office Supplies,0.0,0.0,0.0,1,Tuesday,5,2,2018,0,0.0,0.0,0,0.0,0.0,161.13375000000002,0.0,43.605675000000005
2018-05-23,Office Supplies,0.0,0.0,0.0,2,Wednesday,5,2,2018,0,0.0,0.0,0,0.0,0.0,161.13375000000002,0.0,43.605675000000005
2018-05-24,Office Supplies,0.0,0.0,0.0,3,Thursday,5,2,2018,0,0.0,0.0,0,0.0,0.0,161.13375000000002,0.0,43.605675000000005
2018-05-25,Office Supplies,0.0,0.0,0.0,4,Friday,5,2,2018,0,0.0,0.0,0,0.0,0.0,161.13375000000002,0.0,43.605675000000005
2018-05-26,Office Supplies,0.0,0.0,0.0,5,Saturday,5,2,2018,1,0.0,0.0,0,0.0,0.0,161.13375000000002,0.0,43.605675000000005
2018-05-27,Office Supplies,0.0,0.0,0.0,6,Sunday,5,2,2018,1,0.0,0.0,0,0.0,0.0,0.0,0.0,43.605675000000005
2018-05-28,Office Supplies,0.0,0.0,0.0,0,Monday,5,2,2018,0,0.0,0.0,0,0.0,0.0,0.0,0.0,43.605675000000005
2018-05-29,Office Supplies,0.0,0.0,0.0,1,Tuesday,5,2,2018,0,0.0,0.0,0,0.0,0.0,0.0,0.0,43.605675000000005
2018-05-30,Office Supplies,0.0,0.0,0.0,2,Wednesday,5,2,2018,0,0.0,0.0,0,0.0,0.0,0.0,0.0,43.605675000000005
2018-05-31,Office Supplies,0.0,0.0,0.0,3,Thursday,5,2,2018,0,0.0,0.0,0,0.0,0.0,0.0,0.0,43.605675000000005
2018-06-01,Office Supplies,33.74,1.0,0.0,4,Friday,6,2,2018,0,33.74,33.74,0,0.0,0.0,0.0,0.0,43.605675000000005
2018-06-02,Office Supplies,76.14,0.0,0.0,5,Saturday,6,2,2018,1,76.14,76.14,0,33.74,0.0,0.0,4.820000000000005,39.35921666666666
2018-06-03,Office Supplies,499.882,0.0,0.0,6,Sunday,6,2,2018,1,499.882,161.13375000000002,1,76.14,0.0,0.0,15.697142857142861,36.526091666666666
2018-06-04,Office Supplies,114.41999999999999,0.0,0.0,0,Monday,6,2,2018,0,114.41999999999999,114.41999999999999,0,161.13375000000002,0.0,0.0,38.71625000000001,41.897216666666665
2018-06-05,Office Supplies,1332.0249999999999,0.0,0.0,1,Tuesday,6,2,2018,0,1332.0249999999999,161.13375000000002,1,114.41999999999999,0.0,0.0,55.06196428571429,42.540150000000004
2018-06-06,Office Supplies,26.4,0.0,0.0,2,Wednesday,6,2,2018,0,26.4,26.4,0,161.13375000000002,0.0,0.0,78.08107142857145,47.220075
2018-06-07,Office Supplies,19.002000000000002,0.0,0.0,3,Thursday,6,2,2018,0,19.002000000000002,19.002000000000002,0,26.4,0.0,0.0,81.8525,45.95454166666668
2018-06-08,Office Supplies,437.93600000000004,0.0,0.0,4,Friday,6,2,2018,0,437.93600000000004,161.13375000000002,1,19.002000000000002,33.74,0.0,84.56707142857144,41.216816666666666
2018-06-09,Office Supplies,0.0,0.0,0.0,5,Saturday,6,2,2018,1,0.0,0.0,0,161.13375000000002,76.14,0.0,102.76617857142858,41.216816666666666
2018-06-10,Office Supplies,818.9,0.0,0.0,6,Sunday,6,2,2018,1,818.9,161.13375000000002,1,0.0,161.13375000000002,0.0,91.88903571428571,35.84569166666667
2018-06-11,Office Supplies,1481.478,0.0,0.0,0,Monday,6,2,2018,0,1481.478,161.13375000000002,1,161.13375000000002,114.41999999999999,0.0,91.88903571428571,35.84569166666667
2018-06-12,Office Supplies,10.68,0.0,0.0,1,Tuesday,6,2,2018,0,10.68,10.68,0,161.13375000000002,161.13375000000002,0.0,98.56242857142858,35.84569166666667
2018-06-13,Office Supplies,0.0,0.0,0.0,2,Wednesday,6,2,2018,0,0.0,0.0,0,10.68,26.4,0.0,77.06903571428572,36.20169166666667
2018-06-14,Office Supplies,0.0,0.0,0.0,3,Thursday,6,2,2018,0,0.0,0.0,0,0.0,19.002000000000002,0.0,73.29760714285715,36.20169166666667
2018-06-15,Office Supplies,0.0,0.0,0.0,4,Friday,6,2,2018,0,0.0,0.0,0,0.0,161.13375000000002,33.74,70.58303571428573,36.20169166666667
2018-06-16,Office Supplies,0.0,0.0,0.0,5,Saturday,6,2,2018,1,0.0,0.0,0,0.0,0.0,76.14,47.563928571428576,36.20169166666667
2018-06-17,Office Supplies,0.0,0.0,0.0,6,Sunday,6,2,2018,1,0.0,0.0,0,0.0,161.13375000000002,161.13375000000002,47.563928571428576,36.20169166666667
2018-06-18,Office Supplies,0.0,0.0,0.0,0,Monday,6,2,2018,0,0.0,0.0,0,0.0,161.13375000000002,114.41999999999999,24.54482142857143,36.20169166666667
2018-06-19,Office Supplies,0.0,0.0,0.0,1,Tuesday,6,2,2018,0,0.0,0.0,0,0.0,10.68,161.13375000000002,1.5257142857142856,36.20169166666667
2018-06-20,Office Supplies,0.0,0.0,0.0,2,Wednesday,6,2,2018,0,0.0,0.0,0,0.0,0.0,26.4,0.0,36.20169166666667
2018-06-21,Office Supplies,0.0,0.0,0.0,3,Thursday,6,2,2018,0,0.0,0.0,0,0.0,0.0,19.002000000000002,0.0,36.20169166666667
2018-06-22,Office Supplies,0.0,0.0,0.0,4,Friday,6,2,2018,0,0.0,0.0,0,0.0,0.0,161.13375000000002,0.0,36.20169166666667
2018-06-23,Office Supplies,0.0,0.0,0.0,5,Saturday,6,2,2018,1,0.0,0.0,0,0.0,0.0,0.0,0.0,36.20169166666667
2018-06-24,Office Supplies,0.0,0.0,0.0,6,Sunday,6,2,2018,1,0.0,0.0,0,0.0,0.0,161.13375000000002,0.0,36.20169166666667
2018-06-25,Office Supplies,0.0,0.0,0.0,0,Monday,6,2,2018,0,0.0,0.0,0,0.0,0.0,161.13375000000002,0.0,36.20169166666667
2018-06-26,Office Supplies,0.0,0.0,0.0,1,Tuesday,6,2,2018,0,0.0,0.0,0,0.0,0.0,10.68,0.0,36.20169166666667
2018-06-27,Office Supplies,0.0,0.0,0.0,2,Wednesday,6,2,2018,0,0.0,0.0,0,0.0,0.0,0.0,0.0,36.20169166666667
2018-06-28,Office Supplies,0.0,0.0,0.0,3,Thursday,6,2,2018,0,0.0,0.0,0,0.0,0.0,0.0,0.0,36.20169166666667
2018-06-29,Office Supplies,0.0,0.0,0.0,4,Friday,6,2,2018,0,0.0,0.0,0,0.0,0.0,0.0,0.0,36.20169166666667
2018-06-30,Office Supplies,0.0,0.0,0.0,5,Saturday,6,2,2018,1,0.0,0.0,0,0.0,0.0,0.0,0.0,36.20169166666667
2018-07-01,Office Supplies,335.608,0.0,0.0,6,Sunday,7,3,2018,1,335.608,161.13375000000002,1,0.0,0.0,0.0,0.0,36.20169166666667
2018-07-02,Office Supplies,0.0,0.0,0.0,0,Monday,7,3,2018,0,0.0,0.0,0,161.13375000000002,0.0,0.0,23.019107142857145,40.448150000000005
2018-07-03,Office Supplies,117.51,0.0,0.0,1,Tuesday,7,3,2018,0,117.51,117.51,0,0.0,0.0,0.0,23.019107142857145,37.91015000000001
2018-07-04,Office Supplies,21.584,0.0,0.0,2,Wednesday,7,3,2018,0,21.584,21.584,0,117.51,0.0,0.0,39.80625,36.456025
2018-07-05,Office Supplies,87.444,0.0,0.0,3,Thursday,7,3,2018,0,87.444,87.444,0,21.584,0.0,0.0,42.889678571428576,33.36149166666667
2018-07-06,Office Supplies,0.0,0.0,0.0,4,Friday,7,3,2018,0,0.0,0.0,0,87.444,0.0,0.0,55.38167857142857,30.905166666666673
2018-07-07,Office Supplies,52.356,0.0,0.0,5,Saturday,7,3,2018,1,52.356,52.356,0,0.0,0.0,0.0,55.38167857142857,30.02516666666667
2018-07-08,Office Supplies,2033.69,0.0,0.0,6,Sunday,7,3,2018,1,2033.69,161.13375000000002,1,52.356,161.13375000000002,0.0,62.86110714285714,31.136966666666673
2018-07-09,Office Supplies,2388.661,0.0,0.0,0,Monday,7,3,2018,0,2388.661,161.13375000000002,1,161.13375000000002,0.0,0.0,62.86110714285714,31.136966666666673
2018-07-10,Office Supplies,739.822,0.0,0.0,1,Tuesday,7,3,2018,0,739.822,161.13375000000002,1,161.13375000000002,117.51,0.0,85.88021428571429,36.50809166666667
2018-07-11,Office Supplies,160.892,0.0,0.0,2,Wednesday,7,3,2018,0,160.892,160.892,0,161.13375000000002,21.584,0.0,92.11217857142859,36.50809166666667
2018-07-12,Office Supplies,2279.774,0.0,0.0,3,Thursday,7,3,2018,0,2279.774,161.13375000000002,1,160.892,87.444,0.0,112.01332142857143,36.50003333333334
2018-07-13,Office Supplies,0.0,0.0,0.0,4,Friday,7,3,2018,0,0.0,0.0,0,161.13375000000002,0.0,0.0,122.54042857142859,41.51515833333334
2018-07-14,Office Supplies,0.0,0.0,0.0,5,Saturday,7,3,2018,1,0.0,0.0,0,0.0,52.356,0.0,122.54042857142859,41.51515833333334
2018-07-15,Office Supplies,0.0,0.0,0.0,6,Sunday,7,3,2018,1,0.0,0.0,0,0.0,161.13375000000002,161.13375000000002,115.06100000000002,41.51515833333334
2018-07-16,Office Supplies,0.0,0.0,0.0,0,Monday,7,3,2018,0,0.0,0.0,0,0.0,161.13375000000002,0.0,92.04189285714288,41.51515833333334
2018-07-17,Office Supplies,0.0,0.0,0.0,1,Tuesday,7,3,2018,0,0.0,0.0,0,0.0,161.13375000000002,117.51,69.02278571428572,41.51515833333334
2018-07-18,Office Supplies,0.0,0.0,0.0,2,Wednesday,7,3,2018,0,0.0,0.0,0,0.0,160.892,21.584,46.00367857142857,41.51515833333334
2018-07-19,Office Supplies,0.0,0.0,0.0,3,Thursday,7,3,2018,0,0.0,0.0,0,0.0,161.13375000000002,87.444,23.019107142857145,41.51515833333334
2018-07-20,Office Supplies,0.0,0.0,0.0,4,Friday,7,3,2018,0,0.0,0.0,0,0.0,0.0,0.0,0.0,41.51515833333334
2018-07-21,Office Supplies,0.0,0.0,0.0,5,Saturday,7,3,2018,1,0.0,0.0,0,0.0,0.0,52.356,0.0,41.51515833333334
2018-07-22,Office Supplies,0.0,0.0,0.0,6,Sunday,7,3,2018,1,0.0,0.0,0,0.0,0.0,161.13375000000002,0.0,41.51515833333334
2018-07-23,Office Supplies,0.0,0.0,0.0,0,Monday,7,3,2018,0,0.0,0.0,0,0.0,0.0,161.13375000000002,0.0,41.51515833333334
2018-07-24,Office Supplies,0.0,0.0,0.0,1,Tuesday,7,3,2018,0,0.0,0.0,0,0.0,0.0,161.13375000000002,0.0,41.51515833333334
2018-07-25,Office Supplies,0.0,0.0,0.0,2,Wednesday,7,3,2018,0,0.0,0.0,0,0.0,0.0,160.892,0.0,41.51515833333334
2018-07-26,Office Supplies,0.0,0.0,0.0,3,Thursday,7,3,2018,0,0.0,0.0,0,0.0,0.0,161.13375000000002,0.0,41.51515833333334
2018-07-27,Office Supplies,0.0,0.0,0.0,4,Friday,7,3,2018,0,0.0,0.0,0,0.0,0.0,0.0,0.0,41.51515833333334
2018-07-28,Office Supplies,0.0,0.0,0.0,5,Saturday,7,3,2018,1,0.0,0.0,0,0.0,0.0,0.0,0.0,41.51515833333334
2018-07-29,Office Supplies,0.0,0.0,0.0,6,Sunday,7,3,2018,1,0.0,0.0,0,0.0,0.0,0.0,0.0,41.51515833333334
2018-07-30,Office Supplies,0.0,0.0,0.0,0,Monday,7,3,2018,0,0.0,0.0,0,0.0,0.0,0.0,0.0,41.51515833333334
2018-07-31,Office Supplies,0.0,0.0,0.0,1,Tuesday,7,3,2018,0,0.0,0.0,0,0.0,0.0,0.0,0.0,41.51515833333334
2018-08-01,Office Supplies,0.0,0.0,0.0,2,Wednesday,8,3,2018,0,0.0,0.0,0,0.0,0.0,0.0,0.0,36.14403333333334
2018-08-02,Office Supplies,0.0,0.0,0.0,3,Thursday,8,3,2018,0,0.0,0.0,0,0.0,0.0,0.0,0.0,36.14403333333334
2018-08-03,Office Supplies,843.1,0.0,0.0,4,Friday,8,3,2018,0,843.1,161.13375000000002,1,0.0,0.0,0.0,0.0,32.22703333333333
2018-08-04,Office Supplies,5764.79,0.0,0.0,5,Saturday,8,3,2018,1,5764.79,161.13375000000002,1,161.13375000000002,0.0,0.0,23.019107142857145,36.87869166666667
2018-08-05,Office Supplies,122.55199999999999,0.0,0.0,6,Sunday,8,3,2018,1,122.55199999999999,122.55199999999999,0,161.13375000000002,0.0,0.0,46.03821428571429,39.335016666666675
2018-08-06,Office Supplies,240.732,0.0,0.0,0,Monday,8,3,2018,0,240.732,161.13375000000002,1,122.55199999999999,0.0,0.0,63.545642857142866,43.42008333333334
2018-08-07,Office Supplies,1304.2640000000001,0.0,0.0,1,Tuesday,8,3,2018,0,1304.2640000000001,161.13375000000002,1,161.13375000000002,0.0,0.0,86.56475,47.04600833333334
2018-08-08,Office Supplies,0.0,0.0,0.0,2,Wednesday,8,3,2018,0,0.0,0.0,0,161.13375000000002,0.0,0.0,109.58385714285716,47.04600833333334
2018-08-09,Office Supplies,236.072,0.0,0.0,3,Thursday,8,3,2018,0,236.072,161.13375000000002,1,0.0,0.0,0.0,109.58385714285716,41.674883333333334
2018-08-10,Office Supplies,83.44,0.0,0.0,4,Friday,8,3,2018,0,83.44,83.44,0,161.13375000000002,161.13375000000002,0.0,132.6029642857143,41.67488333333334
2018-08-11,Office Supplies,109.9,0.0,0.0,5,Saturday,8,3,2018,1,109.9,109.9,0,83.44,161.13375000000002,0.0,121.50385714285714,39.09315
2018-08-12,Office Supplies,2632.752,0.0,0.0,6,Sunday,8,3,2018,1,2632.752,161.13375000000002,1,109.9,122.55199999999999,0.0,114.18475000000001,37.385358333333336
2018-08-13,Office Supplies,0.0,0.0,0.0,0,Monday,8,3,2018,0,0.0,0.0,0,161.13375000000002,161.13375000000002,0.0,119.69642857142857,42.756483333333335
2018-08-14,Office Supplies,0.0,0.0,0.0,1,Tuesday,8,3,2018,0,0.0,0.0,0,0.0,161.13375000000002,0.0,96.67732142857143,42.756483333333335
2018-08-15,Office Supplies,0.0,0.0,0.0,2,Wednesday,8,3,2018,0,0.0,0.0,0,0.0,0.0,0.0,73.6582142857143,42.756483333333335
2018-08-16,Office Supplies,0.0,0.0,0.0,3,Thursday,8,3,2018,0,0.0,0.0,0,0.0,161.13375000000002,0.0,73.6582142857143,42.756483333333335
2018-08-17,Office Supplies,0.0,0.0,0.0,4,Friday,8,3,2018,0,0.0,0.0,0,0.0,83.44,161.13375000000002,50.63910714285715,42.756483333333335
2018-08-18,Office Supplies,0.0,0.0,0.0,5,Saturday,8,3,2018,1,0.0,0.0,0,0.0,109.9,161.13375000000002,38.71910714285715,42.756483333333335
2018-08-19,Office Supplies,0.0,0.0,0.0,6,Sunday,8,3,2018,1,0.0,0.0,0,0.0,161.13375000000002,122.55199999999999,23.019107142857145,42.756483333333335
2018-08-20,Office Supplies,0.0,0.0,0.0,0,Monday,8,3,2018,0,0.0,0.0,0,0.0,0.0,161.13375000000002,0.0,42.756483333333335
2018-08-21,Office Supplies,0.0,0.0,0.0,1,Tuesday,8,3,2018,0,0.0,0.0,0,0.0,0.0,161.13375000000002,0.0,42.756483333333335
2018-08-22,Office Supplies,0.0,0.0,0.0,2,Wednesday,8,3,2018,0,0.0,0.0,0,0.0,0.0,0.0,0.0,42.756483333333335
2018-08-23,Office Supplies,0.0,0.0,0.0,3,Thursday,8,3,2018,0,0.0,0.0,0,0.0,0.0,161.13375000000002,0.0,42.756483333333335
2018-08-24,Office Supplies,0.0,0.0,0.0,4,Friday,8,3,2018,0,0.0,0.0,0,0.0,0.0,83.44,0.0,42.756483333333335
2018-08-25,Office Supplies,0.0,0.0,0.0,5,Saturday,8,3,2018,1,0.0,0.0,0,0.0,0.0,109.9,0.0,42.756483333333335
2018-08-26,Office Supplies,0.0,0.0,0.0,6,Sunday,8,3,2018,1,0.0,0.0,0,0.0,0.0,161.13375000000002,0.0,42.756483333333335
2018-08-27,Office Supplies,0.0,0.0,0.0,0,Monday,8,3,2018,0,0.0,0.0,0,0.0,0.0,0.0,0.0,42.756483333333335
2018-08-28,Office Supplies,0.0,0.0,0.0,1,Tuesday,8,3,2018,0,0.0,0.0,0,0.0,0.0,0.0,0.0,42.756483333333335
2018-08-29,Office Supplies,0.0,0.0,0.0,2,Wednesday,8,3,2018,0,0.0,0.0,0,0.0,0.0,0.0,0.0,42.756483333333335
2018-08-30,Office Supplies,0.0,0.0,0.0,3,Thursday,8,3,2018,0,0.0,0.0,0,0.0,0.0,0.0,0.0,42.756483333333335
2018-08-31,Office Supplies,0.0,0.0,0.0,4,Friday,8,3,2018,0,0.0,0.0,0,0.0,0.0,0.0,0.0,42.756483333333335
2018-09-01,Office Supplies,274.491,0.0,0.0,5,Saturday,9,3,2018,1,274.491,161.13375000000002,1,0.0,0.0,0.0,0.0,42.756483333333335
2018-09-02,Office Supplies,620.6759999999999,0.0,0.0,6,Sunday,9,3,2018,1,620.6759999999999,161.13375000000002,1,161.13375000000002,0.0,0.0,23.019107142857145,48.127608333333335
2018-09-03,Office Supplies,30.84,0.0,0.0,0,Monday,9,3,2018,0,30.84,30.84,0,161.13375000000002,0.0,0.0,46.03821428571429,48.12760833333334
2018-09-04,Office Supplies,1626.71,0.0,0.0,1,Tuesday,9,3,2018,0,1626.71,161.13375000000002,1,30.84,0.0,0.0,50.44392857142857,43.784483333333334
2018-09-05,Office Supplies,384.392,0.0,0.0,2,Wednesday,9,3,2018,0,384.392,161.13375000000002,1,161.13375000000002,0.0,0.0,73.46303571428572,45.07054166666667
2018-09-06,Office Supplies,806.232,0.0,0.0,3,Thursday,9,3,2018,0,806.232,161.13375000000002,1,161.13375000000002,0.0,0.0,96.48214285714288,45.07054166666668
2018-09-07,Office Supplies,886.784,0.0,0.0,4,Friday,9,3,2018,0,886.784,161.13375000000002,1,161.13375000000002,0.0,0.0,119.50125000000001,45.07054166666668
2018-09-08,Office Supplies,0.0,0.0,0.0,5,Saturday,9,3,2018,1,0.0,0.0,0,161.13375000000002,161.13375000000002,0.0,142.52035714285716,50.44166666666668
2018-09-09,Office Supplies,1427.003,0.0,0.0,6,Sunday,9,3,2018,1,1427.003,161.13375000000002,1,0.0,161.13375000000002,0.0,119.50125000000003,45.07054166666667
2018-09-10,Office Supplies,163.19600000000003,0.0,0.0,0,Monday,9,3,2018,0,163.19600000000003,161.13375000000002,1,161.13375000000002,30.84,0.0,119.50125000000001,47.66033333333334
2018-09-11,Office Supplies,2250.7200000000003,1.0,0.0,1,Tuesday,9,3,2018,0,2250.7200000000003,161.13375000000002,1,161.13375000000002,161.13375000000002,0.0,138.11464285714288,49.368125000000006
2018-09-12,Office Supplies,1447.079,0.0,0.0,2,Wednesday,9,3,2018,0,1447.079,161.13375000000002,1,161.13375000000002,161.13375000000002,0.0,138.11464285714288,49.368125000000006
2018-09-13,Office Supplies,0.0,0.0,0.0,3,Thursday,9,3,2018,0,0.0,0.0,0,161.13375000000002,161.13375000000002,0.0,138.11464285714288,54.739250000000006
2018-09-14,Office Supplies,0.0,0.0,0.0,4,Friday,9,3,2018,0,0.0,0.0,0,0.0,161.13375000000002,0.0,115.09553571428573,54.739250000000006
2018-09-15,Office Supplies,0.0,0.0,0.0,5,Saturday,9,3,2018,1,0.0,0.0,0,0.0,0.0,161.13375000000002,92.07642857142858,54.739250000000006
2018-09-16,Office Supplies,0.0,0.0,0.0,6,Sunday,9,3,2018,1,0.0,0.0,0,0.0,161.13375000000002,161.13375000000002,92.07642857142858,54.739250000000006
2018-09-17,Office Supplies,0.0,0.0,0.0,0,Monday,9,3,2018,0,0.0,0.0,0,0.0,161.13375000000002,30.84,69.05732142857144,54.739250000000006
2018-09-18,Office Supplies,0.0,0.0,0.0,1,Tuesday,9,3,2018,0,0.0,0.0,0,0.0,161.13375000000002,161.13375000000002,46.03821428571429,54.739250000000006
2018-09-19,Office Supplies,0.0,0.0,0.0,2,Wednesday,9,3,2018,0,0.0,0.0,0,0.0,161.13375000000002,161.13375000000002,23.019107142857145,54.739250000000006
2018-09-20,Office Supplies,0.0,0.0,0.0,3,Thursday,9,3,2018,0,0.0,0.0,0,0.0,0.0,161.13375000000002,0.0,54.739250000000006
2018-09-21,Office Supplies,0.0,0.0,0.0,4,Friday,9,3,2018,0,0.0,0.0,0,0.0,0.0,161.13375000000002,0.0,54.739250000000006
2018-09-22,Office Supplies,0.0,0.0,0.0,5,Saturday,9,3,2018,1,0.0,0.0,0,0.0,0.0,0.0,0.0,54.739250000000006
2018-09-23,Office Supplies,0.0,0.0,0.0,6,Sunday,9,3,2018,1,0.0,0.0,0,0.0,0.0,161.13375000000002,0.0,54.739250000000006
2018-09-24,Office Supplies,0.0,0.0,0.0,0,Monday,9,3,2018,0,0.0,0.0,0,0.0,0.0,161.13375000000002,0.0,54.739250000000006
2018-09-25,Office Supplies,0.0,0.0,0.0,1,Tuesday,9,3,2018,0,0.0,0.0,0,0.0,0.0,161.13375000000002,0.0,54.739250000000006
2018-09-26,Office Supplies,0.0,0.0,0.0,2,Wednesday,9,3,2018,0,0.0,0.0,0,0.0,0.0,161.13375000000002,0.0,54.739250000000006
2018-09-27,Office Supplies,0.0,0.0,0.0,3,Thursday,9,3,2018,0,0.0,0.0,0,0.0,0.0,0.0,0.0,54.739250000000006
2018-09-28,Office Supplies,0.0,0.0,0.0,4,Friday,9,3,2018,0,0.0,0.0,0,0.0,0.0,0.0,0.0,54.739250000000006
2018-09-29,Office Supplies,0.0,0.0,0.0,5,Saturday,9,3,2018,1,0.0,0.0,0,0.0,0.0,0.0,0.0,54.739250000000006
2018-09-30,Office Supplies,0.0,0.0,0.0,6,Sunday,9,3,2018,1,0.0,0.0,0,0.0,0.0,0.0,0.0,54.739250000000006
2018-10-01,Office Supplies,0.0,0.0,0.0,0,Monday,10,4,2018,0,0.0,0.0,0,0.0,0.0,0.0,0.0,54.739250000000006
2018-10-02,Office Supplies,23.12,0.0,0.0,1,Tuesday,10,4,2018,0,23.12,23.12,0,0.0,0.0,0.0,0.0,49.368125000000006
2018-10-03,Office Supplies,67.124,0.0,0.0,2,Wednesday,10,4,2018,0,67.124,67.124,0,23.12,0.0,0.0,3.302857142857143,44.76766666666667
2018-10-04,Office Supplies,510.81100000000004,0.0,0.0,3,Thursday,10,4,2018,0,510.81100000000004,161.13375000000002,1,67.124,0.0,0.0,12.892,45.97713333333334
2018-10-05,Office Supplies,0.0,0.0,0.0,4,Friday,10,4,2018,0,0.0,0.0,0,161.13375000000002,0.0,0.0,35.91110714285715,45.97713333333334
2018-10-06,Office Supplies,1497.9219999999998,0.0,0.0,5,Saturday,10,4,2018,1,1497.9219999999998,161.13375000000002,1,0.0,0.0,0.0,35.91110714285715,40.606008333333335
2018-10-07,Office Supplies,340.374,0.0,0.0,6,Sunday,10,4,2018,1,340.374,161.13375000000002,1,161.13375000000002,0.0,0.0,58.93021428571429,40.606008333333335
2018-10-08,Office Supplies,247.27999999999997,0.0,0.0,0,Monday,10,4,2018,0,247.27999999999997,161.13375000000002,1,161.13375000000002,0.0,0.0,81.94932142857144,40.606008333333335
2018-10-09,Office Supplies,1290.5240000000001,0.0,0.0,1,Tuesday,10,4,2018,0,1290.5240000000001,161.13375000000002,1,161.13375000000002,23.12,0.0,104.96842857142859,45.97713333333334
2018-10-10,Office Supplies,0.0,0.0,0.0,2,Wednesday,10,4,2018,0,0.0,0.0,0,161.13375000000002,67.124,0.0,124.68467857142858,45.97713333333334
2018-10-11,Office Supplies,1444.8280000000002,0.0,0.0,3,Thursday,10,4,2018,0,1444.8280000000002,161.13375000000002,1,0.0,161.13375000000002,0.0,115.09553571428572,40.606008333333335
2018-10-12,Office Supplies,973.235,0.0,0.0,4,Friday,10,4,2018,0,973.235,161.13375000000002,1,161.13375000000002,0.0,0.0,115.09553571428573,40.606008333333335
2018-10-13,Office Supplies,0.0,0.0,0.0,5,Saturday,10,4,2018,1,0.0,0.0,0,161.13375000000002,161.13375000000002,0.0,138.11464285714288,40.606008333333335
2018-10-14,Office Supplies,0.0,0.0,0.0,6,Sunday,10,4,2018,1,0.0,0.0,0,0.0,161.13375000000002,0.0,115.09553571428572,40.606008333333335
2018-10-15,Office Supplies,0.0,0.0,0.0,0,Monday,10,4,2018,0,0.0,0.0,0,0.0,161.13375000000002,0.0,92.07642857142858,40.606008333333335
2018-10-16,Office Supplies,0.0,0.0,0.0,1,Tuesday,10,4,2018,0,0.0,0.0,0,0.0,161.13375000000002,23.12,69.05732142857143,40.606008333333335
2018-10-17,Office Supplies,0.0,0.0,0.0,2,Wednesday,10,4,2018,0,0.0,0.0,0,0.0,0.0,67.124,46.03821428571429,40.606008333333335
2018-10-18,Office Supplies,0.0,0.0,0.0,3,Thursday,10,4,2018,0,0.0,0.0,0,0.0,161.13375000000002,161.13375000000002,46.03821428571429,40.606008333333335
2018-10-19,Office Supplies,0.0,0.0,0.0,4,Friday,10,4,2018,0,0.0,0.0,0,0.0,161.13375000000002,0.0,23.019107142857145,40.606008333333335
2018-10-20,Office Supplies,0.0,0.0,0.0,5,Saturday,10,4,2018,1,0.0,0.0,0,0.0,0.0,161.13375000000002,0.0,40.606008333333335
2018-10-21,Office Supplies,0.0,0.0,0.0,6,Sunday,10,4,2018,1,0.0,0.0,0,0.0,0.0,161.13375000000002,0.0,40.606008333333335
2018-10-22,Office Supplies,0.0,0.0,0.0,0,Monday,10,4,2018,0,0.0,0.0,0,0.0,0.0,161.13375000000002,0.0,40.606008333333335
2018-10-23,Office Supplies,0.0,0.0,0.0,1,Tuesday,10,4,2018,0,0.0,0.0,0,0.0,0.0,161.13375000000002,0.0,40.606008333333335
2018-10-24,Office Supplies,0.0,0.0,0.0,2,Wednesday,10,4,2018,0,0.0,0.0,0,0.0,0.0,0.0,0.0,40.606008333333335
2018-10-25,Office Supplies,0.0,0.0,0.0,3,Thursday,10,4,2018,0,0.0,0.0,0,0.0,0.0,161.13375000000002,0.0,40.606008333333335
2018-10-26,Office Supplies,0.0,0.0,0.0,4,Friday,10,4,2018,0,0.0,0.0,0,0.0,0.0,161.13375000000002,0.0,40.606008333333335
2018-10-27,Office Supplies,0.0,0.0,0.0,5,Saturday,10,4,2018,1,0.0,0.0,0,0.0,0.0,0.0,0.0,40.606008333333335
2018-10-28,Office Supplies,0.0,0.0,0.0,6,Sunday,10,4,2018,1,0.0,0.0,0,0.0,0.0,0.0,0.0,40.606008333333335
2018-10-29,Office Supplies,0.0,0.0,0.0,0,Monday,10,4,2018,0,0.0,0.0,0,0.0,0.0,0.0,0.0,40.606008333333335
2018-10-30,Office Supplies,0.0,0.0,0.0,1,Tuesday,10,4,2018,0,0.0,0.0,0,0.0,0.0,0.0,0.0,40.606008333333335
2018-10-31,Office Supplies,0.0,0.0,0.0,2,Wednesday,10,4,2018,0,0.0,0.0,0,0.0,0.0,0.0,0.0,40.606008333333335
2018-11-01,Office Supplies,0.0,0.0,0.0,3,Thursday,11,4,2018,0,0.0,0.0,0,0.0,0.0,0.0,0.0,40.606008333333335
2018-11-02,Office Supplies,42.036,0.0,0.0,4,Friday,11,4,2018,0,42.036,42.036,0,0.0,0.0,0.0,0.0,39.835341666666665
2018-11-03,Office Supplies,951.4939999999999,0.0,0.0,5,Saturday,11,4,2018,1,951.4939999999999,161.13375000000002,1,42.036,0.0,0.0,6.005142857142857,38.99907500000001
2018-11-04,Office Supplies,92.736,0.0,0.0,6,Sunday,11,4,2018,1,92.736,92.736,0,161.13375000000002,0.0,0.0,29.024250000000002,38.999075
2018-11-05,Office Supplies,231.494,0.0,0.0,0,Monday,11,4,2018,0,231.494,161.13375000000002,1,92.736,0.0,0.0,42.27225,42.090275000000005
2018-11-06,Office Supplies,739.8820000000001,0.0,0.0,1,Tuesday,11,4,2018,0,739.8820000000001,161.13375000000002,1,161.13375000000002,0.0,0.0,65.29135714285715,42.090275000000005
2018-11-07,Office Supplies,236.89000000000001,0.0,0.0,2,Wednesday,11,4,2018,0,236.89000000000001,161.13375000000002,1,161.13375000000002,0.0,0.0,88.31046428571429,42.090275000000005
2018-11-08,Office Supplies,555.1419999999999,0.0,0.0,3,Thursday,11,4,2018,0,555.1419999999999,161.13375000000002,1,161.13375000000002,0.0,0.0,111.32957142857143,42.090275000000005
2018-11-09,Office Supplies,2529.2000000000003,0.0,0.0,4,Friday,11,4,2018,0,2529.2000000000003,161.13375000000002,1,161.13375000000002,42.036,0.0,134.3486785714286,42.090275000000005
2018-11-10,Office Supplies,0.0,0.0,0.0,5,Saturday,11,4,2018,1,0.0,0.0,0,161.13375000000002,161.13375000000002,0.0,151.36264285714287,47.461400000000005
2018-11-11,Office Supplies,1656.194,0.0,0.0,6,Sunday,11,4,2018,1,1656.194,161.13375000000002,1,0.0,92.736,0.0,128.34353571428574,42.090275000000005
2018-11-12,Office Supplies,100.816,0.0,0.0,0,Monday,11,4,2018,0,100.816,100.816,0,161.13375000000002,161.13375000000002,0.0,138.11464285714288,42.090275000000005
2018-11-13,Office Supplies,0.0,0.0,0.0,1,Tuesday,11,4,2018,0,0.0,0.0,0,100.816,161.13375000000002,0.0,129.49782142857143,45.45080833333334
2018-11-14,Office Supplies,0.0,0.0,0.0,2,Wednesday,11,4,2018,0,0.0,0.0,0,0.0,161.13375000000002,0.0,106.4787142857143,45.45080833333334
2018-11-15,Office Supplies,0.0,0.0,0.0,3,Thursday,11,4,2018,0,0.0,0.0,0,0.0,161.13375000000002,0.0,83.45960714285717,45.45080833333334
2018-11-16,Office Supplies,0.0,0.0,0.0,4,Friday,11,4,2018,0,0.0,0.0,0,0.0,161.13375000000002,42.036,60.44050000000001,45.45080833333334
2018-11-17,Office Supplies,0.0,0.0,0.0,5,Saturday,11,4,2018,1,0.0,0.0,0,0.0,0.0,161.13375000000002,37.421392857142855,45.45080833333334
2018-11-18,Office Supplies,0.0,0.0,0.0,6,Sunday,11,4,2018,1,0.0,0.0,0,0.0,161.13375000000002,92.736,37.421392857142855,45.45080833333334
2018-11-19,Office Supplies,0.0,0.0,0.0,0,Monday,11,4,2018,0,0.0,0.0,0,0.0,100.816,161.13375000000002,14.402285714285714,45.45080833333334
2018-11-20,Office Supplies,0.0,0.0,0.0,1,Tuesday,11,4,2018,0,0.0,0.0,0,0.0,0.0,161.13375000000002,0.0,45.45080833333334
2018-11-21,Office Supplies,0.0,0.0,0.0,2,Wednesday,11,4,2018,0,0.0,0.0,0,0.0,0.0,161.13375000000002,0.0,45.45080833333334
2018-11-22,Office Supplies,0.0,0.0,0.0,3,Thursday,11,4,2018,0,0.0,0.0,0,0.0,0.0,161.13375000000002,0.0,45.45080833333334
2018-11-23,Office Supplies,0.0,0.0,0.0,4,Friday,11,4,2018,0,0.0,0.0,0,0.0,0.0,161.13375000000002,0.0,45.45080833333334
2018-11-24,Office Supplies,0.0,0.0,0.0,5,Saturday,11,4,2018,1,0.0,0.0,0,0.0,0.0,0.0,0.0,45.45080833333334
2018-11-25,Office Supplies,0.0,0.0,0.0,6,Sunday,11,4,2018,1,0.0,0.0,0,0.0,0.0,161.13375000000002,0.0,45.45080833333334
2018-11-26,Office Supplies,0.0,0.0,0.0,0,Monday,11,4,2018,0,0.0,0.0,0,0.0,0.0,100.816,0.0,45.45080833333334
2018-11-27,Office Supplies,0.0,0.0,0.0,1,Tuesday,11,4,2018,0,0.0,0.0,0,0.0,0.0,0.0,0.0,45.45080833333334
2018-11-28,Office Supplies,0.0,0.0,0.0,2,Wednesday,11,4,2018,0,0.0,0.0,0,0.0,0.0,0.0,0.0,45.45080833333334
2018-11-29,Office Supplies,0.0,0.0,0.0,3,Thursday,11,4,2018,0,0.0,0.0,0,0.0,0.0,0.0,0.0,45.45080833333334
2018-11-30,Office Supplies,0.0,0.0,0.0,4,Friday,11,4,2018,0,0.0,0.0,0,0.0,0.0,0.0,0.0,45.45080833333334
2018-12-01,Office Supplies,810.84,0.0,0.0,5,Saturday,12,4,2018,1,810.84,161.13375000000002,1,0.0,0.0,0.0,0.0,45.45080833333334
2018-12-02,Office Supplies,0.0,0.0,0.0,6,Sunday,12,4,2018,1,0.0,0.0,0,161.13375000000002,0.0,0.0,23.019107142857145,50.82193333333334
2018-12-03,Office Supplies,283.35,0.0,0.0,0,Monday,12,4,2018,0,283.35,161.13375000000002,1,0.0,0.0,0.0,23.019107142857145,49.42073333333334
2018-12-04,Office Supplies,69.66,0.0,0.0,1,Tuesday,12,4,2018,0,69.66,69.66,0,161.13375000000002,0.0,0.0,46.03821428571429,49.420733333333345
2018-12-05,Office Supplies,554.654,0.0,0.0,2,Wednesday,12,4,2018,0,554.654,161.13375000000002,1,69.66,0.0,0.0,55.98964285714286,48.65153333333333
2018-12-06,Office Supplies,206.948,0.0,0.0,3,Thursday,12,4,2018,0,206.948,161.13375000000002,1,161.13375000000002,0.0,0.0,79.00875,48.65153333333334
2018-12-07,Office Supplies,3.816,0.0,0.0,4,Friday,12,4,2018,0,3.816,3.816,0,161.13375000000002,0.0,0.0,102.02785714285714,48.65153333333334
2018-12-08,Office Supplies,1140.7,0.0,0.0,5,Saturday,12,4,2018,1,1140.7,161.13375000000002,1,3.816,161.13375000000002,0.0,102.57300000000001,43.40760833333334
2018-12-09,Office Supplies,483.19,0.0,0.0,6,Sunday,12,4,2018,1,483.19,161.13375000000002,1,161.13375000000002,0.0,0.0,102.573,43.407608333333336
2018-12-10,Office Supplies,223.828,0.0,0.0,0,Monday,12,4,2018,0,223.828,161.13375000000002,1,161.13375000000002,161.13375000000002,0.0,125.59210714285715,43.407608333333336
2018-12-11,Office Supplies,1375.124,0.0,0.0,1,Tuesday,12,4,2018,0,1375.124,161.13375000000002,1,161.13375000000002,69.66,0.0,125.59210714285716,48.778733333333335
2015-01-02,Technology,468.9,0.0,0.0,4,Friday,1,1,2015,0,468.9,0.0,1,0.0,0.0,0.0,0.0,0.0
2015-01-03,Technology,5.94,1.0,0.0,5,Saturday,1,1,2015,1,5.94,0.0,1,0.0,0.0,0.0,0.0,0.0
2015-01-04,Technology,0.0,0.0,0.0,6,Sunday,1,1,2015,1,0.0,0.0,0,0.0,0.0,0.0,0.0,0.0
2015-01-05,Technology,0.0,0.0,0.0,0,Monday,1,1,2015,0,0.0,0.0,0,0.0,0.0,0.0,0.0,0.0
2015-01-06,Technology,881.93,0.0,0.0,1,Tuesday,1,1,2015,0,881.93,0.0,1,0.0,0.0,0.0,0.0,0.0
2015-01-07,Technology,575.92,0.0,0.0,2,Wednesday,1,1,2015,0,575.92,0.0,1,0.0,0.0,0.0,0.0,0.0
2015-01-08,Technology,0.0,0.0,0.0,3,Thursday,1,1,2015,0,0.0,0.0,0,0.0,0.0,0.0,0.0,0.0
2015-01-09,Technology,357.0,0.0,0.0,4,Friday,1,1,2015,0,357.0,0.0,1,0.0,0.0,0.0,0.0,0.0
2015-01-10,Technology,0.0,0.0,0.0,5,Saturday,1,1,2015,1,0.0,0.0,0,0.0,0.0,0.0,0.0,0.0
2015-01-11,Technology,3118.784,0.0,0.0,6,Sunday,1,1,2015,1,3118.784,0.0,1,0.0,0.0,0.0,0.0,0.0
2015-01-12,Technology,1027.856,0.0,0.0,0,Monday,1,1,2015,0,1027.856,0.0,1,0.0,0.0,0.0,0.0,0.0
2015-01-13,Technology,0.0,0.0,0.0,1,Tuesday,1,1,2015,0,0.0,0.0,0,0.0,0.0,0.0,0.0,0.0
2015-01-14,Technology,0.0,0.0,0.0,2,Wednesday,1,1,2015,0,0.0,0.0,0,0.0,0.0,0.0,0.0,0.0
2015-01-15,Technology,0.0,0.0,0.0,3,Thursday,1,1,2015,0,0.0,0.0,0,0.0,0.0,0.0,0.0,0.0
2015-01-16,Technology,0.0,0.0,0.0,4,Friday,1,1,2015,0,0.0,0.0,0,0.0,0.0,0.0,0.0,0.0
2015-01-17,Technology,0.0,0.0,0.0,5,Saturday,1,1,2015,1,0.0,0.0,0,0.0,0.0,0.0,0.0,0.0
2015-01-18,Technology,0.0,0.0,0.0,6,Sunday,1,1,2015,1,0.0,0.0,0,0.0,0.0,0.0,0.0,0.0
2015-01-19,Technology,0.0,0.0,0.0,0,Monday,1,1,2015,0,0.0,0.0,0,0.0,0.0,0.0,0.0,0.0
2015-01-20,Technology,0.0,0.0,0.0,1,Tuesday,1,1,2015,0,0.0,0.0,0,0.0,0.0,0.0,0.0,0.0
2015-01-21,Technology,0.0,0.0,0.0,2,Wednesday,1,1,2015,0,0.0,0.0,0,0.0,0.0,0.0,0.0,0.0
2015-01-22,Technology,0.0,0.0,0.0,3,Thursday,1,1,2015,0,0.0,0.0,0,0.0,0.0,0.0,0.0,0.0
2015-01-23,Technology,0.0,0.0,0.0,4,Friday,1,1,2015,0,0.0,0.0,0,0.0,0.0,0.0,0.0,0.0
2015-01-24,Technology,0.0,0.0,0.0,5,Saturday,1,1,2015,1,0.0,0.0,0,0.0,0.0,0.0,0.0,0.0
2015-01-25,Technology,0.0,0.0,0.0,6,Sunday,1,1,2015,1,0.0,0.0,0,0.0,0.0,0.0,0.0,0.0
2015-01-26,Technology,0.0,0.0,0.0,0,Monday,1,1,2015,0,0.0,0.0,0,0.0,0.0,0.0,0.0,0.0
2015-01-27,Technology,0.0,0.0,0.0,1,Tuesday,1,1,2015,0,0.0,0.0,0,0.0,0.0,0.0,0.0,0.0
2015-01-28,Technology,0.0,0.0,0.0,2,Wednesday,1,1,2015,0,0.0,0.0,0,0.0,0.0,0.0,0.0,0.0
2015-01-29,Technology,0.0,0.0,0.0,3,Thursday,1,1,2015,0,0.0,0.0,0,0.0,0.0,0.0,0.0,0.0
2015-01-30,Technology,0.0,0.0,0.0,4,Friday,1,1,2015,0,0.0,0.0,0,0.0,0.0,0.0,0.0,0.0
2015-01-31,Technology,0.0,0.0,0.0,5,Saturday,1,1,2015,1,0.0,0.0,0,0.0,0.0,0.0,0.0,0.0
2015-02-01,Technology,0.0,0.0,0.0,6,Sunday,2,1,2015,1,0.0,0.0,0,0.0,0.0,0.0,0.0,0.0
2015-02-02,Technology,180.96,0.0,0.0,0,Monday,2,1,2015,0,180.96,0.0,1,0.0,0.0,0.0,0.0,0.0
2015-02-03,Technology,0.0,0.0,0.0,1,Tuesday,2,1,2015,0,0.0,0.0,0,0.0,0.0,0.0,0.0,0.0
2015-02-04,Technology,1049.93,0.0,0.0,2,Wednesday,2,1,2015,0,1049.93,0.0,1,0.0,0.0,0.0,0.0,0.0
2015-02-05,Technology,479.984,0.0,0.0,3,Thursday,2,1,2015,0,479.984,0.0,1,0.0,0.0,0.0,0.0,0.0
2015-02-06,Technology,239.97,0.0,0.0,4,Friday,2,1,2015,0,239.97,0.0,1,0.0,0.0,0.0,0.0,0.0
2015-02-07,Technology,73.98,0.0,0.0,5,Saturday,2,1,2015,1,73.98,0.0,1,0.0,0.0,0.0,0.0,0.0
2015-02-08,Technology,21.2,0.0,0.0,6,Sunday,2,1,2015,1,21.2,0.0,1,0.0,0.0,0.0,0.0,0.0
2015-02-09,Technology,1275.63,0.0,0.0,0,Monday,2,1,2015,0,1275.63,0.0,1,0.0,0.0,0.0,0.0,0.0
2015-02-10,Technology,555.936,0.0,0.0,1,Tuesday,2,1,2015,0,555.936,0.0,1,0.0,0.0,0.0,0.0,0.0
2015-02-11,Technology,1620.008,0.0,0.0,2,Wednesday,2,1,2015,0,1620.008,0.0,1,0.0,0.0,0.0,0.0,0.0
2015-02-12,Technology,245.70999999999998,0.0,0.0,3,Thursday,2,1,2015,0,245.70999999999998,0.0,1,0.0,0.0,0.0,0.0,0.0
2015-02-13,Technology,0.0,0.0,0.0,4,Friday,2,1,2015,0,0.0,0.0,0,0.0,0.0,0.0,0.0,0.0
2015-02-14,Technology,0.0,0.0,0.0,5,Saturday,2,1,2015,1,0.0,0.0,0,0.0,0.0,0.0,0.0,0.0
2015-02-15,Technology,0.0,0.0,0.0,6,Sunday,2,1,2015,1,0.0,0.0,0,0.0,0.0,0.0,0.0,0.0
2015-02-16,Technology,0.0,0.0,0.0,0,Monday,2,1,2015,0,0.0,0.0,0,0.0,0.0,0.0,0.0,0.0
2015-02-17,Technology,0.0,0.0,0.0,1,Tuesday,2,1,2015,0,0.0,0.0,0,0.0,0.0,0.0,0.0,0.0
2015-02-18,Technology,0.0,0.0,0.0,2,Wednesday,2,1,2015,0,0.0,0.0,0,0.0,0.0,0.0,0.0,0.0
2015-02-19,Technology,0.0,0.0,0.0,3,Thursday,2,1,2015,0,0.0,0.0,0,0.0,0.0,0.0,0.0,0.0
2015-02-20,Technology,0.0,0.0,0.0,4,Friday,2,1,2015,0,0.0,0.0,0,0.0,0.0,0.0,0.0,0.0
2015-02-21,Technology,0.0,0.0,0.0,5,Saturday,2,1,2015,1,0.0,0.0,0,0.0,0.0,0.0,0.0,0.0
2015-02-22,Technology,0.0,0.0,0.0,6,Sunday,2,1,2015,1,0.0,0.0,0,0.0,0.0,0.0,0.0,0.0
2015-02-23,Technology,0.0,0.0,0.0,0,Monday,2,1,2015,0,0.0,0.0,0,0.0,0.0,0.0,0.0,0.0
2015-02-24,Technology,0.0,0.0,0.0,1,Tuesday,2,1,2015,0,0.0,0.0,0,0.0,0.0,0.0,0.0,0.0
2015-02-25,Technology,0.0,0.0,0.0,2,Wednesday,2,1,2015,0,0.0,0.0,0,0.0,0.0,0.0,0.0,0.0
2015-02-26,Technology,0.0,0.0,0.0,3,Thursday,2,1,2015,0,0.0,0.0,0,0.0,0.0,0.0,0.0,0.0
2015-02-27,Technology,0.0,0.0,0.0,4,Friday,2,1,2015,0,0.0,0.0,0,0.0,0.0,0.0,0.0,0.0
2015-02-28,Technology,0.0,0.0,0.0,5,Saturday,2,1,2015,1,0.0,0.0,0,0.0,0.0,0.0,0.0,0.0
2015-03-01,Technology,0.0,0.0,0.0,6,Sunday,3,1,2015,1,0.0,0.0,0,0.0,0.0,0.0,0.0,0.0
2015-03-02,Technology,0.0,0.0,0.0,0,Monday,3,1,2015,0,0.0,0.0,0,0.0,0.0,0.0,0.0,0.0
2015-03-03,Technology,9.99,0.0,0.0,1,Tuesday,3,1,2015,0,9.99,0.0,1,0.0,0.0,0.0,0.0,0.0
2015-03-04,Technology,0.0,0.0,0.0,2,Wednesday,3,1,2015,0,0.0,0.0,0,0.0,0.0,0.0,0.0,0.0
2015-03-05,Technology,0.0,0.0,0.0,3,Thursday,3,1,2015,0,0.0,0.0,0,0.0,0.0,0.0,0.0,0.0
2015-03-06,Technology,0.0,0.0,0.0,4,Friday,3,1,2015,0,0.0,0.0,0,0.0,0.0,0.0,0.0,0.0
2015-03-07,Technology,0.0,0.0,0.0,5,Saturday,3,1,2015,1,0.0,0.0,0,0.0,0.0,0.0,0.0,0.0
2015-03-08,Technology,0.0,0.0,0.0,6,Sunday,3,1,2015,1,0.0,0.0,0,0.0,0.0,0.0,0.0,0.0
2015-03-09,Technology,0.0,0.0,0.0,0,Monday,3,1,2015,0,0.0,0.0,0,0.0,0.0,0.0,0.0,0.0
2015-03-10,Technology,142.488,0.0,0.0,1,Tuesday,3,1,2015,0,142.488,0.0,1,0.0,0.0,0.0,0.0,0.0
2015-03-11,Technology,873.9300000000001,0.0,0.0,2,Wednesday,3,1,2015,0,873.9300000000001,0.0,1,0.0,0.0,0.0,0.0,0.0
2015-03-12,Technology,479.96,0.0,0.0,3,Thursday,3,1,2015,0,479.96,0.0,1,0.0,0.0,0.0,0.0,0.0
2015-03-13,Technology,0.0,0.0,0.0,4,Friday,3,1,2015,0,0.0,0.0,0,0.0,0.0,0.0,0.0,0.0
2015-03-14,Technology,0.0,0.0,0.0,5,Saturday,3,1,2015,1,0.0,0.0,0,0.0,0.0,0.0,0.0,0.0
2015-03-15,Technology,0.0,0.0,0.0,6,Sunday,3,1,2015,1,0.0,0.0,0,0.0,0.0,0.0,0.0,0.0
2015-03-16,Technology,0.0,0.0,0.0,0,Monday,3,1,2015,0,0.0,0.0,0,0.0,0.0,0.0,0.0,0.0
2015-03-17,Technology,0.0,0.0,0.0,1,Tuesday,3,1,2015,0,0.0,0.0,0,0.0,0.0,0.0,0.0,0.0
2015-03-18,Technology,0.0,0.0,0.0,2,Wednesday,3,1,2015,0,0.0,0.0,0,0.0,0.0,0.0,0.0,0.0
2015-03-19,Technology,0.0,0.0,0.0,3,Thursday,3,1,2015,0,0.0,0.0,0,0.0,0.0,0.0,0.0,0.0
2015-03-20,Technology,0.0,0.0,0.0,4,Friday,3,1,2015,0,0.0,0.0,0,0.0,0.0,0.0,0.0,0.0
2015-03-21,Technology,0.0,0.0,0.0,5,Saturday,3,1,2015,1,0.0,0.0,0,0.0,0.0,0.0,0.0,0.0
2015-03-22,Technology,0.0,0.0,0.0,6,Sunday,3,1,2015,1,0.0,0.0,0,0.0,0.0,0.0,0.0,0.0
2015-03-23,Technology,0.0,0.0,0.0,0,Monday,3,1,2015,0,0.0,0.0,0,0.0,0.0,0.0,0.0,0.0
2015-03-24,Technology,0.0,0.0,0.0,1,Tuesday,3,1,2015,0,0.0,0.0,0,0.0,0.0,0.0,0.0,0.0
2015-03-25,Technology,0.0,0.0,0.0,2,Wednesday,3,1,2015,0,0.0,0.0,0,0.0,0.0,0.0,0.0,0.0
2015-03-26,Technology,0.0,0.0,0.0,3,Thursday,3,1,2015,0,0.0,0.0,0,0.0,0.0,0.0,0.0,0.0
2015-03-27,Technology,0.0,0.0,0.0,4,Friday,3,1,2015,0,0.0,0.0,0,0.0,0.0,0.0,0.0,0.0
2015-03-28,Technology,0.0,0.0,0.0,5,Saturday,3,1,2015,1,0.0,0.0,0,0.0,0.0,0.0,0.0,0.0
2015-03-29,Technology,0.0,0.0,0.0,6,Sunday,3,1,2015,1,0.0,0.0,0,0.0,0.0,0.0,0.0,0.0
2015-03-30,Technology,0.0,0.0,0.0,0,Monday,3,1,2015,0,0.0,0.0,0,0.0,0.0,0.0,0.0,0.0
2015-03-31,Technology,0.0,0.0,0.0,1,Tuesday,3,1,2015,0,0.0,0.0,0,0.0,0.0,0.0,0.0,0.0
2015-04-01,Technology,0.0,0.0,0.0,2,Wednesday,4,2,2015,0,0.0,0.0,0,0.0,0.0,0.0,0.0,0.0
2015-04-02,Technology,0.0,0.0,0.0,3,Thursday,4,2,2015,0,0.0,0.0,0,0.0,0.0,0.0,0.0,0.0
2015-04-03,Technology,0.0,0.0,0.0,4,Friday,4,2,2015,0,0.0,0.0,0,0.0,0.0,0.0,0.0,0.0
2015-04-04,Technology,99.98,0.0,0.0,5,Saturday,4,2,2015,1,99.98,0.0,1,0.0,0.0,0.0,0.0,0.0
2015-04-05,Technology,0.0,0.0,0.0,6,Sunday,4,2,2015,1,0.0,0.0,0,0.0,0.0,0.0,0.0,0.0
2015-04-06,Technology,0.0,0.0,0.0,0,Monday,4,2,2015,0,0.0,0.0,0,0.0,0.0,0.0,0.0,0.0
2015-04-07,Technology,0.0,0.0,0.0,1,Tuesday,4,2,2015,0,0.0,0.0,0,0.0,0.0,0.0,0.0,0.0
2015-04-08,Technology,655.38,0.0,0.0,2,Wednesday,4,2,2015,0,655.38,0.0,1,0.0,0.0,0.0,0.0,0.0
2015-04-09,Technology,0.0,0.0,0.0,3,Thursday,4,2,2015,0,0.0,0.0,0,0.0,0.0,0.0,0.0,0.0
2015-04-10,Technology,0.0,0.0,0.0,4,Friday,4,2,2015,0,0.0,0.0,0,0.0,0.0,0.0,0.0,0.0
2015-04-11,Technology,5742.232,0.0,0.0,5,Saturday,4,2,2015,1,5742.232,0.0,1,0.0,0.0,0.0,0.0,0.0
2015-04-12,Technology,129.98,0.0,0.0,6,Sunday,4,2,2015,1,129.98,0.0,1,0.0,0.0,0.0,0.0,0.0
2015-04-13,Technology,0.0,0.0,0.0,0,Monday,4,2,2015,0,0.0,0.0,0,0.0,0.0,0.0,0.0,0.0
2015-04-14,Technology,0.0,0.0,0.0,1,Tuesday,4,2,2015,0,0.0,0.0,0,0.0,0.0,0.0,0.0,0.0
2015-04-15,Technology,0.0,0.0,0.0,2,Wednesday,4,2,2015,0,0.0,0.0,0,0.0,0.0,0.0,0.0,0.0
2015-04-16,Technology,0.0,0.0,0.0,3,Thursday,4,2,2015,0,0.0,0.0,0,0.0,0.0,0.0,0.0,0.0
2015-04-17,Technology,0.0,0.0,0.0,4,Friday,4,2,2015,0,0.0,0.0,0,0.0,0.0,0.0,0.0,0.0
2015-04-18,Technology,0.0,0.0,0.0,5,Saturday,4,2,2015,1,0.0,0.0,0,0.0,0.0,0.0,0.0,0.0
2015-04-19,Technology,0.0,0.0,0.0,6,Sunday,4,2,2015,1,0.0,0.0,0,0.0,0.0,0.0,0.0,0.0
2015-04-20,Technology,0.0,0.0,0.0,0,Monday,4,2,2015,0,0.0,0.0,0,0.0,0.0,0.0,0.0,0.0
2015-04-21,Technology,0.0,0.0,0.0,1,Tuesday,4,2,2015,0,0.0,0.0,0,0.0,0.0,0.0,0.0,0.0
2015-04-22,Technology,0.0,0.0,0.0,2,Wednesday,4,2,2015,0,0.0,0.0,0,0.0,0.0,0.0,0.0,0.0
2015-04-23,Technology,0.0,0.0,0.0,3,Thursday,4,2,2015,0,0.0,0.0,0,0.0,0.0,0.0,0.0,0.0
2015-04-24,Technology,0.0,0.0,0.0,4,Friday,4,2,2015,0,0.0,0.0,0,0.0,0.0,0.0,0.0,0.0
2015-04-25,Technology,0.0,0.0,0.0,5,Saturday,4,2,2015,1,0.0,0.0,0,0.0,0.0,0.0,0.0,0.0
2015-04-26,Technology,0.0,0.0,0.0,6,Sunday,4,2,2015,1,0.0,0.0,0,0.0,0.0,0.0,0.0,0.0
2015-04-27,Technology,0.0,0.0,0.0,0,Monday,4,2,2015,0,0.0,0.0,0,0.0,0.0,0.0,0.0,0.0
2015-04-28,Technology,0.0,0.0,0.0,1,Tuesday,4,2,2015,0,0.0,0.0,0,0.0,0.0,0.0,0.0,0.0
2015-04-29,Technology,0.0,0.0,0.0,2,Wednesday,4,2,2015,0,0.0,0.0,0,0.0,0.0,0.0,0.0,0.0
2015-04-30,Technology,0.0,0.0,0.0,3,Thursday,4,2,2015,0,0.0,0.0,0,0.0,0.0,0.0,0.0,0.0
2015-05-01,Technology,0.0,0.0,0.0,4,Friday,5,2,2015,0,0.0,0.0,0,0.0,0.0,0.0,0.0,0.0
2015-05-02,Technology,0.0,0.0,0.0,5,Saturday,5,2,2015,1,0.0,0.0,0,0.0,0.0,0.0,0.0,0.0
2015-05-03,Technology,479.97,0.0,0.0,6,Sunday,5,2,2015,1,479.97,0.0,1,0.0,0.0,0.0,0.0,0.0
2015-05-04,Technology,28.99,0.0,0.0,0,Monday,5,2,2015,0,28.99,0.0,1,0.0,0.0,0.0,0.0,0.0
2015-05-05,Technology,0.0,0.0,0.0,1,Tuesday,5,2,2015,0,0.0,0.0,0,0.0,0.0,0.0,0.0,0.0
2015-05-06,Technology,0.0,0.0,0.0,2,Wednesday,5,2,2015,0,0.0,0.0,0,0.0,0.0,0.0,0.0,0.0
2015-05-07,Technology,479.97,0.0,0.0,3,Thursday,5,2,2015,0,479.97,0.0,1,0.0,0.0,0.0,0.0,0.0
2015-05-08,Technology,152.35000000000002,0.0,0.0,4,Friday,5,2,2015,0,152.35000000000002,0.0,1,0.0,0.0,0.0,0.0,0.0
2015-05-09,Technology,0.0,0.0,0.0,5,Saturday,5,2,2015,1,0.0,0.0,0,0.0,0.0,0.0,0.0,0.0
2015-05-10,Technology,99.98,0.0,0.0,6,Sunday,5,2,2015,1,99.98,0.0,1,0.0,0.0,0.0,0.0,0.0
2015-05-11,Technology,157.766,0.0,0.0,0,Monday,5,2,2015,0,157.766,0.0,1,0.0,0.0,0.0,0.0,0.0
2015-05-12,Technology,793.39,0.0,0.0,1,Tuesday,5,2,2015,0,793.39,0.0,1,0.0,0.0,0.0,0.0,0.0
2015-05-13,Technology,0.0,0.0,0.0,2,Wednesday,5,2,2015,0,0.0,0.0,0,0.0,0.0,0.0,0.0,0.0
2015-05-14,Technology,0.0,0.0,0.0,3,Thursday,5,2,2015,0,0.0,0.0,0,0.0,0.0,0.0,0.0,0.0
2015-05-15,Technology,0.0,0.0,0.0,4,Friday,5,2,2015,0,0.0,0.0,0,0.0,0.0,0.0,0.0,0.0
2015-05-16,Technology,0.0,0.0,0.0,5,Saturday,5,2,2015,1,0.0,0.0,0,0.0,0.0,0.0,0.0,0.0
2015-05-17,Technology,0.0,0.0,0.0,6,Sunday,5,2,2015,1,0.0,0.0,0,0.0,0.0,0.0,0.0,0.0
2015-05-18,Technology,0.0,0.0,0.0,0,Monday,5,2,2015,0,0.0,0.0,0,0.0,0.0,0.0,0.0,0.0
2015-05-19,Technology,0.0,0.0,0.0,1,Tuesday,5,2,2015,0,0.0,0.0,0,0.0,0.0,0.0,0.0,0.0
2015-05-20,Technology,0.0,0.0,0.0,2,Wednesday,5,2,2015,0,0.0,0.0,0,0.0,0.0,0.0,0.0,0.0
2015-05-21,Technology,0.0,0.0,0.0,3,Thursday,5,2,2015,0,0.0,0.0,0,0.0,0.0,0.0,0.0,0.0
2015-05-22,Technology,0.0,0.0,0.0,4,Friday,5,2,2015,0,0.0,0.0,0,0.0,0.0,0.0,0.0,0.0
2015-05-23,Technology,0.0,0.0,0.0,5,Saturday,5,2,2015,1,0.0,0.0,0,0.0,0.0,0.0,0.0,0.0
2015-05-24,Technology,0.0,0.0,0.0,6,Sunday,5,2,2015,1,0.0,0.0,0,0.0,0.0,0.0,0.0,0.0
2015-05-25,Technology,0.0,0.0,0.0,0,Monday,5,2,2015,0,0.0,0.0,0,0.0,0.0,0.0,0.0,0.0
2015-05-26,Technology,0.0,0.0,0.0,1,Tuesday,5,2,2015,0,0.0,0.0,0,0.0,0.0,0.0,0.0,0.0
2015-05-27,Technology,0.0,0.0,0.0,2,Wednesday,5,2,2015,0,0.0,0.0,0,0.0,0.0,0.0,0.0,0.0
2015-05-28,Technology,0.0,0.0,0.0,3,Thursday,5,2,2015,0,0.0,0.0,0,0.0,0.0,0.0,0.0,0.0
2015-05-29,Technology,0.0,0.0,0.0,4,Friday,5,2,2015,0,0.0,0.0,0,0.0,0.0,0.0,0.0,0.0
2015-05-30,Technology,0.0,0.0,0.0,5,Saturday,5,2,2015,1,0.0,0.0,0,0.0,0.0,0.0,0.0,0.0
2015-05-31,Technology,0.0,0.0,0.0,6,Sunday,5,2,2015,1,0.0,0.0,0,0.0,0.0,0.0,0.0,0.0
2015-06-01,Technology,1147.94,0.0,0.0,0,Monday,6,2,2015,0,1147.94,0.0,1,0.0,0.0,0.0,0.0,0.0
2015-06-02,Technology,306.56,1.0,0.0,1,Tuesday,6,2,2015,0,306.56,0.0,1,0.0,0.0,0.0,0.0,0.0
2015-06-03,Technology,0.0,0.0,0.0,2,Wednesday,6,2,2015,0,0.0,0.0,0,0.0,0.0,0.0,0.0,0.0
2015-06-04,Technology,450.654,0.0,0.0,3,Thursday,6,2,2015,0,450.654,0.0,1,0.0,0.0,0.0,0.0,0.0
2015-06-05,Technology,0.0,0.0,0.0,4,Friday,6,2,2015,0,0.0,0.0,0,0.0,0.0,0.0,0.0,0.0
2015-06-06,Technology,0.0,0.0,0.0,5,Saturday,6,2,2015,1,0.0,0.0,0,0.0,0.0,0.0,0.0,0.0
2015-06-07,Technology,559.992,0.0,0.0,6,Sunday,6,2,2015,1,559.992,0.0,1,0.0,0.0,0.0,0.0,0.0
2015-06-08,Technology,262.89,0.0,0.0,0,Monday,6,2,2015,0,262.89,0.0,1,0.0,0.0,0.0,0.0,0.0
2015-06-09,Technology,0.0,0.0,0.0,1,Tuesday,6,2,2015,0,0.0,0.0,0,0.0,0.0,0.0,0.0,0.0
2015-06-10,Technology,9.09,0.0,0.0,2,Wednesday,6,2,2015,0,9.09,0.0,1,0.0,0.0,0.0,0.0,0.0
2015-06-11,Technology,0.0,0.0,0.0,3,Thursday,6,2,2015,0,0.0,0.0,0,0.0,0.0,0.0,0.0,0.0
2015-06-12,Technology,35.04,0.0,0.0,4,Friday,6,2,2015,0,35.04,0.0,1,0.0,0.0,0.0,0.0,0.0
2015-06-13,Technology,0.0,0.0,0.0,5,Saturday,6,2,2015,1,0.0,0.0,0,0.0,0.0,0.0,0.0,0.0
2015-06-14,Technology,0.0,0.0,0.0,6,Sunday,6,2,2015,1,0.0,0.0,0,0.0,0.0,0.0,0.0,0.0
2015-06-15,Technology,0.0,0.0,0.0,0,Monday,6,2,2015,0,0.0,0.0,0,0.0,0.0,0.0,0.0,0.0
2015-06-16,Technology,0.0,0.0,0.0,1,Tuesday,6,2,2015,0,0.0,0.0,0,0.0,0.0,0.0,0.0,0.0
2015-06-17,Technology,0.0,0.0,0.0,2,Wednesday,6,2,2015,0,0.0,0.0,0,0.0,0.0,0.0,0.0,0.0
2015-06-18,Technology,0.0,0.0,0.0,3,Thursday,6,2,2015,0,0.0,0.0,0,0.0,0.0,0.0,0.0,0.0
2015-06-19,Technology,0.0,0.0,0.0,4,Friday,6,2,2015,0,0.0,0.0,0,0.0,0.0,0.0,0.0,0.0
2015-06-20,Technology,0.0,0.0,0.0,5,Saturday,6,2,2015,1,0.0,0.0,0,0.0,0.0,0.0,0.0,0.0
2015-06-21,Technology,0.0,0.0,0.0,6,Sunday,6,2,2015,1,0.0,0.0,0,0.0,0.0,0.0,0.0,0.0
2015-06-22,Technology,0.0,0.0,0.0,0,Monday,6,2,2015,0,0.0,0.0,0,0.0,0.0,0.0,0.0,0.0
2015-06-23,Technology,0.0,0.0,0.0,1,Tuesday,6,2,2015,0,0.0,0.0,0,0.0,0.0,0.0,0.0,0.0
2015-06-24,Technology,0.0,0.0,0.0,2,Wednesday,6,2,2015,0,0.0,0.0,0,0.0,0.0,0.0,0.0,0.0
2015-06-25,Technology,0.0,0.0,0.0,3,Thursday,6,2,2015,0,0.0,0.0,0,0.0,0.0,0.0,0.0,0.0
2015-06-26,Technology,0.0,0.0,0.0,4,Friday,6,2,2015,0,0.0,0.0,0,0.0,0.0,0.0,0.0,0.0
2015-06-27,Technology,0.0,0.0,0.0,5,Saturday,6,2,2015,1,0.0,0.0,0,0.0,0.0,0.0,0.0,0.0
2015-06-28,Technology,0.0,0.0,0.0,6,Sunday,6,2,2015,1,0.0,0.0,0,0.0,0.0,0.0,0.0,0.0
2015-06-29,Technology,0.0,0.0,0.0,0,Monday,6,2,2015,0,0.0,0.0,0,0.0,0.0,0.0,0.0,0.0
2015-06-30,Technology,0.0,0.0,0.0,1,Tuesday,6,2,2015,0,0.0,0.0,0,0.0,0.0,0.0,0.0,0.0
2015-07-01,Technology,0.0,0.0,0.0,2,Wednesday,7,3,2015,0,0.0,0.0,0,0.0,0.0,0.0,0.0,0.0
2015-07-02,Technology,115.36,0.0,0.0,3,Thursday,7,3,2015,0,115.36,0.0,1,0.0,0.0,0.0,0.0,0.0
2015-07-03,Technology,0.0,0.0,0.0,4,Friday,7,3,2015,0,0.0,0.0,0,0.0,0.0,0.0,0.0,0.0
2015-07-04,Technology,830.9200000000001,0.0,0.0,5,Saturday,7,3,2015,1,830.9200000000001,0.0,1,0.0,0.0,0.0,0.0,0.0
2015-07-05,Technology,0.0,0.0,0.0,6,Sunday,7,3,2015,1,0.0,0.0,0,0.0,0.0,0.0,0.0,0.0
2015-07-06,Technology,0.0,0.0,0.0,0,Monday,7,3,2015,0,0.0,0.0,0,0.0,0.0,0.0,0.0,0.0
2015-07-07,Technology,0.0,0.0,0.0,1,Tuesday,7,3,2015,0,0.0,0.0,0,0.0,0.0,0.0,0.0,0.0
2015-07-08,Technology,0.0,0.0,0.0,2,Wednesday,7,3,2015,0,0.0,0.0,0,0.0,0.0,0.0,0.0,0.0
2015-07-09,Technology,1158.2060000000001,0.0,0.0,3,Thursday,7,3,2015,0,1158.2060000000001,0.0,1,0.0,0.0,0.0,0.0,0.0
2015-07-10,Technology,0.0,0.0,0.0,4,Friday,7,3,2015,0,0.0,0.0,0,0.0,0.0,0.0,0.0,0.0
2015-07-11,Technology,0.0,0.0,0.0,5,Saturday,7,3,2015,1,0.0,0.0,0,0.0,0.0,0.0,0.0,0.0
2015-07-12,Technology,0.0,0.0,0.0,6,Sunday,7,3,2015,1,0.0,0.0,0,0.0,0.0,0.0,0.0,0.0
2015-07-13,Technology,0.0,0.0,0.0,0,Monday,7,3,2015,0,0.0,0.0,0,0.0,0.0,0.0,0.0,0.0
2015-07-14,Technology,0.0,0.0,0.0,1,Tuesday,7,3,2015,0,0.0,0.0,0,0.0,0.0,0.0,0.0,0.0
2015-07-15,Technology,0.0,0.0,0.0,2,Wednesday,7,3,2015,0,0.0,0.0,0,0.0,0.0,0.0,0.0,0.0
2015-07-16,Technology,0.0,0.0,0.0,3,Thursday,7,3,2015,0,0.0,0.0,0,0.0,0.0,0.0,0.0,0.0
2015-07-17,Technology,0.0,0.0,0.0,4,Friday,7,3,2015,0,0.0,0.0,0,0.0,0.0,0.0,0.0,0.0
2015-07-18,Technology,0.0,0.0,0.0,5,Saturday,7,3,2015,1,0.0,0.0,0,0.0,0.0,0.0,0.0,0.0
2015-07-19,Technology,0.0,0.0,0.0,6,Sunday,7,3,2015,1,0.0,0.0,0,0.0,0.0,0.0,0.0,0.0
2015-07-20,Technology,0.0,0.0,0.0,0,Monday,7,3,2015,0,0.0,0.0,0,0.0,0.0,0.0,0.0,0.0
2015-07-21,Technology,0.0,0.0,0.0,1,Tuesday,7,3,2015,0,0.0,0.0,0,0.0,0.0,0.0,0.0,0.0
2015-07-22,Technology,0.0,0.0,0.0,2,Wednesday,7,3,2015,0,0.0,0.0,0,0.0,0.0,0.0,0.0,0.0
2015-07-23,Technology,0.0,0.0,0.0,3,Thursday,7,3,2015,0,0.0,0.0,0,0.0,0.0,0.0,0.0,0.0
2015-07-24,Technology,0.0,0.0,0.0,4,Friday,7,3,2015,0,0.0,0.0,0,0.0,0.0,0.0,0.0,0.0
2015-07-25,Technology,0.0,0.0,0.0,5,Saturday,7,3,2015,1,0.0,0.0,0,0.0,0.0,0.0,0.0,0.0
2015-07-26,Technology,0.0,0.0,0.0,6,Sunday,7,3,2015,1,0.0,0.0,0,0.0,0.0,0.0,0.0,0.0
2015-07-27,Technology,0.0,0.0,0.0,0,Monday,7,3,2015,0,0.0,0.0,0,0.0,0.0,0.0,0.0,0.0
2015-07-28,Technology,0.0,0.0,0.0,1,Tuesday,7,3,2015,0,0.0,0.0,0,0.0,0.0,0.0,0.0,0.0
2015-07-29,Technology,0.0,0.0,0.0,2,Wednesday,7,3,2015,0,0.0,0.0,0,0.0,0.0,0.0,0.0,0.0
2015-07-30,Technology,0.0,0.0,0.0,3,Thursday,7,3,2015,0,0.0,0.0,0,0.0,0.0,0.0,0.0,0.0
2015-07-31,Technology,0.0,0.0,0.0,4,Friday,7,3,2015,0,0.0,0.0,0,0.0,0.0,0.0,0.0,0.0
2015-08-01,Technology,0.0,0.0,0.0,5,Saturday,8,3,2015,1,0.0,0.0,0,0.0,0.0,0.0,0.0,0.0
2015-08-02,Technology,0.0,0.0,0.0,6,Sunday,8,3,2015,1,0.0,0.0,0,0.0,0.0,0.0,0.0,0.0
2015-08-03,Technology,0.0,0.0,0.0,0,Monday,8,3,2015,0,0.0,0.0,0,0.0,0.0,0.0,0.0,0.0
2015-08-04,Technology,399.96,0.0,0.0,1,Tuesday,8,3,2015,0,399.96,0.0,1,0.0,0.0,0.0,0.0,0.0
2015-08-05,Technology,1799.97,0.0,0.0,2,Wednesday,8,3,2015,0,1799.97,0.0,1,0.0,0.0,0.0,0.0,0.0
2015-08-06,Technology,0.0,0.0,0.0,3,Thursday,8,3,2015,0,0.0,0.0,0,0.0,0.0,0.0,0.0,0.0
2015-08-07,Technology,0.0,0.0,0.0,4,Friday,8,3,2015,0,0.0,0.0,0,0.0,0.0,0.0,0.0,0.0
2015-08-08,Technology,2591.882,0.0,0.0,5,Saturday,8,3,2015,1,2591.882,0.0,1,0.0,0.0,0.0,0.0,0.0
2015-08-09,Technology,8680.728000000001,0.0,0.0,6,Sunday,8,3,2015,1,8680.728000000001,0.0,1,0.0,0.0,0.0,0.0,0.0
2015-08-10,Technology,23.472,0.0,0.0,0,Monday,8,3,2015,0,23.472,0.0,1,0.0,0.0,0.0,0.0,0.0
2015-08-11,Technology,333.576,0.0,0.0,1,Tuesday,8,3,2015,0,333.576,0.0,1,0.0,0.0,0.0,0.0,0.0
2015-08-12,Technology,156.6,0.0,0.0,2,Wednesday,8,3,2015,0,156.6,0.0,1,0.0,0.0,0.0,0.0,0.0
2015-08-13,Technology,0.0,0.0,0.0,3,Thursday,8,3,2015,0,0.0,0.0,0,0.0,0.0,0.0,0.0,0.0
2015-08-14,Technology,0.0,0.0,0.0,4,Friday,8,3,2015,0,0.0,0.0,0,0.0,0.0,0.0,0.0,0.0
2015-08-15,Technology,0.0,0.0,0.0,5,Saturday,8,3,2015,1,0.0,0.0,0,0.0,0.0,0.0,0.0,0.0
2015-08-16,Technology,0.0,0.0,0.0,6,Sunday,8,3,2015,1,0.0,0.0,0,0.0,0.0,0.0,0.0,0.0
2015-08-17,Technology,0.0,0.0,0.0,0,Monday,8,3,2015,0,0.0,0.0,0,0.0,0.0,0.0,0.0,0.0
2015-08-18,Technology,0.0,0.0,0.0,1,Tuesday,8,3,2015,0,0.0,0.0,0,0.0,0.0,0.0,0.0,0.0
2015-08-19,Technology,0.0,0.0,0.0,2,Wednesday,8,3,2015,0,0.0,0.0,0,0.0,0.0,0.0,0.0,0.0
2015-08-20,Technology,0.0,0.0,0.0,3,Thursday,8,3,2015,0,0.0,0.0,0,0.0,0.0,0.0,0.0,0.0
2015-08-21,Technology,0.0,0.0,0.0,4,Friday,8,3,2015,0,0.0,0.0,0,0.0,0.0,0.0,0.0,0.0
2015-08-22,Technology,0.0,0.0,0.0,5,Saturday,8,3,2015,1,0.0,0.0,0,0.0,0.0,0.0,0.0,0.0
2015-08-23,Technology,0.0,0.0,0.0,6,Sunday,8,3,2015,1,0.0,0.0,0,0.0,0.0,0.0,0.0,0.0
2015-08-24,Technology,0.0,0.0,0.0,0,Monday,8,3,2015,0,0.0,0.0,0,0.0,0.0,0.0,0.0,0.0
2015-08-25,Technology,0.0,0.0,0.0,1,Tuesday,8,3,2015,0,0.0,0.0,0,0.0,0.0,0.0,0.0,0.0
2015-08-26,Technology,0.0,0.0,0.0,2,Wednesday,8,3,2015,0,0.0,0.0,0,0.0,0.0,0.0,0.0,0.0
2015-08-27,Technology,0.0,0.0,0.0,3,Thursday,8,3,2015,0,0.0,0.0,0,0.0,0.0,0.0,0.0,0.0
2015-08-28,Technology,0.0,0.0,0.0,4,Friday,8,3,2015,0,0.0,0.0,0,0.0,0.0,0.0,0.0,0.0
2015-08-29,Technology,0.0,0.0,0.0,5,Saturday,8,3,2015,1,0.0,0.0,0,0.0,0.0,0.0,0.0,0.0
2015-08-30,Technology,0.0,0.0,0.0,6,Sunday,8,3,2015,1,0.0,0.0,0,0.0,0.0,0.0,0.0,0.0
2015-08-31,Technology,0.0,0.0,0.0,0,Monday,8,3,2015,0,0.0,0.0,0,0.0,0.0,0.0,0.0,0.0
2015-09-01,Technology,31.2,0.0,0.0,1,Tuesday,9,3,2015,0,31.2,0.0,1,0.0,0.0,0.0,0.0,0.0
2015-09-02,Technology,0.0,0.0,0.0,2,Wednesday,9,3,2015,0,0.0,0.0,0,0.0,0.0,0.0,0.0,0.0
2015-09-03,Technology,0.0,0.0,0.0,3,Thursday,9,3,2015,0,0.0,0.0,0,0.0,0.0,0.0,0.0,0.0
2015-09-04,Technology,0.0,0.0,0.0,4,Friday,9,3,2015,0,0.0,0.0,0,0.0,0.0,0.0,0.0,0.0
2015-09-05,Technology,235.76999999999998,0.0,0.0,5,Saturday,9,3,2015,1,235.76999999999998,0.0,1,0.0,0.0,0.0,0.0,0.0
2015-09-06,Technology,1890.5520000000001,0.0,0.0,6,Sunday,9,3,2015,1,1890.5520000000001,0.0,1,0.0,0.0,0.0,0.0,0.0
2015-09-07,Technology,0.0,0.0,0.0,0,Monday,9,3,2015,0,0.0,0.0,0,0.0,0.0,0.0,0.0,0.0
2015-09-08,Technology,1488.7199999999998,0.0,0.0,1,Tuesday,9,3,2015,0,1488.7199999999998,0.0,1,0.0,0.0,0.0,0.0,0.0
2015-09-09,Technology,1500.21,0.0,0.0,2,Wednesday,9,3,2015,0,1500.21,0.0,1,0.0,0.0,0.0,0.0,0.0
2015-09-10,Technology,15.992,0.0,0.0,3,Thursday,9,3,2015,0,15.992,0.0,1,0.0,0.0,0.0,0.0,0.0
2015-09-11,Technology,703.968,0.0,0.0,4,Friday,9,3,2015,0,703.968,0.0,1,0.0,0.0,0.0,0.0,0.0
2015-09-12,Technology,1079.976,0.0,0.0,5,Saturday,9,3,2015,1,1079.976,0.0,1,0.0,0.0,0.0,0.0,0.0
2015-09-13,Technology,0.0,0.0,0.0,6,Sunday,9,3,2015,1,0.0,0.0,0,0.0,0.0,0.0,0.0,0.0
2015-09-14,Technology,0.0,0.0,0.0,0,Monday,9,3,2015,0,0.0,0.0,0,0.0,0.0,0.0,0.0,0.0
2015-09-15,Technology,0.0,0.0,0.0,1,Tuesday,9,3,2015,0,0.0,0.0,0,0.0,0.0,0.0,0.0,0.0
2015-09-16,Technology,0.0,0.0,0.0,2,Wednesday,9,3,2015,0,0.0,0.0,0,0.0,0.0,0.0,0.0,0.0
2015-09-17,Technology,0.0,0.0,0.0,3,Thursday,9,3,2015,0,0.0,0.0,0,0.0,0.0,0.0,0.0,0.0
2015-09-18,Technology,0.0,0.0,0.0,4,Friday,9,3,2015,0,0.0,0.0,0,0.0,0.0,0.0,0.0,0.0
2015-09-19,Technology,0.0,0.0,0.0,5,Saturday,9,3,2015,1,0.0,0.0,0,0.0,0.0,0.0,0.0,0.0
2015-09-20,Technology,0.0,0.0,0.0,6,Sunday,9,3,2015,1,0.0,0.0,0,0.0,0.0,0.0,0.0,0.0
2015-09-21,Technology,0.0,0.0,0.0,0,Monday,9,3,2015,0,0.0,0.0,0,0.0,0.0,0.0,0.0,0.0
2015-09-22,Technology,0.0,0.0,0.0,1,Tuesday,9,3,2015,0,0.0,0.0,0,0.0,0.0,0.0,0.0,0.0
2015-09-23,Technology,0.0,0.0,0.0,2,Wednesday,9,3,2015,0,0.0,0.0,0,0.0,0.0,0.0,0.0,0.0
2015-09-24,Technology,0.0,0.0,0.0,3,Thursday,9,3,2015,0,0.0,0.0,0,0.0,0.0,0.0,0.0,0.0
2015-09-25,Technology,0.0,0.0,0.0,4,Friday,9,3,2015,0,0.0,0.0,0,0.0,0.0,0.0,0.0,0.0
2015-09-26,Technology,0.0,0.0,0.0,5,Saturday,9,3,2015,1,0.0,0.0,0,0.0,0.0,0.0,0.0,0.0
2015-09-27,Technology,0.0,0.0,0.0,6,Sunday,9,3,2015,1,0.0,0.0,0,0.0,0.0,0.0,0.0,0.0
2015-09-28,Technology,0.0,0.0,0.0,0,Monday,9,3,2015,0,0.0,0.0,0,0.0,0.0,0.0,0.0,0.0
2015-09-29,Technology,0.0,0.0,0.0,1,Tuesday,9,3,2015,0,0.0,0.0,0,0.0,0.0,0.0,0.0,0.0
2015-09-30,Technology,0.0,0.0,0.0,2,Wednesday,9,3,2015,0,0.0,0.0,0,0.0,0.0,0.0,0.0,0.0
2015-10-01,Technology,0.0,0.0,0.0,3,Thursday,10,4,2015,0,0.0,0.0,0,0.0,0.0,0.0,0.0,0.0
2015-10-02,Technology,0.0,0.0,0.0,4,Friday,10,4,2015,0,0.0,0.0,0,0.0,0.0,0.0,0.0,0.0
2015-10-03,Technology,0.0,0.0,0.0,5,Saturday,10,4,2015,1,0.0,0.0,0,0.0,0.0,0.0,0.0,0.0
2015-10-04,Technology,0.0,0.0,0.0,6,Sunday,10,4,2015,1,0.0,0.0,0,0.0,0.0,0.0,0.0,0.0
2015-10-05,Technology,1475.6,0.0,0.0,0,Monday,10,4,2015,0,1475.6,0.0,1,0.0,0.0,0.0,0.0,0.0
2015-10-06,Technology,0.0,0.0,0.0,1,Tuesday,10,4,2015,0,0.0,0.0,0,0.0,0.0,0.0,0.0,0.0
2015-10-07,Technology,0.0,0.0,0.0,2,Wednesday,10,4,2015,0,0.0,0.0,0,0.0,0.0,0.0,0.0,0.0
2015-10-08,Technology,0.0,0.0,0.0,3,Thursday,10,4,2015,0,0.0,0.0,0,0.0,0.0,0.0,0.0,0.0
2015-10-09,Technology,0.0,0.0,0.0,4,Friday,10,4,2015,0,0.0,0.0,0,0.0,0.0,0.0,0.0,0.0
2015-10-10,Technology,1577.8899999999999,0.0,0.0,5,Saturday,10,4,2015,1,1577.8899999999999,0.0,1,0.0,0.0,0.0,0.0,0.0
2015-10-11,Technology,612.526,0.0,0.0,6,Sunday,10,4,2015,1,612.526,0.0,1,0.0,0.0,0.0,0.0,0.0
2015-10-12,Technology,0.0,0.0,0.0,0,Monday,10,4,2015,0,0.0,0.0,0,0.0,0.0,0.0,0.0,0.0
2015-10-13,Technology,0.0,0.0,0.0,1,Tuesday,10,4,2015,0,0.0,0.0,0,0.0,0.0,0.0,0.0,0.0
2015-10-14,Technology,0.0,0.0,0.0,2,Wednesday,10,4,2015,0,0.0,0.0,0,0.0,0.0,0.0,0.0,0.0
2015-10-15,Technology,0.0,0.0,0.0,3,Thursday,10,4,2015,0,0.0,0.0,0,0.0,0.0,0.0,0.0,0.0
2015-10-16,Technology,0.0,0.0,0.0,4,Friday,10,4,2015,0,0.0,0.0,0,0.0,0.0,0.0,0.0,0.0
2015-10-17,Technology,0.0,0.0,0.0,5,Saturday,10,4,2015,1,0.0,0.0,0,0.0,0.0,0.0,0.0,0.0
2015-10-18,Technology,0.0,0.0,0.0,6,Sunday,10,4,2015,1,0.0,0.0,0,0.0,0.0,0.0,0.0,0.0
2015-10-19,Technology,0.0,0.0,0.0,0,Monday,10,4,2015,0,0.0,0.0,0,0.0,0.0,0.0,0.0,0.0
2015-10-20,Technology,0.0,0.0,0.0,1,Tuesday,10,4,2015,0,0.0,0.0,0,0.0,0.0,0.0,0.0,0.0
2015-10-21,Technology,0.0,0.0,0.0,2,Wednesday,10,4,2015,0,0.0,0.0,0,0.0,0.0,0.0,0.0,0.0
2015-10-22,Technology,0.0,0.0,0.0,3,Thursday,10,4,2015,0,0.0,0.0,0,0.0,0.0,0.0,0.0,0.0
2015-10-23,Technology,0.0,0.0,0.0,4,Friday,10,4,2015,0,0.0,0.0,0,0.0,0.0,0.0,0.0,0.0
2015-10-24,Technology,0.0,0.0,0.0,5,Saturday,10,4,2015,1,0.0,0.0,0,0.0,0.0,0.0,0.0,0.0
2015-10-25,Technology,0.0,0.0,0.0,6,Sunday,10,4,2015,1,0.0,0.0,0,0.0,0.0,0.0,0.0,0.0
2015-10-26,Technology,0.0,0.0,0.0,0,Monday,10,4,2015,0,0.0,0.0,0,0.0,0.0,0.0,0.0,0.0
2015-10-27,Technology,0.0,0.0,0.0,1,Tuesday,10,4,2015,0,0.0,0.0,0,0.0,0.0,0.0,0.0,0.0
2015-10-28,Technology,0.0,0.0,0.0,2,Wednesday,10,4,2015,0,0.0,0.0,0,0.0,0.0,0.0,0.0,0.0
2015-10-29,Technology,0.0,0.0,0.0,3,Thursday,10,4,2015,0,0.0,0.0,0,0.0,0.0,0.0,0.0,0.0
2015-10-30,Technology,0.0,0.0,0.0,4,Friday,10,4,2015,0,0.0,0.0,0,0.0,0.0,0.0,0.0,0.0
2015-10-31,Technology,0.0,0.0,0.0,5,Saturday,10,4,2015,1,0.0,0.0,0,0.0,0.0,0.0,0.0,0.0
2015-11-01,Technology,0.0,0.0,0.0,6,Sunday,11,4,2015,1,0.0,0.0,0,0.0,0.0,0.0,0.0,0.0
2015-11-02,Technology,234.45,0.0,0.0,0,Monday,11,4,2015,0,234.45,0.0,1,0.0,0.0,0.0,0.0,0.0
2015-11-03,Technology,620.9300000000001,0.0,0.0,1,Tuesday,11,4,2015,0,620.9300000000001,0.0,1,0.0,0.0,0.0,0.0,0.0
2015-11-04,Technology,1801.2959999999998,0.0,0.0,2,Wednesday,11,4,2015,0,1801.2959999999998,0.0,1,0.0,0.0,0.0,0.0,0.0
2015-11-05,Technology,205.768,0.0,0.0,3,Thursday,11,4,2015,0,205.768,0.0,1,0.0,0.0,0.0,0.0,0.0
2015-11-06,Technology,0.0,0.0,0.0,4,Friday,11,4,2015,0,0.0,0.0,0,0.0,0.0,0.0,0.0,0.0
2015-11-07,Technology,773.938,0.0,0.0,5,Saturday,11,4,2015,1,773.938,0.0,1,0.0,0.0,0.0,0.0,0.0
2015-11-08,Technology,0.0,0.0,0.0,6,Sunday,11,4,2015,1,0.0,0.0,0,0.0,0.0,0.0,0.0,0.0
2015-11-09,Technology,0.0,0.0,0.0,0,Monday,11,4,2015,0,0.0,0.0,0,0.0,0.0,0.0,0.0,0.0
2015-11-10,Technology,345.0,0.0,0.0,1,Tuesday,11,4,2015,0,345.0,0.0,1,0.0,0.0,0.0,0.0,0.0
2015-11-11,Technology,1627.6979999999999,0.0,0.0,2,Wednesday,11,4,2015,0,1627.6979999999999,0.0,1,0.0,0.0,0.0,0.0,0.0
2015-11-12,Technology,0.0,0.0,0.0,3,Thursday,11,4,2015,0,0.0,0.0,0,0.0,0.0,0.0,0.0,0.0
2015-11-13,Technology,0.0,0.0,0.0,4,Friday,11,4,2015,0,0.0,0.0,0,0.0,0.0,0.0,0.0,0.0
2015-11-14,Technology,0.0,0.0,0.0,5,Saturday,11,4,2015,1,0.0,0.0,0,0.0,0.0,0.0,0.0,0.0
2015-11-15,Technology,0.0,0.0,0.0,6,Sunday,11,4,2015,1,0.0,0.0,0,0.0,0.0,0.0,0.0,0.0
2015-11-16,Technology,0.0,0.0,0.0,0,Monday,11,4,2015,0,0.0,0.0,0,0.0,0.0,0.0,0.0,0.0
2015-11-17,Technology,0.0,0.0,0.0,1,Tuesday,11,4,2015,0,0.0,0.0,0,0.0,0.0,0.0,0.0,0.0
2015-11-18,Technology,0.0,0.0,0.0,2,Wednesday,11,4,2015,0,0.0,0.0,0,0.0,0.0,0.0,0.0,0.0
2015-11-19,Technology,0.0,0.0,0.0,3,Thursday,11,4,2015,0,0.0,0.0,0,0.0,0.0,0.0,0.0,0.0
2015-11-20,Technology,0.0,0.0,0.0,4,Friday,11,4,2015,0,0.0,0.0,0,0.0,0.0,0.0,0.0,0.0
2015-11-21,Technology,0.0,0.0,0.0,5,Saturday,11,4,2015,1,0.0,0.0,0,0.0,0.0,0.0,0.0,0.0
2015-11-22,Technology,0.0,0.0,0.0,6,Sunday,11,4,2015,1,0.0,0.0,0,0.0,0.0,0.0,0.0,0.0
2015-11-23,Technology,0.0,0.0,0.0,0,Monday,11,4,2015,0,0.0,0.0,0,0.0,0.0,0.0,0.0,0.0
2015-11-24,Technology,0.0,0.0,0.0,1,Tuesday,11,4,2015,0,0.0,0.0,0,0.0,0.0,0.0,0.0,0.0
2015-11-25,Technology,0.0,0.0,0.0,2,Wednesday,11,4,2015,0,0.0,0.0,0,0.0,0.0,0.0,0.0,0.0
2015-11-26,Technology,0.0,0.0,0.0,3,Thursday,11,4,2015,0,0.0,0.0,0,0.0,0.0,0.0,0.0,0.0
2015-11-27,Technology,0.0,0.0,0.0,4,Friday,11,4,2015,0,0.0,0.0,0,0.0,0.0,0.0,0.0,0.0
2015-11-28,Technology,0.0,0.0,0.0,5,Saturday,11,4,2015,1,0.0,0.0,0,0.0,0.0,0.0,0.0,0.0
2015-11-29,Technology,0.0,0.0,0.0,6,Sunday,11,4,2015,1,0.0,0.0,0,0.0,0.0,0.0,0.0,0.0
2015-11-30,Technology,0.0,0.0,0.0,0,Monday,11,4,2015,0,0.0,0.0,0,0.0,0.0,0.0,0.0,0.0
2015-12-01,Technology,0.0,0.0,0.0,1,Tuesday,12,4,2015,0,0.0,0.0,0,0.0,0.0,0.0,0.0,0.0
2015-12-02,Technology,0.0,0.0,0.0,2,Wednesday,12,4,2015,0,0.0,0.0,0,0.0,0.0,0.0,0.0,0.0
2015-12-03,Technology,0.0,0.0,0.0,3,Thursday,12,4,2015,0,0.0,0.0,0,0.0,0.0,0.0,0.0,0.0
2015-12-04,Technology,1513.456,0.0,0.0,4,Friday,12,4,2015,0,1513.456,0.0,1,0.0,0.0,0.0,0.0,0.0
2015-12-05,Technology,0.0,0.0,0.0,5,Saturday,12,4,2015,1,0.0,0.0,0,0.0,0.0,0.0,0.0,0.0
2015-12-06,Technology,0.0,0.0,0.0,6,Sunday,12,4,2015,1,0.0,0.0,0,0.0,0.0,0.0,0.0,0.0
2015-12-07,Technology,279.776,0.0,0.0,0,Monday,12,4,2015,0,279.776,0.0,1,0.0,0.0,0.0,0.0,0.0
2015-12-08,Technology,965.264,0.0,0.0,1,Tuesday,12,4,2015,0,965.264,0.0,1,0.0,0.0,0.0,0.0,0.0
2015-12-09,Technology,142.606,1.0,0.0,2,Wednesday,12,4,2015,0,142.606,0.0,1,0.0,0.0,0.0,0.0,0.0
2015-12-10,Technology,0.0,0.0,0.0,3,Thursday,12,4,2015,0,0.0,0.0,0,0.0,0.0,0.0,0.0,0.0
2015-12-11,Technology,79.512,0.0,0.0,4,Friday,12,4,2015,0,79.512,0.0,1,0.0,0.0,0.0,0.0,0.0
2015-12-12,Technology,0.0,0.0,0.0,5,Saturday,12,4,2015,1,0.0,0.0,0,0.0,0.0,0.0,0.0,0.0
2015-12-13,Technology,0.0,0.0,0.0,6,Sunday,12,4,2015,1,0.0,0.0,0,0.0,0.0,0.0,0.0,0.0
2015-12-14,Technology,0.0,0.0,0.0,0,Monday,12,4,2015,0,0.0,0.0,0,0.0,0.0,0.0,0.0,0.0
2015-12-15,Technology,0.0,0.0,0.0,1,Tuesday,12,4,2015,0,0.0,0.0,0,0.0,0.0,0.0,0.0,0.0
2015-12-16,Technology,0.0,0.0,0.0,2,Wednesday,12,4,2015,0,0.0,0.0,0,0.0,0.0,0.0,0.0,0.0
2015-12-17,Technology,0.0,0.0,0.0,3,Thursday,12,4,2015,0,0.0,0.0,0,0.0,0.0,0.0,0.0,0.0
2015-12-18,Technology,0.0,0.0,0.0,4,Friday,12,4,2015,0,0.0,0.0,0,0.0,0.0,0.0,0.0,0.0
2015-12-19,Technology,0.0,0.0,0.0,5,Saturday,12,4,2015,1,0.0,0.0,0,0.0,0.0,0.0,0.0,0.0
2015-12-20,Technology,0.0,0.0,0.0,6,Sunday,12,4,2015,1,0.0,0.0,0,0.0,0.0,0.0,0.0,0.0
2015-12-21,Technology,0.0,0.0,0.0,0,Monday,12,4,2015,0,0.0,0.0,0,0.0,0.0,0.0,0.0,0.0
2015-12-22,Technology,0.0,0.0,0.0,1,Tuesday,12,4,2015,0,0.0,0.0,0,0.0,0.0,0.0,0.0,0.0
2015-12-23,Technology,0.0,0.0,0.0,2,Wednesday,12,4,2015,0,0.0,0.0,0,0.0,0.0,0.0,0.0,0.0
2015-12-24,Technology,0.0,0.0,0.0,3,Thursday,12,4,2015,0,0.0,0.0,0,0.0,0.0,0.0,0.0,0.0
2015-12-25,Technology,0.0,0.0,0.0,4,Friday,12,4,2015,0,0.0,0.0,0,0.0,0.0,0.0,0.0,0.0
2015-12-26,Technology,0.0,0.0,0.0,5,Saturday,12,4,2015,1,0.0,0.0,0,0.0,0.0,0.0,0.0,0.0
2015-12-27,Technology,0.0,0.0,0.0,6,Sunday,12,4,2015,1,0.0,0.0,0,0.0,0.0,0.0,0.0,0.0
2015-12-28,Technology,0.0,0.0,0.0,0,Monday,12,4,2015,0,0.0,0.0,0,0.0,0.0,0.0,0.0,0.0
2015-12-29,Technology,0.0,0.0,0.0,1,Tuesday,12,4,2015,0,0.0,0.0,0,0.0,0.0,0.0,0.0,0.0
2015-12-30,Technology,0.0,0.0,0.0,2,Wednesday,12,4,2015,0,0.0,0.0,0,0.0,0.0,0.0,0.0,0.0
2015-12-31,Technology,0.0,0.0,0.0,3,Thursday,12,4,2015,0,0.0,0.0,0,0.0,0.0,0.0,0.0,0.0
2016-01-01,Technology,0.0,0.0,0.0,4,Friday,1,1,2016,0,0.0,0.0,0,0.0,0.0,0.0,0.0,0.0
2016-01-02,Technology,0.0,0.0,0.0,5,Saturday,1,1,2016,1,0.0,0.0,0,0.0,0.0,0.0,0.0,0.0
2016-01-03,Technology,111.824,0.0,0.0,6,Sunday,1,1,2016,1,111.824,0.0,1,0.0,0.0,0.0,0.0,0.0
2016-01-04,Technology,0.0,0.0,0.0,0,Monday,1,1,2016,0,0.0,0.0,0,0.0,0.0,0.0,0.0,0.0
2016-01-05,Technology,88.752,0.0,0.0,1,Tuesday,1,1,2016,0,88.752,0.0,1,0.0,0.0,0.0,0.0,0.0
2016-01-06,Technology,341.88,0.0,0.0,2,Wednesday,1,1,2016,0,341.88,0.0,1,0.0,0.0,0.0,0.0,0.0
2016-01-07,Technology,0.0,0.0,0.0,3,Thursday,1,1,2016,0,0.0,0.0,0,0.0,0.0,0.0,0.0,0.0
2016-01-08,Technology,0.0,0.0,0.0,4,Friday,1,1,2016,0,0.0,0.0,0,0.0,0.0,0.0,0.0,0.0
2016-01-09,Technology,959.984,0.0,0.0,5,Saturday,1,1,2016,1,959.984,0.0,1,0.0,0.0,0.0,0.0,0.0
2016-01-10,Technology,993.548,0.0,0.0,6,Sunday,1,1,2016,1,993.548,0.0,1,0.0,0.0,0.0,0.0,0.0
2016-01-11,Technology,1987.15,0.0,0.0,0,Monday,1,1,2016,0,1987.15,0.0,1,0.0,0.0,0.0,0.0,0.0
2016-01-12,Technology,0.0,0.0,0.0,1,Tuesday,1,1,2016,0,0.0,0.0,0,0.0,0.0,0.0,0.0,0.0
2016-01-13,Technology,0.0,0.0,0.0,2,Wednesday,1,1,2016,0,0.0,0.0,0,0.0,0.0,0.0,0.0,0.0
2016-01-14,Technology,0.0,0.0,0.0,3,Thursday,1,1,2016,0,0.0,0.0,0,0.0,0.0,0.0,0.0,0.0
2016-01-15,Technology,0.0,0.0,0.0,4,Friday,1,1,2016,0,0.0,0.0,0,0.0,0.0,0.0,0.0,0.0
2016-01-16,Technology,0.0,0.0,0.0,5,Saturday,1,1,2016,1,0.0,0.0,0,0.0,0.0,0.0,0.0,0.0
2016-01-17,Technology,0.0,0.0,0.0,6,Sunday,1,1,2016,1,0.0,0.0,0,0.0,0.0,0.0,0.0,0.0
2016-01-18,Technology,0.0,0.0,0.0,0,Monday,1,1,2016,0,0.0,0.0,0,0.0,0.0,0.0,0.0,0.0
2016-01-19,Technology,0.0,0.0,0.0,1,Tuesday,1,1,2016,0,0.0,0.0,0,0.0,0.0,0.0,0.0,0.0
2016-01-20,Technology,0.0,0.0,0.0,2,Wednesday,1,1,2016,0,0.0,0.0,0,0.0,0.0,0.0,0.0,0.0
2016-01-21,Technology,0.0,0.0,0.0,3,Thursday,1,1,2016,0,0.0,0.0,0,0.0,0.0,0.0,0.0,0.0
2016-01-22,Technology,0.0,0.0,0.0,4,Friday,1,1,2016,0,0.0,0.0,0,0.0,0.0,0.0,0.0,0.0
2016-01-23,Technology,0.0,0.0,0.0,5,Saturday,1,1,2016,1,0.0,0.0,0,0.0,0.0,0.0,0.0,0.0
2016-01-24,Technology,0.0,0.0,0.0,6,Sunday,1,1,2016,1,0.0,0.0,0,0.0,0.0,0.0,0.0,0.0
2016-01-25,Technology,0.0,0.0,0.0,0,Monday,1,1,2016,0,0.0,0.0,0,0.0,0.0,0.0,0.0,0.0
2016-01-26,Technology,0.0,0.0,0.0,1,Tuesday,1,1,2016,0,0.0,0.0,0,0.0,0.0,0.0,0.0,0.0
2016-01-27,Technology,0.0,0.0,0.0,2,Wednesday,1,1,2016,0,0.0,0.0,0,0.0,0.0,0.0,0.0,0.0
2016-01-28,Technology,0.0,0.0,0.0,3,Thursday,1,1,2016,0,0.0,0.0,0,0.0,0.0,0.0,0.0,0.0
2016-01-29,Technology,0.0,0.0,0.0,4,Friday,1,1,2016,0,0.0,0.0,0,0.0,0.0,0.0,0.0,0.0
2016-01-30,Technology,0.0,0.0,0.0,5,Saturday,1,1,2016,1,0.0,0.0,0,0.0,0.0,0.0,0.0,0.0
2016-01-31,Technology,0.0,0.0,0.0,6,Sunday,1,1,2016,1,0.0,0.0,0,0.0,0.0,0.0,0.0,0.0
2016-02-01,Technology,1340.566,0.0,0.0,0,Monday,2,1,2016,0,1340.566,0.0,1,0.0,0.0,0.0,0.0,0.0
2016-02-02,Technology,0.0,0.0,0.0,1,Tuesday,2,1,2016,0,0.0,0.0,0,0.0,0.0,0.0,0.0,0.0
2016-02-03,Technology,0.0,0.0,0.0,2,Wednesday,2,1,2016,0,0.0,0.0,0,0.0,0.0,0.0,0.0,0.0
2016-02-04,Technology,257.872,0.0,0.0,3,Thursday,2,1,2016,0,257.872,0.0,1,0.0,0.0,0.0,0.0,0.0
2016-02-05,Technology,158.376,0.0,0.0,4,Friday,2,1,2016,0,158.376,0.0,1,0.0,0.0,0.0,0.0,0.0
2016-02-06,Technology,0.0,0.0,0.0,5,Saturday,2,1,2016,1,0.0,0.0,0,0.0,0.0,0.0,0.0,0.0
2016-02-07,Technology,74.24,0.0,0.0,6,Sunday,2,1,2016,1,74.24,0.0,1,0.0,0.0,0.0,0.0,0.0
2016-02-08,Technology,887.23,1.0,0.0,0,Monday,2,1,2016,0,887.23,0.0,1,0.0,0.0,0.0,0.0,0.0
2016-02-09,Technology,0.0,0.0,0.0,1,Tuesday,2,1,2016,0,0.0,0.0,0,0.0,0.0,0.0,0.0,0.0
2016-02-10,Technology,647.0,0.0,0.0,2,Wednesday,2,1,2016,0,647.0,0.0,1,0.0,0.0,0.0,0.0,0.0
2016-02-11,Technology,792.634,0.0,0.0,3,Thursday,2,1,2016,0,792.634,0.0,1,0.0,0.0,0.0,0.0,0.0
2016-02-12,Technology,0.0,0.0,0.0,4,Friday,2,1,2016,0,0.0,0.0,0,0.0,0.0,0.0,0.0,0.0
2016-02-13,Technology,0.0,0.0,0.0,5,Saturday,2,1,2016,1,0.0,0.0,0,0.0,0.0,0.0,0.0,0.0
2016-02-14,Technology,0.0,0.0,0.0,6,Sunday,2,1,2016,1,0.0,0.0,0,0.0,0.0,0.0,0.0,0.0
2016-02-15,Technology,0.0,0.0,0.0,0,Monday,2,1,2016,0,0.0,0.0,0,0.0,0.0,0.0,0.0,0.0
2016-02-16,Technology,0.0,0.0,0.0,1,Tuesday,2,1,2016,0,0.0,0.0,0,0.0,0.0,0.0,0.0,0.0
2016-02-17,Technology,0.0,0.0,0.0,2,Wednesday,2,1,2016,0,0.0,0.0,0,0.0,0.0,0.0,0.0,0.0
2016-02-18,Technology,0.0,0.0,0.0,3,Thursday,2,1,2016,0,0.0,0.0,0,0.0,0.0,0.0,0.0,0.0
2016-02-19,Technology,0.0,0.0,0.0,4,Friday,2,1,2016,0,0.0,0.0,0,0.0,0.0,0.0,0.0,0.0
2016-02-20,Technology,0.0,0.0,0.0,5,Saturday,2,1,2016,1,0.0,0.0,0,0.0,0.0,0.0,0.0,0.0
2016-02-21,Technology,0.0,0.0,0.0,6,Sunday,2,1,2016,1,0.0,0.0,0,0.0,0.0,0.0,0.0,0.0
2016-02-22,Technology,0.0,0.0,0.0,0,Monday,2,1,2016,0,0.0,0.0,0,0.0,0.0,0.0,0.0,0.0
2016-02-23,Technology,0.0,0.0,0.0,1,Tuesday,2,1,2016,0,0.0,0.0,0,0.0,0.0,0.0,0.0,0.0
2016-02-24,Technology,0.0,0.0,0.0,2,Wednesday,2,1,2016,0,0.0,0.0,0,0.0,0.0,0.0,0.0,0.0
2016-02-25,Technology,0.0,0.0,0.0,3,Thursday,2,1,2016,0,0.0,0.0,0,0.0,0.0,0.0,0.0,0.0
2016-02-26,Technology,0.0,0.0,0.0,4,Friday,2,1,2016,0,0.0,0.0,0,0.0,0.0,0.0,0.0,0.0
2016-02-27,Technology,0.0,0.0,0.0,5,Saturday,2,1,2016,1,0.0,0.0,0,0.0,0.0,0.0,0.0,0.0
2016-02-28,Technology,0.0,0.0,0.0,6,Sunday,2,1,2016,1,0.0,0.0,0,0.0,0.0,0.0,0.0,0.0
2016-02-29,Technology,0.0,0.0,0.0,0,Monday,2,1,2016,0,0.0,0.0,0,0.0,0.0,0.0,0.0,0.0
2016-03-01,Technology,398.4,0.0,0.0,1,Tuesday,3,1,2016,0,398.4,0.0,1,0.0,0.0,0.0,0.0,0.0
2016-03-02,Technology,149.97,0.0,0.0,2,Wednesday,3,1,2016,0,149.97,0.0,1,0.0,0.0,0.0,0.0,0.0
2016-03-03,Technology,0.0,0.0,0.0,3,Thursday,3,1,2016,0,0.0,0.0,0,0.0,0.0,0.0,0.0,0.0
2016-03-04,Technology,0.0,0.0,0.0,4,Friday,3,1,2016,0,0.0,0.0,0,0.0,0.0,0.0,0.0,0.0
2016-03-05,Technology,367.512,0.0,0.0,5,Saturday,3,1,2016,1,367.512,0.0,1,0.0,0.0,0.0,0.0,0.0
2016-03-06,Technology,0.0,0.0,0.0,6,Sunday,3,1,2016,1,0.0,0.0,0,0.0,0.0,0.0,0.0,0.0
2016-03-07,Technology,0.0,0.0,0.0,0,Monday,3,1,2016,0,0.0,0.0,0,0.0,0.0,0.0,0.0,0.0
2016-03-08,Technology,0.0,0.0,0.0,1,Tuesday,3,1,2016,0,0.0,0.0,0,0.0,0.0,0.0,0.0,0.0
2016-03-09,Technology,247.83999999999997,1.0,0.0,2,Wednesday,3,1,2016,0,247.83999999999997,0.0,1,0.0,0.0,0.0,0.0,0.0
2016-03-10,Technology,71.98400000000001,0.0,0.0,3,Thursday,3,1,2016,0,71.98400000000001,0.0,1,0.0,0.0,0.0,0.0,0.0
2016-03-11,Technology,1302.818,0.0,0.0,4,Friday,3,1,2016,0,1302.818,0.0,1,0.0,0.0,0.0,0.0,0.0
2016-03-12,Technology,624.708,0.0,0.0,5,Saturday,3,1,2016,1,624.708,0.0,1,0.0,0.0,0.0,0.0,0.0
2016-03-13,Technology,0.0,0.0,0.0,6,Sunday,3,1,2016,1,0.0,0.0,0,0.0,0.0,0.0,0.0,0.0
2016-03-14,Technology,0.0,0.0,0.0,0,Monday,3,1,2016,0,0.0,0.0,0,0.0,0.0,0.0,0.0,0.0
2016-03-15,Technology,0.0,0.0,0.0,1,Tuesday,3,1,2016,0,0.0,0.0,0,0.0,0.0,0.0,0.0,0.0
2016-03-16,Technology,0.0,0.0,0.0,2,Wednesday,3,1,2016,0,0.0,0.0,0,0.0,0.0,0.0,0.0,0.0
2016-03-17,Technology,0.0,0.0,0.0,3,Thursday,3,1,2016,0,0.0,0.0,0,0.0,0.0,0.0,0.0,0.0
2016-03-18,Technology,0.0,0.0,0.0,4,Friday,3,1,2016,0,0.0,0.0,0,0.0,0.0,0.0,0.0,0.0
2016-03-19,Technology,0.0,0.0,0.0,5,Saturday,3,1,2016,1,0.0,0.0,0,0.0,0.0,0.0,0.0,0.0
2016-03-20,Technology,0.0,0.0,0.0,6,Sunday,3,1,2016,1,0.0,0.0,0,0.0,0.0,0.0,0.0,0.0
2016-03-21,Technology,0.0,0.0,0.0,0,Monday,3,1,2016,0,0.0,0.0,0,0.0,0.0,0.0,0.0,0.0
2016-03-22,Technology,0.0,0.0,0.0,1,Tuesday,3,1,2016,0,0.0,0.0,0,0.0,0.0,0.0,0.0,0.0
2016-03-23,Technology,0.0,0.0,0.0,2,Wednesday,3,1,2016,0,0.0,0.0,0,0.0,0.0,0.0,0.0,0.0
2016-03-24,Technology,0.0,0.0,0.0,3,Thursday,3,1,2016,0,0.0,0.0,0,0.0,0.0,0.0,0.0,0.0
2016-03-25,Technology,0.0,0.0,0.0,4,Friday,3,1,2016,0,0.0,0.0,0,0.0,0.0,0.0,0.0,0.0
2016-03-26,Technology,0.0,0.0,0.0,5,Saturday,3,1,2016,1,0.0,0.0,0,0.0,0.0,0.0,0.0,0.0
2016-03-27,Technology,0.0,0.0,0.0,6,Sunday,3,1,2016,1,0.0,0.0,0,0.0,0.0,0.0,0.0,0.0
2016-03-28,Technology,0.0,0.0,0.0,0,Monday,3,1,2016,0,0.0,0.0,0,0.0,0.0,0.0,0.0,0.0
2016-03-29,Technology,0.0,0.0,0.0,1,Tuesday,3,1,2016,0,0.0,0.0,0,0.0,0.0,0.0,0.0,0.0
2016-03-30,Technology,0.0,0.0,0.0,2,Wednesday,3,1,2016,0,0.0,0.0,0,0.0,0.0,0.0,0.0,0.0
2016-03-31,Technology,0.0,0.0,0.0,3,Thursday,3,1,2016,0,0.0,0.0,0,0.0,0.0,0.0,0.0,0.0
2016-04-01,Technology,0.0,0.0,0.0,4,Friday,4,2,2016,0,0.0,0.0,0,0.0,0.0,0.0,0.0,0.0
2016-04-02,Technology,0.0,0.0,0.0,5,Saturday,4,2,2016,1,0.0,0.0,0,0.0,0.0,0.0,0.0,0.0
2016-04-03,Technology,0.0,0.0,0.0,6,Sunday,4,2,2016,1,0.0,0.0,0,0.0,0.0,0.0,0.0,0.0
2016-04-04,Technology,610.9300000000001,0.0,0.0,0,Monday,4,2,2016,0,610.9300000000001,0.0,1,0.0,0.0,0.0,0.0,0.0
2016-04-05,Technology,946.344,0.0,0.0,1,Tuesday,4,2,2016,0,946.344,0.0,1,0.0,0.0,0.0,0.0,0.0
2016-04-06,Technology,1109.95,0.0,0.0,2,Wednesday,4,2,2016,0,1109.95,0.0,1,0.0,0.0,0.0,0.0,0.0
2016-04-07,Technology,1099.96,0.0,0.0,3,Thursday,4,2,2016,0,1099.96,0.0,1,0.0,0.0,0.0,0.0,0.0
2016-04-08,Technology,0.0,0.0,0.0,4,Friday,4,2,2016,0,0.0,0.0,0,0.0,0.0,0.0,0.0,0.0
2016-04-09,Technology,754.326,0.0,0.0,5,Saturday,4,2,2016,1,754.326,0.0,1,0.0,0.0,0.0,0.0,0.0
2016-04-10,Technology,0.0,0.0,0.0,6,Sunday,4,2,2016,1,0.0,0.0,0,0.0,0.0,0.0,0.0,0.0
2016-04-11,Technology,0.0,0.0,0.0,0,Monday,4,2,2016,0,0.0,0.0,0,0.0,0.0,0.0,0.0,0.0
2016-04-12,Technology,1950.0620000000001,0.0,0.0,1,Tuesday,4,2,2016,0,1950.0620000000001,0.0,1,0.0,0.0,0.0,0.0,0.0
2016-04-13,Technology,0.0,0.0,0.0,2,Wednesday,4,2,2016,0,0.0,0.0,0,0.0,0.0,0.0,0.0,0.0
2016-04-14,Technology,0.0,0.0,0.0,3,Thursday,4,2,2016,0,0.0,0.0,0,0.0,0.0,0.0,0.0,0.0
2016-04-15,Technology,0.0,0.0,0.0,4,Friday,4,2,2016,0,0.0,0.0,0,0.0,0.0,0.0,0.0,0.0
2016-04-16,Technology,0.0,0.0,0.0,5,Saturday,4,2,2016,1,0.0,0.0,0,0.0,0.0,0.0,0.0,0.0
2016-04-17,Technology,0.0,0.0,0.0,6,Sunday,4,2,2016,1,0.0,0.0,0,0.0,0.0,0.0,0.0,0.0
2016-04-18,Technology,0.0,0.0,0.0,0,Monday,4,2,2016,0,0.0,0.0,0,0.0,0.0,0.0,0.0,0.0
2016-04-19,Technology,0.0,0.0,0.0,1,Tuesday,4,2,2016,0,0.0,0.0,0,0.0,0.0,0.0,0.0,0.0
2016-04-20,Technology,0.0,0.0,0.0,2,Wednesday,4,2,2016,0,0.0,0.0,0,0.0,0.0,0.0,0.0,0.0
2016-04-21,Technology,0.0,0.0,0.0,3,Thursday,4,2,2016,0,0.0,0.0,0,0.0,0.0,0.0,0.0,0.0
2016-04-22,Technology,0.0,0.0,0.0,4,Friday,4,2,2016,0,0.0,0.0,0,0.0,0.0,0.0,0.0,0.0
2016-04-23,Technology,0.0,0.0,0.0,5,Saturday,4,2,2016,1,0.0,0.0,0,0.0,0.0,0.0,0.0,0.0
2016-04-24,Technology,0.0,0.0,0.0,6,Sunday,4,2,2016,1,0.0,0.0,0,0.0,0.0,0.0,0.0,0.0
2016-04-25,Technology,0.0,0.0,0.0,0,Monday,4,2,2016,0,0.0,0.0,0,0.0,0.0,0.0,0.0,0.0
2016-04-26,Technology,0.0,0.0,0.0,1,Tuesday,4,2,2016,0,0.0,0.0,0,0.0,0.0,0.0,0.0,0.0
2016-04-27,Technology,0.0,0.0,0.0,2,Wednesday,4,2,2016,0,0.0,0.0,0,0.0,0.0,0.0,0.0,0.0
2016-04-28,Technology,0.0,0.0,0.0,3,Thursday,4,2,2016,0,0.0,0.0,0,0.0,0.0,0.0,0.0,0.0
2016-04-29,Technology,0.0,0.0,0.0,4,Friday,4,2,2016,0,0.0,0.0,0,0.0,0.0,0.0,0.0,0.0
2016-04-30,Technology,0.0,0.0,0.0,5,Saturday,4,2,2016,1,0.0,0.0,0,0.0,0.0,0.0,0.0,0.0
2016-05-01,Technology,0.0,0.0,0.0,6,Sunday,5,2,2016,1,0.0,0.0,0,0.0,0.0,0.0,0.0,0.0
2016-05-02,Technology,0.0,0.0,0.0,0,Monday,5,2,2016,0,0.0,0.0,0,0.0,0.0,0.0,0.0,0.0
2016-05-03,Technology,532.3100000000001,0.0,0.0,1,Tuesday,5,2,2016,0,532.3100000000001,0.0,1,0.0,0.0,0.0,0.0,0.0
2016-05-04,Technology,296.778,0.0,0.0,2,Wednesday,5,2,2016,0,296.778,0.0,1,0.0,0.0,0.0,0.0,0.0
2016-05-05,Technology,0.0,0.0,0.0,3,Thursday,5,2,2016,0,0.0,0.0,0,0.0,0.0,0.0,0.0,0.0
2016-05-06,Technology,0.0,0.0,0.0,4,Friday,5,2,2016,0,0.0,0.0,0,0.0,0.0,0.0,0.0,0.0
2016-05-07,Technology,34.8,0.0,0.0,5,Saturday,5,2,2016,1,34.8,0.0,1,0.0,0.0,0.0,0.0,0.0
2016-05-08,Technology,0.0,0.0,0.0,6,Sunday,5,2,2016,1,0.0,0.0,0,0.0,0.0,0.0,0.0,0.0
2016-05-09,Technology,0.0,0.0,0.0,0,Monday,5,2,2016,0,0.0,0.0,0,0.0,0.0,0.0,0.0,0.0
2016-05-10,Technology,341.04,0.0,0.0,1,Tuesday,5,2,2016,0,341.04,0.0,1,0.0,0.0,0.0,0.0,0.0
2016-05-11,Technology,0.0,0.0,0.0,2,Wednesday,5,2,2016,0,0.0,0.0,0,0.0,0.0,0.0,0.0,0.0
2016-05-12,Technology,86.98400000000001,0.0,0.0,3,Thursday,5,2,2016,0,86.98400000000001,0.0,1,0.0,0.0,0.0,0.0,0.0
2016-05-13,Technology,0.0,0.0,0.0,4,Friday,5,2,2016,0,0.0,0.0,0,0.0,0.0,0.0,0.0,0.0
2016-05-14,Technology,0.0,0.0,0.0,5,Saturday,5,2,2016,1,0.0,0.0,0,0.0,0.0,0.0,0.0,0.0
2016-05-15,Technology,0.0,0.0,0.0,6,Sunday,5,2,2016,1,0.0,0.0,0,0.0,0.0,0.0,0.0,0.0
2016-05-16,Technology,0.0,0.0,0.0,0,Monday,5,2,2016,0,0.0,0.0,0,0.0,0.0,0.0,0.0,0.0
2016-05-17,Technology,0.0,0.0,0.0,1,Tuesday,5,2,2016,0,0.0,0.0,0,0.0,0.0,0.0,0.0,0.0
2016-05-18,Technology,0.0,0.0,0.0,2,Wednesday,5,2,2016,0,0.0,0.0,0,0.0,0.0,0.0,0.0,0.0
2016-05-19,Technology,0.0,0.0,0.0,3,Thursday,5,2,2016,0,0.0,0.0,0,0.0,0.0,0.0,0.0,0.0
2016-05-20,Technology,0.0,0.0,0.0,4,Friday,5,2,2016,0,0.0,0.0,0,0.0,0.0,0.0,0.0,0.0
2016-05-21,Technology,0.0,0.0,0.0,5,Saturday,5,2,2016,1,0.0,0.0,0,0.0,0.0,0.0,0.0,0.0
2016-05-22,Technology,0.0,0.0,0.0,6,Sunday,5,2,2016,1,0.0,0.0,0,0.0,0.0,0.0,0.0,0.0
2016-05-23,Technology,0.0,0.0,0.0,0,Monday,5,2,2016,0,0.0,0.0,0,0.0,0.0,0.0,0.0,0.0
2016-05-24,Technology,0.0,0.0,0.0,1,Tuesday,5,2,2016,0,0.0,0.0,0,0.0,0.0,0.0,0.0,0.0
2016-05-25,Technology,0.0,0.0,0.0,2,Wednesday,5,2,2016,0,0.0,0.0,0,0.0,0.0,0.0,0.0,0.0
2016-05-26,Technology,0.0,0.0,0.0,3,Thursday,5,2,2016,0,0.0,0.0,0,0.0,0.0,0.0,0.0,0.0
2016-05-27,Technology,0.0,0.0,0.0,4,Friday,5,2,2016,0,0.0,0.0,0,0.0,0.0,0.0,0.0,0.0
2016-05-28,Technology,0.0,0.0,0.0,5,Saturday,5,2,2016,1,0.0,0.0,0,0.0,0.0,0.0,0.0,0.0
2016-05-29,Technology,0.0,0.0,0.0,6,Sunday,5,2,2016,1,0.0,0.0,0,0.0,0.0,0.0,0.0,0.0
2016-05-30,Technology,0.0,0.0,0.0,0,Monday,5,2,2016,0,0.0,0.0,0,0.0,0.0,0.0,0.0,0.0
2016-05-31,Technology,0.0,0.0,0.0,1,Tuesday,5,2,2016,0,0.0,0.0,0,0.0,0.0,0.0,0.0,0.0
2016-06-01,Technology,0.0,0.0,0.0,2,Wednesday,6,2,2016,0,0.0,0.0,0,0.0,0.0,0.0,0.0,0.0
2016-06-02,Technology,18.528,0.0,0.0,3,Thursday,6,2,2016,0,18.528,0.0,1,0.0,0.0,0.0,0.0,0.0
2016-06-03,Technology,1119.984,0.0,0.0,4,Friday,6,2,2016,0,1119.984,0.0,1,0.0,0.0,0.0,0.0,0.0
2016-06-04,Technology,25.488,0.0,0.0,5,Saturday,6,2,2016,1,25.488,0.0,1,0.0,0.0,0.0,0.0,0.0
2016-06-05,Technology,0.0,0.0,0.0,6,Sunday,6,2,2016,1,0.0,0.0,0,0.0,0.0,0.0,0.0,0.0
2016-06-06,Technology,0.0,0.0,0.0,0,Monday,6,2,2016,0,0.0,0.0,0,0.0,0.0,0.0,0.0,0.0
2016-06-07,Technology,124.95,0.0,0.0,1,Tuesday,6,2,2016,0,124.95,0.0,1,0.0,0.0,0.0,0.0,0.0
2016-06-08,Technology,0.0,0.0,0.0,2,Wednesday,6,2,2016,0,0.0,0.0,0,0.0,0.0,0.0,0.0,0.0
2016-06-09,Technology,384.3,0.0,0.0,3,Thursday,6,2,2016,0,384.3,0.0,1,0.0,0.0,0.0,0.0,0.0
2016-06-10,Technology,0.0,0.0,0.0,4,Friday,6,2,2016,0,0.0,0.0,0,0.0,0.0,0.0,0.0,0.0
2016-06-11,Technology,0.0,0.0,0.0,5,Saturday,6,2,2016,1,0.0,0.0,0,0.0,0.0,0.0,0.0,0.0
2016-06-12,Technology,3498.954,0.0,0.0,6,Sunday,6,2,2016,1,3498.954,0.0,1,0.0,0.0,0.0,0.0,0.0
2016-06-13,Technology,0.0,0.0,0.0,0,Monday,6,2,2016,0,0.0,0.0,0,0.0,0.0,0.0,0.0,0.0
2016-06-14,Technology,0.0,0.0,0.0,1,Tuesday,6,2,2016,0,0.0,0.0,0,0.0,0.0,0.0,0.0,0.0
2016-06-15,Technology,0.0,0.0,0.0,2,Wednesday,6,2,2016,0,0.0,0.0,0,0.0,0.0,0.0,0.0,0.0
2016-06-16,Technology,0.0,0.0,0.0,3,Thursday,6,2,2016,0,0.0,0.0,0,0.0,0.0,0.0,0.0,0.0
2016-06-17,Technology,0.0,0.0,0.0,4,Friday,6,2,2016,0,0.0,0.0,0,0.0,0.0,0.0,0.0,0.0
2016-06-18,Technology,0.0,0.0,0.0,5,Saturday,6,2,2016,1,0.0,0.0,0,0.0,0.0,0.0,0.0,0.0
2016-06-19,Technology,0.0,0.0,0.0,6,Sunday,6,2,2016,1,0.0,0.0,0,0.0,0.0,0.0,0.0,0.0
2016-06-20,Technology,0.0,0.0,0.0,0,Monday,6,2,2016,0,0.0,0.0,0,0.0,0.0,0.0,0.0,0.0
2016-06-21,Technology,0.0,0.0,0.0,1,Tuesday,6,2,2016,0,0.0,0.0,0,0.0,0.0,0.0,0.0,0.0
2016-06-22,Technology,0.0,0.0,0.0,2,Wednesday,6,2,2016,0,0.0,0.0,0,0.0,0.0,0.0,0.0,0.0
2016-06-23,Technology,0.0,0.0,0.0,3,Thursday,6,2,2016,0,0.0,0.0,0,0.0,0.0,0.0,0.0,0.0
2016-06-24,Technology,0.0,0.0,0.0,4,Friday,6,2,2016,0,0.0,0.0,0,0.0,0.0,0.0,0.0,0.0
2016-06-25,Technology,0.0,0.0,0.0,5,Saturday,6,2,2016,1,0.0,0.0,0,0.0,0.0,0.0,0.0,0.0
2016-06-26,Technology,0.0,0.0,0.0,6,Sunday,6,2,2016,1,0.0,0.0,0,0.0,0.0,0.0,0.0,0.0
2016-06-27,Technology,0.0,0.0,0.0,0,Monday,6,2,2016,0,0.0,0.0,0,0.0,0.0,0.0,0.0,0.0
2016-06-28,Technology,0.0,0.0,0.0,1,Tuesday,6,2,2016,0,0.0,0.0,0,0.0,0.0,0.0,0.0,0.0
2016-06-29,Technology,0.0,0.0,0.0,2,Wednesday,6,2,2016,0,0.0,0.0,0,0.0,0.0,0.0,0.0,0.0
2016-06-30,Technology,0.0,0.0,0.0,3,Thursday,6,2,2016,0,0.0,0.0,0,0.0,0.0,0.0,0.0,0.0
2016-07-01,Technology,0.0,0.0,0.0,4,Friday,7,3,2016,0,0.0,0.0,0,0.0,0.0,0.0,0.0,0.0
2016-07-02,Technology,0.0,0.0,0.0,5,Saturday,7,3,2016,1,0.0,0.0,0,0.0,0.0,0.0,0.0,0.0
2016-07-03,Technology,707.82,0.0,0.0,6,Sunday,7,3,2016,1,707.82,0.0,1,0.0,0.0,0.0,0.0,0.0
2016-07-04,Technology,383.952,0.0,0.0,0,Monday,7,3,2016,0,383.952,0.0,1,0.0,0.0,0.0,0.0,0.0
2016-07-05,Technology,0.0,0.0,0.0,1,Tuesday,7,3,2016,0,0.0,0.0,0,0.0,0.0,0.0,0.0,0.0
2016-07-06,Technology,0.0,0.0,0.0,2,Wednesday,7,3,2016,0,0.0,0.0,0,0.0,0.0,0.0,0.0,0.0
2016-07-07,Technology,0.0,0.0,0.0,3,Thursday,7,3,2016,0,0.0,0.0,0,0.0,0.0,0.0,0.0,0.0
2016-07-08,Technology,494.97,0.0,0.0,4,Friday,7,3,2016,0,494.97,0.0,1,0.0,0.0,0.0,0.0,0.0
2016-07-09,Technology,1441.894,0.0,0.0,5,Saturday,7,3,2016,1,1441.894,0.0,1,0.0,0.0,0.0,0.0,0.0
2016-07-10,Technology,0.0,0.0,0.0,6,Sunday,7,3,2016,1,0.0,0.0,0,0.0,0.0,0.0,0.0,0.0
2016-07-11,Technology,287.91,0.0,0.0,0,Monday,7,3,2016,0,287.91,0.0,1,0.0,0.0,0.0,0.0,0.0
2016-07-12,Technology,773.94,0.0,0.0,1,Tuesday,7,3,2016,0,773.94,0.0,1,0.0,0.0,0.0,0.0,0.0
2016-07-13,Technology,0.0,0.0,0.0,2,Wednesday,7,3,2016,0,0.0,0.0,0,0.0,0.0,0.0,0.0,0.0
2016-07-14,Technology,0.0,0.0,0.0,3,Thursday,7,3,2016,0,0.0,0.0,0,0.0,0.0,0.0,0.0,0.0
2016-07-15,Technology,0.0,0.0,0.0,4,Friday,7,3,2016,0,0.0,0.0,0,0.0,0.0,0.0,0.0,0.0
2016-07-16,Technology,0.0,0.0,0.0,5,Saturday,7,3,2016,1,0.0,0.0,0,0.0,0.0,0.0,0.0,0.0
2016-07-17,Technology,0.0,0.0,0.0,6,Sunday,7,3,2016,1,0.0,0.0,0,0.0,0.0,0.0,0.0,0.0
2016-07-18,Technology,0.0,0.0,0.0,0,Monday,7,3,2016,0,0.0,0.0,0,0.0,0.0,0.0,0.0,0.0
2016-07-19,Technology,0.0,0.0,0.0,1,Tuesday,7,3,2016,0,0.0,0.0,0,0.0,0.0,0.0,0.0,0.0
2016-07-20,Technology,0.0,0.0,0.0,2,Wednesday,7,3,2016,0,0.0,0.0,0,0.0,0.0,0.0,0.0,0.0
2016-07-21,Technology,0.0,0.0,0.0,3,Thursday,7,3,2016,0,0.0,0.0,0,0.0,0.0,0.0,0.0,0.0
2016-07-22,Technology,0.0,0.0,0.0,4,Friday,7,3,2016,0,0.0,0.0,0,0.0,0.0,0.0,0.0,0.0
2016-07-23,Technology,0.0,0.0,0.0,5,Saturday,7,3,2016,1,0.0,0.0,0,0.0,0.0,0.0,0.0,0.0
2016-07-24,Technology,0.0,0.0,0.0,6,Sunday,7,3,2016,1,0.0,0.0,0,0.0,0.0,0.0,0.0,0.0
2016-07-25,Technology,0.0,0.0,0.0,0,Monday,7,3,2016,0,0.0,0.0,0,0.0,0.0,0.0,0.0,0.0
2016-07-26,Technology,0.0,0.0,0.0,1,Tuesday,7,3,2016,0,0.0,0.0,0,0.0,0.0,0.0,0.0,0.0
2016-07-27,Technology,0.0,0.0,0.0,2,Wednesday,7,3,2016,0,0.0,0.0,0,0.0,0.0,0.0,0.0,0.0
2016-07-28,Technology,0.0,0.0,0.0,3,Thursday,7,3,2016,0,0.0,0.0,0,0.0,0.0,0.0,0.0,0.0
2016-07-29,Technology,0.0,0.0,0.0,4,Friday,7,3,2016,0,0.0,0.0,0,0.0,0.0,0.0,0.0,0.0
2016-07-30,Technology,0.0,0.0,0.0,5,Saturday,7,3,2016,1,0.0,0.0,0,0.0,0.0,0.0,0.0,0.0
2016-07-31,Technology,0.0,0.0,0.0,6,Sunday,7,3,2016,1,0.0,0.0,0,0.0,0.0,0.0,0.0,0.0
2016-08-01,Technology,0.0,0.0,0.0,0,Monday,8,3,2016,0,0.0,0.0,0,0.0,0.0,0.0,0.0,0.0
2016-08-02,Technology,107.982,0.0,0.0,1,Tuesday,8,3,2016,0,107.982,0.0,1,0.0,0.0,0.0,0.0,0.0
2016-08-03,Technology,769.95,0.0,0.0,2,Wednesday,8,3,2016,0,769.95,0.0,1,0.0,0.0,0.0,0.0,0.0
2016-08-04,Technology,0.0,0.0,0.0,3,Thursday,8,3,2016,0,0.0,0.0,0,0.0,0.0,0.0,0.0,0.0
2016-08-05,Technology,3177.9139999999998,0.0,0.0,4,Friday,8,3,2016,0,3177.9139999999998,0.0,1,0.0,0.0,0.0,0.0,0.0
2016-08-06,Technology,2.376,0.0,0.0,5,Saturday,8,3,2016,1,2.376,0.0,1,0.0,0.0,0.0,0.0,0.0
2016-08-07,Technology,0.0,0.0,0.0,6,Sunday,8,3,2016,1,0.0,0.0,0,0.0,0.0,0.0,0.0,0.0
2016-08-08,Technology,0.0,0.0,0.0,0,Monday,8,3,2016,0,0.0,0.0,0,0.0,0.0,0.0,0.0,0.0
2016-08-09,Technology,0.0,0.0,0.0,1,Tuesday,8,3,2016,0,0.0,0.0,0,0.0,0.0,0.0,0.0,0.0
2016-08-10,Technology,0.0,0.0,0.0,2,Wednesday,8,3,2016,0,0.0,0.0,0,0.0,0.0,0.0,0.0,0.0
2016-08-11,Technology,6175.81,0.0,0.0,3,Thursday,8,3,2016,0,6175.81,0.0,1,0.0,0.0,0.0,0.0,0.0
2016-08-12,Technology,2074.36,0.0,0.0,4,Friday,8,3,2016,0,2074.36,0.0,1,0.0,0.0,0.0,0.0,0.0
2016-08-13,Technology,0.0,0.0,0.0,5,Saturday,8,3,2016,1,0.0,0.0,0,0.0,0.0,0.0,0.0,0.0
2016-08-14,Technology,0.0,0.0,0.0,6,Sunday,8,3,2016,1,0.0,0.0,0,0.0,0.0,0.0,0.0,0.0
2016-08-15,Technology,0.0,0.0,0.0,0,Monday,8,3,2016,0,0.0,0.0,0,0.0,0.0,0.0,0.0,0.0
2016-08-16,Technology,0.0,0.0,0.0,1,Tuesday,8,3,2016,0,0.0,0.0,0,0.0,0.0,0.0,0.0,0.0
2016-08-17,Technology,0.0,0.0,0.0,2,Wednesday,8,3,2016,0,0.0,0.0,0,0.0,0.0,0.0,0.0,0.0
2016-08-18,Technology,0.0,0.0,0.0,3,Thursday,8,3,2016,0,0.0,0.0,0,0.0,0.0,0.0,0.0,0.0
2016-08-19,Technology,0.0,0.0,0.0,4,Friday,8,3,2016,0,0.0,0.0,0,0.0,0.0,0.0,0.0,0.0
2016-08-20,Technology,0.0,0.0,0.0,5,Saturday,8,3,2016,1,0.0,0.0,0,0.0,0.0,0.0,0.0,0.0
2016-08-21,Technology,0.0,0.0,0.0,6,Sunday,8,3,2016,1,0.0,0.0,0,0.0,0.0,0.0,0.0,0.0
2016-08-22,Technology,0.0,0.0,0.0,0,Monday,8,3,2016,0,0.0,0.0,0,0.0,0.0,0.0,0.0,0.0
2016-08-23,Technology,0.0,0.0,0.0,1,Tuesday,8,3,2016,0,0.0,0.0,0,0.0,0.0,0.0,0.0,0.0
2016-08-24,Technology,0.0,0.0,0.0,2,Wednesday,8,3,2016,0,0.0,0.0,0,0.0,0.0,0.0,0.0,0.0
2016-08-25,Technology,0.0,0.0,0.0,3,Thursday,8,3,2016,0,0.0,0.0,0,0.0,0.0,0.0,0.0,0.0
2016-08-26,Technology,0.0,0.0,0.0,4,Friday,8,3,2016,0,0.0,0.0,0,0.0,0.0,0.0,0.0,0.0
2016-08-27,Technology,0.0,0.0,0.0,5,Saturday,8,3,2016,1,0.0,0.0,0,0.0,0.0,0.0,0.0,0.0
2016-08-28,Technology,0.0,0.0,0.0,6,Sunday,8,3,2016,1,0.0,0.0,0,0.0,0.0,0.0,0.0,0.0
2016-08-29,Technology,0.0,0.0,0.0,0,Monday,8,3,2016,0,0.0,0.0,0,0.0,0.0,0.0,0.0,0.0
2016-08-30,Technology,0.0,0.0,0.0,1,Tuesday,8,3,2016,0,0.0,0.0,0,0.0,0.0,0.0,0.0,0.0
2016-08-31,Technology,0.0,0.0,0.0,2,Wednesday,8,3,2016,0,0.0,0.0,0,0.0,0.0,0.0,0.0,0.0
2016-09-01,Technology,0.0,0.0,0.0,3,Thursday,9,3,2016,0,0.0,0.0,0,0.0,0.0,0.0,0.0,0.0
2016-09-02,Technology,500.752,0.0,0.0,4,Friday,9,3,2016,0,500.752,0.0,1,0.0,0.0,0.0,0.0,0.0
2016-09-03,Technology,473.4,0.0,0.0,5,Saturday,9,3,2016,1,473.4,0.0,1,0.0,0.0,0.0,0.0,0.0
2016-09-04,Technology,0.0,0.0,0.0,6,Sunday,9,3,2016,1,0.0,0.0,0,0.0,0.0,0.0,0.0,0.0
2016-09-05,Technology,0.0,0.0,0.0,0,Monday,9,3,2016,0,0.0,0.0,0,0.0,0.0,0.0,0.0,0.0
2016-09-06,Technology,212.976,0.0,0.0,1,Tuesday,9,3,2016,0,212.976,0.0,1,0.0,0.0,0.0,0.0,0.0
2016-09-07,Technology,734.952,0.0,0.0,2,Wednesday,9,3,2016,0,734.952,0.0,1,0.0,0.0,0.0,0.0,0.0
2016-09-08,Technology,1535.73,0.0,0.0,3,Thursday,9,3,2016,0,1535.73,0.0,1,0.0,0.0,0.0,0.0,0.0
2016-09-09,Technology,0.0,0.0,0.0,4,Friday,9,3,2016,0,0.0,0.0,0,0.0,0.0,0.0,0.0,0.0
2016-09-10,Technology,1281.0700000000002,0.0,0.0,5,Saturday,9,3,2016,1,1281.0700000000002,0.0,1,0.0,0.0,0.0,0.0,0.0
2016-09-11,Technology,3235.83,0.0,0.0,6,Sunday,9,3,2016,1,3235.83,0.0,1,0.0,0.0,0.0,0.0,0.0
2016-09-12,Technology,0.0,0.0,0.0,0,Monday,9,3,2016,0,0.0,0.0,0,0.0,0.0,0.0,0.0,0.0
2016-09-13,Technology,0.0,0.0,0.0,1,Tuesday,9,3,2016,0,0.0,0.0,0,0.0,0.0,0.0,0.0,0.0
2016-09-14,Technology,0.0,0.0,0.0,2,Wednesday,9,3,2016,0,0.0,0.0,0,0.0,0.0,0.0,0.0,0.0
2016-09-15,Technology,0.0,0.0,0.0,3,Thursday,9,3,2016,0,0.0,0.0,0,0.0,0.0,0.0,0.0,0.0
2016-09-16,Technology,0.0,0.0,0.0,4,Friday,9,3,2016,0,0.0,0.0,0,0.0,0.0,0.0,0.0,0.0
2016-09-17,Technology,0.0,0.0,0.0,5,Saturday,9,3,2016,1,0.0,0.0,0,0.0,0.0,0.0,0.0,0.0
2016-09-18,Technology,0.0,0.0,0.0,6,Sunday,9,3,2016,1,0.0,0.0,0,0.0,0.0,0.0,0.0,0.0
2016-09-19,Technology,0.0,0.0,0.0,0,Monday,9,3,2016,0,0.0,0.0,0,0.0,0.0,0.0,0.0,0.0
2016-09-20,Technology,0.0,0.0,0.0,1,Tuesday,9,3,2016,0,0.0,0.0,0,0.0,0.0,0.0,0.0,0.0
2016-09-21,Technology,0.0,0.0,0.0,2,Wednesday,9,3,2016,0,0.0,0.0,0,0.0,0.0,0.0,0.0,0.0
2016-09-22,Technology,0.0,0.0,0.0,3,Thursday,9,3,2016,0,0.0,0.0,0,0.0,0.0,0.0,0.0,0.0
2016-09-23,Technology,0.0,0.0,0.0,4,Friday,9,3,2016,0,0.0,0.0,0,0.0,0.0,0.0,0.0,0.0
2016-09-24,Technology,0.0,0.0,0.0,5,Saturday,9,3,2016,1,0.0,0.0,0,0.0,0.0,0.0,0.0,0.0
2016-09-25,Technology,0.0,0.0,0.0,6,Sunday,9,3,2016,1,0.0,0.0,0,0.0,0.0,0.0,0.0,0.0
2016-09-26,Technology,0.0,0.0,0.0,0,Monday,9,3,2016,0,0.0,0.0,0,0.0,0.0,0.0,0.0,0.0
2016-09-27,Technology,0.0,0.0,0.0,1,Tuesday,9,3,2016,0,0.0,0.0,0,0.0,0.0,0.0,0.0,0.0
2016-09-28,Technology,0.0,0.0,0.0,2,Wednesday,9,3,2016,0,0.0,0.0,0,0.0,0.0,0.0,0.0,0.0
2016-09-29,Technology,0.0,0.0,0.0,3,Thursday,9,3,2016,0,0.0,0.0,0,0.0,0.0,0.0,0.0,0.0
2016-09-30,Technology,0.0,0.0,0.0,4,Friday,9,3,2016,0,0.0,0.0,0,0.0,0.0,0.0,0.0,0.0
2016-10-01,Technology,0.0,0.0,0.0,5,Saturday,10,4,2016,1,0.0,0.0,0,0.0,0.0,0.0,0.0,0.0
2016-10-02,Technology,0.0,0.0,0.0,6,Sunday,10,4,2016,1,0.0,0.0,0,0.0,0.0,0.0,0.0,0.0
2016-10-03,Technology,0.0,0.0,0.0,0,Monday,10,4,2016,0,0.0,0.0,0,0.0,0.0,0.0,0.0,0.0
2016-10-04,Technology,0.0,0.0,0.0,1,Tuesday,10,4,2016,0,0.0,0.0,0,0.0,0.0,0.0,0.0,0.0
2016-10-05,Technology,46.688,0.0,0.0,2,Wednesday,10,4,2016,0,46.688,0.0,1,0.0,0.0,0.0,0.0,0.0
2016-10-06,Technology,0.0,0.0,0.0,3,Thursday,10,4,2016,0,0.0,0.0,0,0.0,0.0,0.0,0.0,0.0
2016-10-07,Technology,0.0,0.0,0.0,4,Friday,10,4,2016,0,0.0,0.0,0,0.0,0.0,0.0,0.0,0.0
2016-10-08,Technology,578.312,0.0,0.0,5,Saturday,10,4,2016,1,578.312,0.0,1,0.0,0.0,0.0,0.0,0.0
2016-10-09,Technology,0.0,0.0,0.0,6,Sunday,10,4,2016,1,0.0,0.0,0,0.0,0.0,0.0,0.0,0.0
2016-10-10,Technology,0.0,0.0,0.0,0,Monday,10,4,2016,0,0.0,0.0,0,0.0,0.0,0.0,0.0,0.0
2016-10-11,Technology,629.89,0.0,0.0,1,Tuesday,10,4,2016,0,629.89,0.0,1,0.0,0.0,0.0,0.0,0.0
2016-10-12,Technology,1062.402,0.0,0.0,2,Wednesday,10,4,2016,0,1062.402,0.0,1,0.0,0.0,0.0,0.0,0.0
2016-10-13,Technology,0.0,0.0,0.0,3,Thursday,10,4,2016,0,0.0,0.0,0,0.0,0.0,0.0,0.0,0.0
2016-10-14,Technology,0.0,0.0,0.0,4,Friday,10,4,2016,0,0.0,0.0,0,0.0,0.0,0.0,0.0,0.0
2016-10-15,Technology,0.0,0.0,0.0,5,Saturday,10,4,2016,1,0.0,0.0,0,0.0,0.0,0.0,0.0,0.0
2016-10-16,Technology,0.0,0.0,0.0,6,Sunday,10,4,2016,1,0.0,0.0,0,0.0,0.0,0.0,0.0,0.0
2016-10-17,Technology,0.0,0.0,0.0,0,Monday,10,4,2016,0,0.0,0.0,0,0.0,0.0,0.0,0.0,0.0
2016-10-18,Technology,0.0,0.0,0.0,1,Tuesday,10,4,2016,0,0.0,0.0,0,0.0,0.0,0.0,0.0,0.0
2016-10-19,Technology,0.0,0.0,0.0,2,Wednesday,10,4,2016,0,0.0,0.0,0,0.0,0.0,0.0,0.0,0.0
2016-10-20,Technology,0.0,0.0,0.0,3,Thursday,10,4,2016,0,0.0,0.0,0,0.0,0.0,0.0,0.0,0.0
2016-10-21,Technology,0.0,0.0,0.0,4,Friday,10,4,2016,0,0.0,0.0,0,0.0,0.0,0.0,0.0,0.0
2016-10-22,Technology,0.0,0.0,0.0,5,Saturday,10,4,2016,1,0.0,0.0,0,0.0,0.0,0.0,0.0,0.0
2016-10-23,Technology,0.0,0.0,0.0,6,Sunday,10,4,2016,1,0.0,0.0,0,0.0,0.0,0.0,0.0,0.0
2016-10-24,Technology,0.0,0.0,0.0,0,Monday,10,4,2016,0,0.0,0.0,0,0.0,0.0,0.0,0.0,0.0
2016-10-25,Technology,0.0,0.0,0.0,1,Tuesday,10,4,2016,0,0.0,0.0,0,0.0,0.0,0.0,0.0,0.0
2016-10-26,Technology,0.0,0.0,0.0,2,Wednesday,10,4,2016,0,0.0,0.0,0,0.0,0.0,0.0,0.0,0.0
2016-10-27,Technology,0.0,0.0,0.0,3,Thursday,10,4,2016,0,0.0,0.0,0,0.0,0.0,0.0,0.0,0.0
2016-10-28,Technology,0.0,0.0,0.0,4,Friday,10,4,2016,0,0.0,0.0,0,0.0,0.0,0.0,0.0,0.0
2016-10-29,Technology,0.0,0.0,0.0,5,Saturday,10,4,2016,1,0.0,0.0,0,0.0,0.0,0.0,0.0,0.0
2016-10-30,Technology,0.0,0.0,0.0,6,Sunday,10,4,2016,1,0.0,0.0,0,0.0,0.0,0.0,0.0,0.0
2016-10-31,Technology,0.0,0.0,0.0,0,Monday,10,4,2016,0,0.0,0.0,0,0.0,0.0,0.0,0.0,0.0
2016-11-01,Technology,0.0,0.0,0.0,1,Tuesday,11,4,2016,0,0.0,0.0,0,0.0,0.0,0.0,0.0,0.0
2016-11-02,Technology,0.0,0.0,0.0,2,Wednesday,11,4,2016,0,0.0,0.0,0,0.0,0.0,0.0,0.0,0.0
2016-11-03,Technology,0.0,0.0,0.0,3,Thursday,11,4,2016,0,0.0,0.0,0,0.0,0.0,0.0,0.0,0.0
2016-11-04,Technology,747.098,0.0,0.0,4,Friday,11,4,2016,0,747.098,0.0,1,0.0,0.0,0.0,0.0,0.0
2016-11-05,Technology,0.0,0.0,0.0,5,Saturday,11,4,2016,1,0.0,0.0,0,0.0,0.0,0.0,0.0,0.0
2016-11-06,Technology,303.284,0.0,0.0,6,Sunday,11,4,2016,1,303.284,0.0,1,0.0,0.0,0.0,0.0,0.0
2016-11-07,Technology,716.0,0.0,0.0,0,Monday,11,4,2016,0,716.0,0.0,1,0.0,0.0,0.0,0.0,0.0
2016-11-08,Technology,138.0,0.0,0.0,1,Tuesday,11,4,2016,0,138.0,0.0,1,0.0,0.0,0.0,0.0,0.0
2016-11-09,Technology,19.99,0.0,0.0,2,Wednesday,11,4,2016,0,19.99,0.0,1,0.0,0.0,0.0,0.0,0.0
2016-11-10,Technology,31.95,0.0,0.0,3,Thursday,11,4,2016,0,31.95,0.0,1,0.0,0.0,0.0,0.0,0.0
2016-11-11,Technology,0.0,0.0,0.0,4,Friday,11,4,2016,0,0.0,0.0,0,0.0,0.0,0.0,0.0,0.0
2016-11-12,Technology,519.284,0.0,0.0,5,Saturday,11,4,2016,1,519.284,0.0,1,0.0,0.0,0.0,0.0,0.0
2016-11-13,Technology,0.0,0.0,0.0,6,Sunday,11,4,2016,1,0.0,0.0,0,0.0,0.0,0.0,0.0,0.0
2016-11-14,Technology,0.0,0.0,0.0,0,Monday,11,4,2016,0,0.0,0.0,0,0.0,0.0,0.0,0.0,0.0
2016-11-15,Technology,0.0,0.0,0.0,1,Tuesday,11,4,2016,0,0.0,0.0,0,0.0,0.0,0.0,0.0,0.0
2016-11-16,Technology,0.0,0.0,0.0,2,Wednesday,11,4,2016,0,0.0,0.0,0,0.0,0.0,0.0,0.0,0.0
2016-11-17,Technology,0.0,0.0,0.0,3,Thursday,11,4,2016,0,0.0,0.0,0,0.0,0.0,0.0,0.0,0.0
2016-11-18,Technology,0.0,0.0,0.0,4,Friday,11,4,2016,0,0.0,0.0,0,0.0,0.0,0.0,0.0,0.0
2016-11-19,Technology,0.0,0.0,0.0,5,Saturday,11,4,2016,1,0.0,0.0,0,0.0,0.0,0.0,0.0,0.0
2016-11-20,Technology,0.0,0.0,0.0,6,Sunday,11,4,2016,1,0.0,0.0,0,0.0,0.0,0.0,0.0,0.0
2016-11-21,Technology,0.0,0.0,0.0,0,Monday,11,4,2016,0,0.0,0.0,0,0.0,0.0,0.0,0.0,0.0
2016-11-22,Technology,0.0,0.0,0.0,1,Tuesday,11,4,2016,0,0.0,0.0,0,0.0,0.0,0.0,0.0,0.0
2016-11-23,Technology,0.0,0.0,0.0,2,Wednesday,11,4,2016,0,0.0,0.0,0,0.0,0.0,0.0,0.0,0.0
2016-11-24,Technology,0.0,0.0,0.0,3,Thursday,11,4,2016,0,0.0,0.0,0,0.0,0.0,0.0,0.0,0.0
2016-11-25,Technology,0.0,0.0,0.0,4,Friday,11,4,2016,0,0.0,0.0,0,0.0,0.0,0.0,0.0,0.0
2016-11-26,Technology,0.0,0.0,0.0,5,Saturday,11,4,2016,1,0.0,0.0,0,0.0,0.0,0.0,0.0,0.0
2016-11-27,Technology,0.0,0.0,0.0,6,Sunday,11,4,2016,1,0.0,0.0,0,0.0,0.0,0.0,0.0,0.0
2016-11-28,Technology,0.0,0.0,0.0,0,Monday,11,4,2016,0,0.0,0.0,0,0.0,0.0,0.0,0.0,0.0
2016-11-29,Technology,0.0,0.0,0.0,1,Tuesday,11,4,2016,0,0.0,0.0,0,0.0,0.0,0.0,0.0,0.0
2016-11-30,Technology,0.0,0.0,0.0,2,Wednesday,11,4,2016,0,0.0,0.0,0,0.0,0.0,0.0,0.0,0.0
2016-12-01,Technology,271.948,0.0,0.0,3,Thursday,12,4,2016,0,271.948,0.0,1,0.0,0.0,0.0,0.0,0.0
2016-12-02,Technology,0.0,0.0,0.0,4,Friday,12,4,2016,0,0.0,0.0,0,0.0,0.0,0.0,0.0,0.0
2016-12-03,Technology,0.0,0.0,0.0,5,Saturday,12,4,2016,1,0.0,0.0,0,0.0,0.0,0.0,0.0,0.0
2016-12-04,Technology,0.0,0.0,0.0,6,Sunday,12,4,2016,1,0.0,0.0,0,0.0,0.0,0.0,0.0,0.0
2016-12-05,Technology,820.7360000000001,0.0,0.0,0,Monday,12,4,2016,0,820.7360000000001,0.0,1,0.0,0.0,0.0,0.0,0.0
2016-12-06,Technology,55.984,0.0,0.0,1,Tuesday,12,4,2016,0,55.984,0.0,1,0.0,0.0,0.0,0.0,0.0
2016-12-07,Technology,1652.3600000000001,0.0,0.0,2,Wednesday,12,4,2016,0,1652.3600000000001,0.0,1,0.0,0.0,0.0,0.0,0.0
2016-12-08,Technology,0.0,0.0,0.0,3,Thursday,12,4,2016,0,0.0,0.0,0,0.0,0.0,0.0,0.0,0.0
2016-12-09,Technology,501.964,0.0,0.0,4,Friday,12,4,2016,0,501.964,0.0,1,0.0,0.0,0.0,0.0,0.0
2016-12-10,Technology,489.3399999999999,0.0,0.0,5,Saturday,12,4,2016,1,489.3399999999999,0.0,1,0.0,0.0,0.0,0.0,0.0
2016-12-11,Technology,100.792,0.0,0.0,6,Sunday,12,4,2016,1,100.792,0.0,1,0.0,0.0,0.0,0.0,0.0
2016-12-12,Technology,322.308,1.0,0.0,0,Monday,12,4,2016,0,322.308,0.0,1,0.0,0.0,0.0,0.0,0.0
2016-12-13,Technology,0.0,0.0,0.0,1,Tuesday,12,4,2016,0,0.0,0.0,0,0.0,0.0,0.0,0.0,0.0
2016-12-14,Technology,0.0,0.0,0.0,2,Wednesday,12,4,2016,0,0.0,0.0,0,0.0,0.0,0.0,0.0,0.0
2016-12-15,Technology,0.0,0.0,0.0,3,Thursday,12,4,2016,0,0.0,0.0,0,0.0,0.0,0.0,0.0,0.0
2016-12-16,Technology,0.0,0.0,0.0,4,Friday,12,4,2016,0,0.0,0.0,0,0.0,0.0,0.0,0.0,0.0
2016-12-17,Technology,0.0,0.0,0.0,5,Saturday,12,4,2016,1,0.0,0.0,0,0.0,0.0,0.0,0.0,0.0
2016-12-18,Technology,0.0,0.0,0.0,6,Sunday,12,4,2016,1,0.0,0.0,0,0.0,0.0,0.0,0.0,0.0
2016-12-19,Technology,0.0,0.0,0.0,0,Monday,12,4,2016,0,0.0,0.0,0,0.0,0.0,0.0,0.0,0.0
2016-12-20,Technology,0.0,0.0,0.0,1,Tuesday,12,4,2016,0,0.0,0.0,0,0.0,0.0,0.0,0.0,0.0
2016-12-21,Technology,0.0,0.0,0.0,2,Wednesday,12,4,2016,0,0.0,0.0,0,0.0,0.0,0.0,0.0,0.0
2016-12-22,Technology,0.0,0.0,0.0,3,Thursday,12,4,2016,0,0.0,0.0,0,0.0,0.0,0.0,0.0,0.0
2016-12-23,Technology,0.0,0.0,0.0,4,Friday,12,4,2016,0,0.0,0.0,0,0.0,0.0,0.0,0.0,0.0
2016-12-24,Technology,0.0,0.0,0.0,5,Saturday,12,4,2016,1,0.0,0.0,0,0.0,0.0,0.0,0.0,0.0
2016-12-25,Technology,0.0,0.0,0.0,6,Sunday,12,4,2016,1,0.0,0.0,0,0.0,0.0,0.0,0.0,0.0
2016-12-26,Technology,0.0,0.0,0.0,0,Monday,12,4,2016,0,0.0,0.0,0,0.0,0.0,0.0,0.0,0.0
2016-12-27,Technology,0.0,0.0,0.0,1,Tuesday,12,4,2016,0,0.0,0.0,0,0.0,0.0,0.0,0.0,0.0
2016-12-28,Technology,0.0,0.0,0.0,2,Wednesday,12,4,2016,0,0.0,0.0,0,0.0,0.0,0.0,0.0,0.0
2016-12-29,Technology,0.0,0.0,0.0,3,Thursday,12,4,2016,0,0.0,0.0,0,0.0,0.0,0.0,0.0,0.0
2016-12-30,Technology,0.0,0.0,0.0,4,Friday,12,4,2016,0,0.0,0.0,0,0.0,0.0,0.0,0.0,0.0
2016-12-31,Technology,0.0,0.0,0.0,5,Saturday,12,4,2016,1,0.0,0.0,0,0.0,0.0,0.0,0.0,0.0
2017-01-01,Technology,0.0,0.0,0.0,6,Sunday,1,1,2017,1,0.0,0.0,0,0.0,0.0,0.0,0.0,0.0
2017-01-02,Technology,0.0,0.0,0.0,0,Monday,1,1,2017,0,0.0,0.0,0,0.0,0.0,0.0,0.0,0.0
2017-01-03,Technology,5059.914000000001,0.0,0.0,1,Tuesday,1,1,2017,0,5059.914000000001,0.0,1,0.0,0.0,0.0,0.0,0.0
2017-01-04,Technology,48.11,0.0,0.0,2,Wednesday,1,1,2017,0,48.11,0.0,1,0.0,0.0,0.0,0.0,0.0
2017-01-05,Technology,0.0,0.0,0.0,3,Thursday,1,1,2017,0,0.0,0.0,0,0.0,0.0,0.0,0.0,0.0
2017-01-06,Technology,0.0,0.0,0.0,4,Friday,1,1,2017,0,0.0,0.0,0,0.0,0.0,0.0,0.0,0.0
2017-01-07,Technology,1530.79,0.0,0.0,5,Saturday,1,1,2017,1,1530.79,0.0,1,0.0,0.0,0.0,0.0,0.0
2017-01-08,Technology,1039.728,0.0,0.0,6,Sunday,1,1,2017,1,1039.728,0.0,1,0.0,0.0,0.0,0.0,0.0
2017-01-09,Technology,580.938,0.0,0.0,0,Monday,1,1,2017,0,580.938,0.0,1,0.0,0.0,0.0,0.0,0.0
2017-01-10,Technology,149.412,0.0,0.0,1,Tuesday,1,1,2017,0,149.412,0.0,1,0.0,0.0,0.0,0.0,0.0
2017-01-11,Technology,89.91199999999999,0.0,0.0,2,Wednesday,1,1,2017,0,89.91199999999999,0.0,1,0.0,0.0,0.0,0.0,0.0
2017-01-12,Technology,1181.838,0.0,0.0,3,Thursday,1,1,2017,0,1181.838,0.0,1,0.0,0.0,0.0,0.0,0.0
2017-01-13,Technology,0.0,0.0,0.0,4,Friday,1,1,2017,0,0.0,0.0,0,0.0,0.0,0.0,0.0,0.0
2017-01-14,Technology,0.0,0.0,0.0,5,Saturday,1,1,2017,1,0.0,0.0,0,0.0,0.0,0.0,0.0,0.0
2017-01-15,Technology,0.0,0.0,0.0,6,Sunday,1,1,2017,1,0.0,0.0,0,0.0,0.0,0.0,0.0,0.0
2017-01-16,Technology,0.0,0.0,0.0,0,Monday,1,1,2017,0,0.0,0.0,0,0.0,0.0,0.0,0.0,0.0
2017-01-17,Technology,0.0,0.0,0.0,1,Tuesday,1,1,2017,0,0.0,0.0,0,0.0,0.0,0.0,0.0,0.0
2017-01-18,Technology,0.0,0.0,0.0,2,Wednesday,1,1,2017,0,0.0,0.0,0,0.0,0.0,0.0,0.0,0.0
2017-01-19,Technology,0.0,0.0,0.0,3,Thursday,1,1,2017,0,0.0,0.0,0,0.0,0.0,0.0,0.0,0.0
2017-01-20,Technology,0.0,0.0,0.0,4,Friday,1,1,2017,0,0.0,0.0,0,0.0,0.0,0.0,0.0,0.0
2017-01-21,Technology,0.0,0.0,0.0,5,Saturday,1,1,2017,1,0.0,0.0,0,0.0,0.0,0.0,0.0,0.0
2017-01-22,Technology,0.0,0.0,0.0,6,Sunday,1,1,2017,1,0.0,0.0,0,0.0,0.0,0.0,0.0,0.0
2017-01-23,Technology,0.0,0.0,0.0,0,Monday,1,1,2017,0,0.0,0.0,0,0.0,0.0,0.0,0.0,0.0
2017-01-24,Technology,0.0,0.0,0.0,1,Tuesday,1,1,2017,0,0.0,0.0,0,0.0,0.0,0.0,0.0,0.0
2017-01-25,Technology,0.0,0.0,0.0,2,Wednesday,1,1,2017,0,0.0,0.0,0,0.0,0.0,0.0,0.0,0.0
2017-01-26,Technology,0.0,0.0,0.0,3,Thursday,1,1,2017,0,0.0,0.0,0,0.0,0.0,0.0,0.0,0.0
2017-01-27,Technology,0.0,0.0,0.0,4,Friday,1,1,2017,0,0.0,0.0,0,0.0,0.0,0.0,0.0,0.0
2017-01-28,Technology,0.0,0.0,0.0,5,Saturday,1,1,2017,1,0.0,0.0,0,0.0,0.0,0.0,0.0,0.0
2017-01-29,Technology,0.0,0.0,0.0,6,Sunday,1,1,2017,1,0.0,0.0,0,0.0,0.0,0.0,0.0,0.0
2017-01-30,Technology,0.0,0.0,0.0,0,Monday,1,1,2017,0,0.0,0.0,0,0.0,0.0,0.0,0.0,0.0
2017-01-31,Technology,0.0,0.0,0.0,1,Tuesday,1,1,2017,0,0.0,0.0,0,0.0,0.0,0.0,0.0,0.0
2017-02-01,Technology,231.98,0.0,0.0,2,Wednesday,2,1,2017,0,231.98,0.0,1,0.0,0.0,0.0,0.0,0.0
2017-02-02,Technology,8749.95,0.0,0.0,3,Thursday,2,1,2017,0,8749.95,0.0,1,0.0,0.0,0.0,0.0,0.0
2017-02-03,Technology,0.0,0.0,0.0,4,Friday,2,1,2017,0,0.0,0.0,0,0.0,0.0,0.0,0.0,0.0
2017-02-04,Technology,0.0,0.0,0.0,5,Saturday,2,1,2017,1,0.0,0.0,0,0.0,0.0,0.0,0.0,0.0
2017-02-05,Technology,0.0,0.0,0.0,6,Sunday,2,1,2017,1,0.0,0.0,0,0.0,0.0,0.0,0.0,0.0
2017-02-06,Technology,0.0,0.0,0.0,0,Monday,2,1,2017,0,0.0,0.0,0,0.0,0.0,0.0,0.0,0.0
2017-02-07,Technology,0.0,0.0,0.0,1,Tuesday,2,1,2017,0,0.0,0.0,0,0.0,0.0,0.0,0.0,0.0
2017-02-08,Technology,333.576,0.0,0.0,2,Wednesday,2,1,2017,0,333.576,0.0,1,0.0,0.0,0.0,0.0,0.0
2017-02-09,Technology,4626.2880000000005,0.0,0.0,3,Thursday,2,1,2017,0,4626.2880000000005,0.0,1,0.0,0.0,0.0,0.0,0.0
2017-02-10,Technology,17499.95,0.0,0.0,4,Friday,2,1,2017,0,17499.95,0.0,1,0.0,0.0,0.0,0.0,0.0
2017-02-11,Technology,0.0,0.0,0.0,5,Saturday,2,1,2017,1,0.0,0.0,0,0.0,0.0,0.0,0.0,0.0
2017-02-12,Technology,795.5500000000001,0.0,0.0,6,Sunday,2,1,2017,1,795.5500000000001,0.0,1,0.0,0.0,0.0,0.0,0.0
2017-02-13,Technology,0.0,0.0,0.0,0,Monday,2,1,2017,0,0.0,0.0,0,0.0,0.0,0.0,0.0,0.0
2017-02-14,Technology,0.0,0.0,0.0,1,Tuesday,2,1,2017,0,0.0,0.0,0,0.0,0.0,0.0,0.0,0.0
2017-02-15,Technology,0.0,0.0,0.0,2,Wednesday,2,1,2017,0,0.0,0.0,0,0.0,0.0,0.0,0.0,0.0
2017-02-16,Technology,0.0,0.0,0.0,3,Thursday,2,1,2017,0,0.0,0.0,0,0.0,0.0,0.0,0.0,0.0
2017-02-17,Technology,0.0,0.0,0.0,4,Friday,2,1,2017,0,0.0,0.0,0,0.0,0.0,0.0,0.0,0.0
2017-02-18,Technology,0.0,0.0,0.0,5,Saturday,2,1,2017,1,0.0,0.0,0,0.0,0.0,0.0,0.0,0.0
2017-02-19,Technology,0.0,0.0,0.0,6,Sunday,2,1,2017,1,0.0,0.0,0,0.0,0.0,0.0,0.0,0.0
2017-02-20,Technology,0.0,0.0,0.0,0,Monday,2,1,2017,0,0.0,0.0,0,0.0,0.0,0.0,0.0,0.0
2017-02-21,Technology,0.0,0.0,0.0,1,Tuesday,2,1,2017,0,0.0,0.0,0,0.0,0.0,0.0,0.0,0.0
2017-02-22,Technology,0.0,0.0,0.0,2,Wednesday,2,1,2017,0,0.0,0.0,0,0.0,0.0,0.0,0.0,0.0
2017-02-23,Technology,0.0,0.0,0.0,3,Thursday,2,1,2017,0,0.0,0.0,0,0.0,0.0,0.0,0.0,0.0
2017-02-24,Technology,0.0,0.0,0.0,4,Friday,2,1,2017,0,0.0,0.0,0,0.0,0.0,0.0,0.0,0.0
2017-02-25,Technology,0.0,0.0,0.0,5,Saturday,2,1,2017,1,0.0,0.0,0,0.0,0.0,0.0,0.0,0.0
2017-02-26,Technology,0.0,0.0,0.0,6,Sunday,2,1,2017,1,0.0,0.0,0,0.0,0.0,0.0,0.0,0.0
2017-02-27,Technology,0.0,0.0,0.0,0,Monday,2,1,2017,0,0.0,0.0,0,0.0,0.0,0.0,0.0,0.0
2017-02-28,Technology,0.0,0.0,0.0,1,Tuesday,2,1,2017,0,0.0,0.0,0,0.0,0.0,0.0,0.0,0.0
2017-03-01,Technology,376.64,0.0,0.0,2,Wednesday,3,1,2017,0,376.64,0.0,1,0.0,0.0,0.0,0.0,0.0
2017-03-02,Technology,0.0,0.0,0.0,3,Thursday,3,1,2017,0,0.0,0.0,0,0.0,0.0,0.0,0.0,0.0
2017-03-03,Technology,1376.406,0.0,0.0,4,Friday,3,1,2017,0,1376.406,0.0,1,0.0,0.0,0.0,0.0,0.0
2017-03-04,Technology,259.96,0.0,0.0,5,Saturday,3,1,2017,1,259.96,0.0,1,0.0,0.0,0.0,0.0,0.0
2017-03-05,Technology,789.433,0.0,0.0,6,Sunday,3,1,2017,1,789.433,0.0,1,0.0,0.0,0.0,0.0,0.0
2017-03-06,Technology,0.0,0.0,0.0,0,Monday,3,1,2017,0,0.0,0.0,0,0.0,0.0,0.0,0.0,0.0
2017-03-07,Technology,0.0,0.0,0.0,1,Tuesday,3,1,2017,0,0.0,0.0,0,0.0,0.0,0.0,0.0,0.0
2017-03-08,Technology,167.28,0.0,0.0,2,Wednesday,3,1,2017,0,167.28,0.0,1,0.0,0.0,0.0,0.0,0.0
2017-03-09,Technology,280.782,0.0,0.0,3,Thursday,3,1,2017,0,280.782,0.0,1,0.0,0.0,0.0,0.0,0.0
2017-03-10,Technology,0.0,0.0,0.0,4,Friday,3,1,2017,0,0.0,0.0,0,0.0,0.0,0.0,0.0,0.0
2017-03-11,Technology,334.94100000000003,0.0,0.0,5,Saturday,3,1,2017,1,334.94100000000003,0.0,1,0.0,0.0,0.0,0.0,0.0
2017-03-12,Technology,1649.95,0.0,0.0,6,Sunday,3,1,2017,1,1649.95,0.0,1,0.0,0.0,0.0,0.0,0.0
2017-03-13,Technology,0.0,0.0,0.0,0,Monday,3,1,2017,0,0.0,0.0,0,0.0,0.0,0.0,0.0,0.0
2017-03-14,Technology,0.0,0.0,0.0,1,Tuesday,3,1,2017,0,0.0,0.0,0,0.0,0.0,0.0,0.0,0.0
2017-03-15,Technology,0.0,0.0,0.0,2,Wednesday,3,1,2017,0,0.0,0.0,0,0.0,0.0,0.0,0.0,0.0
2017-03-16,Technology,0.0,0.0,0.0,3,Thursday,3,1,2017,0,0.0,0.0,0,0.0,0.0,0.0,0.0,0.0
2017-03-17,Technology,0.0,0.0,0.0,4,Friday,3,1,2017,0,0.0,0.0,0,0.0,0.0,0.0,0.0,0.0
2017-03-18,Technology,0.0,0.0,0.0,5,Saturday,3,1,2017,1,0.0,0.0,0,0.0,0.0,0.0,0.0,0.0
2017-03-19,Technology,0.0,0.0,0.0,6,Sunday,3,1,2017,1,0.0,0.0,0,0.0,0.0,0.0,0.0,0.0
2017-03-20,Technology,0.0,0.0,0.0,0,Monday,3,1,2017,0,0.0,0.0,0,0.0,0.0,0.0,0.0,0.0
2017-03-21,Technology,0.0,0.0,0.0,1,Tuesday,3,1,2017,0,0.0,0.0,0,0.0,0.0,0.0,0.0,0.0
2017-03-22,Technology,0.0,0.0,0.0,2,Wednesday,3,1,2017,0,0.0,0.0,0,0.0,0.0,0.0,0.0,0.0
2017-03-23,Technology,0.0,0.0,0.0,3,Thursday,3,1,2017,0,0.0,0.0,0,0.0,0.0,0.0,0.0,0.0
2017-03-24,Technology,0.0,0.0,0.0,4,Friday,3,1,2017,0,0.0,0.0,0,0.0,0.0,0.0,0.0,0.0
2017-03-25,Technology,0.0,0.0,0.0,5,Saturday,3,1,2017,1,0.0,0.0,0,0.0,0.0,0.0,0.0,0.0
2017-03-26,Technology,0.0,0.0,0.0,6,Sunday,3,1,2017,1,0.0,0.0,0,0.0,0.0,0.0,0.0,0.0
2017-03-27,Technology,0.0,0.0,0.0,0,Monday,3,1,2017,0,0.0,0.0,0,0.0,0.0,0.0,0.0,0.0
2017-03-28,Technology,0.0,0.0,0.0,1,Tuesday,3,1,2017,0,0.0,0.0,0,0.0,0.0,0.0,0.0,0.0
2017-03-29,Technology,0.0,0.0,0.0,2,Wednesday,3,1,2017,0,0.0,0.0,0,0.0,0.0,0.0,0.0,0.0
2017-03-30,Technology,0.0,0.0,0.0,3,Thursday,3,1,2017,0,0.0,0.0,0,0.0,0.0,0.0,0.0,0.0
2017-03-31,Technology,0.0,0.0,0.0,4,Friday,3,1,2017,0,0.0,0.0,0,0.0,0.0,0.0,0.0,0.0
2017-04-01,Technology,959.968,0.0,0.0,5,Saturday,4,2,2017,1,959.968,0.0,1,0.0,0.0,0.0,0.0,0.0
2017-04-02,Technology,90.48,0.0,0.0,6,Sunday,4,2,2017,1,90.48,0.0,1,0.0,0.0,0.0,0.0,0.0
2017-04-03,Technology,159.98,0.0,0.0,0,Monday,4,2,2017,0,159.98,0.0,1,0.0,0.0,0.0,0.0,0.0
2017-04-04,Technology,239.94,0.0,0.0,1,Tuesday,4,2,2017,0,239.94,0.0,1,0.0,0.0,0.0,0.0,0.0
2017-04-05,Technology,0.0,0.0,0.0,2,Wednesday,4,2,2017,0,0.0,0.0,0,0.0,0.0,0.0,0.0,0.0
2017-04-06,Technology,1381.8339999999998,0.0,0.0,3,Thursday,4,2,2017,0,1381.8339999999998,0.0,1,0.0,0.0,0.0,0.0,0.0
2017-04-07,Technology,249.456,0.0,0.0,4,Friday,4,2,2017,0,249.456,0.0,1,0.0,0.0,0.0,0.0,0.0
2017-04-08,Technology,302.384,0.0,0.0,5,Saturday,4,2,2017,1,302.384,0.0,1,0.0,0.0,0.0,0.0,0.0
2017-04-09,Technology,279.95,0.0,0.0,6,Sunday,4,2,2017,1,279.95,0.0,1,0.0,0.0,0.0,0.0,0.0
2017-04-10,Technology,5452.59,0.0,0.0,0,Monday,4,2,2017,0,5452.59,0.0,1,0.0,0.0,0.0,0.0,0.0
2017-04-11,Technology,686.4,0.0,0.0,1,Tuesday,4,2,2017,0,686.4,0.0,1,0.0,0.0,0.0,0.0,0.0
2017-04-12,Technology,78.15,0.0,0.0,2,Wednesday,4,2,2017,0,78.15,0.0,1,0.0,0.0,0.0,0.0,0.0
2017-04-13,Technology,0.0,0.0,0.0,3,Thursday,4,2,2017,0,0.0,0.0,0,0.0,0.0,0.0,0.0,0.0
2017-04-14,Technology,0.0,0.0,0.0,4,Friday,4,2,2017,0,0.0,0.0,0,0.0,0.0,0.0,0.0,0.0
2017-04-15,Technology,0.0,0.0,0.0,5,Saturday,4,2,2017,1,0.0,0.0,0,0.0,0.0,0.0,0.0,0.0
2017-04-16,Technology,0.0,0.0,0.0,6,Sunday,4,2,2017,1,0.0,0.0,0,0.0,0.0,0.0,0.0,0.0
2017-04-17,Technology,0.0,0.0,0.0,0,Monday,4,2,2017,0,0.0,0.0,0,0.0,0.0,0.0,0.0,0.0
2017-04-18,Technology,0.0,0.0,0.0,1,Tuesday,4,2,2017,0,0.0,0.0,0,0.0,0.0,0.0,0.0,0.0
2017-04-19,Technology,0.0,0.0,0.0,2,Wednesday,4,2,2017,0,0.0,0.0,0,0.0,0.0,0.0,0.0,0.0
2017-04-20,Technology,0.0,0.0,0.0,3,Thursday,4,2,2017,0,0.0,0.0,0,0.0,0.0,0.0,0.0,0.0
2017-04-21,Technology,0.0,0.0,0.0,4,Friday,4,2,2017,0,0.0,0.0,0,0.0,0.0,0.0,0.0,0.0
2017-04-22,Technology,0.0,0.0,0.0,5,Saturday,4,2,2017,1,0.0,0.0,0,0.0,0.0,0.0,0.0,0.0
2017-04-23,Technology,0.0,0.0,0.0,6,Sunday,4,2,2017,1,0.0,0.0,0,0.0,0.0,0.0,0.0,0.0
2017-04-24,Technology,0.0,0.0,0.0,0,Monday,4,2,2017,0,0.0,0.0,0,0.0,0.0,0.0,0.0,0.0
2017-04-25,Technology,0.0,0.0,0.0,1,Tuesday,4,2,2017,0,0.0,0.0,0,0.0,0.0,0.0,0.0,0.0
2017-04-26,Technology,0.0,0.0,0.0,2,Wednesday,4,2,2017,0,0.0,0.0,0,0.0,0.0,0.0,0.0,0.0
2017-04-27,Technology,0.0,0.0,0.0,3,Thursday,4,2,2017,0,0.0,0.0,0,0.0,0.0,0.0,0.0,0.0
2017-04-28,Technology,0.0,0.0,0.0,4,Friday,4,2,2017,0,0.0,0.0,0,0.0,0.0,0.0,0.0,0.0
2017-04-29,Technology,0.0,0.0,0.0,5,Saturday,4,2,2017,1,0.0,0.0,0,0.0,0.0,0.0,0.0,0.0
2017-04-30,Technology,0.0,0.0,0.0,6,Sunday,4,2,2017,1,0.0,0.0,0,0.0,0.0,0.0,0.0,0.0
2017-05-01,Technology,250.656,1.0,0.0,0,Monday,5,2,2017,0,250.656,0.0,1,0.0,0.0,0.0,0.0,0.0
2017-05-02,Technology,749.648,0.0,0.0,1,Tuesday,5,2,2017,0,749.648,0.0,1,0.0,0.0,0.0,0.0,0.0
2017-05-03,Technology,0.0,0.0,0.0,2,Wednesday,5,2,2017,0,0.0,0.0,0,0.0,0.0,0.0,0.0,0.0
2017-05-04,Technology,118.782,0.0,0.0,3,Thursday,5,2,2017,0,118.782,0.0,1,0.0,0.0,0.0,0.0,0.0
2017-05-05,Technology,423.648,0.0,0.0,4,Friday,5,2,2017,0,423.648,0.0,1,0.0,0.0,0.0,0.0,0.0
2017-05-06,Technology,0.0,0.0,0.0,5,Saturday,5,2,2017,1,0.0,0.0,0,0.0,0.0,0.0,0.0,0.0
2017-05-07,Technology,0.0,0.0,0.0,6,Sunday,5,2,2017,1,0.0,0.0,0,0.0,0.0,0.0,0.0,0.0
2017-05-08,Technology,0.0,0.0,0.0,0,Monday,5,2,2017,0,0.0,0.0,0,0.0,0.0,0.0,0.0,0.0
2017-05-09,Technology,546.784,0.0,0.0,1,Tuesday,5,2,2017,0,546.784,0.0,1,0.0,0.0,0.0,0.0,0.0
2017-05-10,Technology,0.0,0.0,0.0,2,Wednesday,5,2,2017,0,0.0,0.0,0,0.0,0.0,0.0,0.0,0.0
2017-05-11,Technology,837.638,1.0,0.0,3,Thursday,5,2,2017,0,837.638,0.0,1,0.0,0.0,0.0,0.0,0.0
2017-05-12,Technology,1234.4,0.0,0.0,4,Friday,5,2,2017,0,1234.4,0.0,1,0.0,0.0,0.0,0.0,0.0
2017-05-13,Technology,0.0,0.0,0.0,5,Saturday,5,2,2017,1,0.0,0.0,0,0.0,0.0,0.0,0.0,0.0
2017-05-14,Technology,0.0,0.0,0.0,6,Sunday,5,2,2017,1,0.0,0.0,0,0.0,0.0,0.0,0.0,0.0
2017-05-15,Technology,0.0,0.0,0.0,0,Monday,5,2,2017,0,0.0,0.0,0,0.0,0.0,0.0,0.0,0.0
2017-05-16,Technology,0.0,0.0,0.0,1,Tuesday,5,2,2017,0,0.0,0.0,0,0.0,0.0,0.0,0.0,0.0
2017-05-17,Technology,0.0,0.0,0.0,2,Wednesday,5,2,2017,0,0.0,0.0,0,0.0,0.0,0.0,0.0,0.0
2017-05-18,Technology,0.0,0.0,0.0,3,Thursday,5,2,2017,0,0.0,0.0,0,0.0,0.0,0.0,0.0,0.0
2017-05-19,Technology,0.0,0.0,0.0,4,Friday,5,2,2017,0,0.0,0.0,0,0.0,0.0,0.0,0.0,0.0
2017-05-20,Technology,0.0,0.0,0.0,5,Saturday,5,2,2017,1,0.0,0.0,0,0.0,0.0,0.0,0.0,0.0
2017-05-21,Technology,0.0,0.0,0.0,6,Sunday,5,2,2017,1,0.0,0.0,0,0.0,0.0,0.0,0.0,0.0
2017-05-22,Technology,0.0,0.0,0.0,0,Monday,5,2,2017,0,0.0,0.0,0,0.0,0.0,0.0,0.0,0.0
2017-05-23,Technology,0.0,0.0,0.0,1,Tuesday,5,2,2017,0,0.0,0.0,0,0.0,0.0,0.0,0.0,0.0
2017-05-24,Technology,0.0,0.0,0.0,2,Wednesday,5,2,2017,0,0.0,0.0,0,0.0,0.0,0.0,0.0,0.0
2017-05-25,Technology,0.0,0.0,0.0,3,Thursday,5,2,2017,0,0.0,0.0,0,0.0,0.0,0.0,0.0,0.0
2017-05-26,Technology,0.0,0.0,0.0,4,Friday,5,2,2017,0,0.0,0.0,0,0.0,0.0,0.0,0.0,0.0
2017-05-27,Technology,0.0,0.0,0.0,5,Saturday,5,2,2017,1,0.0,0.0,0,0.0,0.0,0.0,0.0,0.0
2017-05-28,Technology,0.0,0.0,0.0,6,Sunday,5,2,2017,1,0.0,0.0,0,0.0,0.0,0.0,0.0,0.0
2017-05-29,Technology,0.0,0.0,0.0,0,Monday,5,2,2017,0,0.0,0.0,0,0.0,0.0,0.0,0.0,0.0
2017-05-30,Technology,0.0,0.0,0.0,1,Tuesday,5,2,2017,0,0.0,0.0,0,0.0,0.0,0.0,0.0,0.0
2017-05-31,Technology,0.0,0.0,0.0,2,Wednesday,5,2,2017,0,0.0,0.0,0,0.0,0.0,0.0,0.0,0.0
2017-06-01,Technology,0.0,0.0,0.0,3,Thursday,6,2,2017,0,0.0,0.0,0,0.0,0.0,0.0,0.0,0.0
2017-06-02,Technology,0.0,0.0,0.0,4,Friday,6,2,2017,0,0.0,0.0,0,0.0,0.0,0.0,0.0,0.0
2017-06-03,Technology,500.178,0.0,0.0,5,Saturday,6,2,2017,1,500.178,0.0,1,0.0,0.0,0.0,0.0,0.0
2017-06-04,Technology,1294.75,0.0,0.0,6,Sunday,6,2,2017,1,1294.75,0.0,1,0.0,0.0,0.0,0.0,0.0
2017-06-05,Technology,26.176,0.0,0.0,0,Monday,6,2,2017,0,26.176,0.0,1,0.0,0.0,0.0,0.0,0.0
2017-06-06,Technology,4386.872,0.0,0.0,1,Tuesday,6,2,2017,0,4386.872,0.0,1,0.0,0.0,0.0,0.0,0.0
2017-06-07,Technology,0.0,0.0,0.0,2,Wednesday,6,2,2017,0,0.0,0.0,0,0.0,0.0,0.0,0.0,0.0
2017-06-08,Technology,211.168,0.0,0.0,3,Thursday,6,2,2017,0,211.168,0.0,1,0.0,0.0,0.0,0.0,0.0
2017-06-09,Technology,361.444,0.0,0.0,4,Friday,6,2,2017,0,361.444,0.0,1,0.0,0.0,0.0,0.0,0.0
2017-06-10,Technology,771.6700000000001,0.0,0.0,5,Saturday,6,2,2017,1,771.6700000000001,0.0,1,0.0,0.0,0.0,0.0,0.0
2017-06-11,Technology,0.0,0.0,0.0,6,Sunday,6,2,2017,1,0.0,0.0,0,0.0,0.0,0.0,0.0,0.0
2017-06-12,Technology,1068.752,0.0,0.0,0,Monday,6,2,2017,0,1068.752,0.0,1,0.0,0.0,0.0,0.0,0.0
2017-06-13,Technology,0.0,0.0,0.0,1,Tuesday,6,2,2017,0,0.0,0.0,0,0.0,0.0,0.0,0.0,0.0
2017-06-14,Technology,0.0,0.0,0.0,2,Wednesday,6,2,2017,0,0.0,0.0,0,0.0,0.0,0.0,0.0,0.0
2017-06-15,Technology,0.0,0.0,0.0,3,Thursday,6,2,2017,0,0.0,0.0,0,0.0,0.0,0.0,0.0,0.0
2017-06-16,Technology,0.0,0.0,0.0,4,Friday,6,2,2017,0,0.0,0.0,0,0.0,0.0,0.0,0.0,0.0
2017-06-17,Technology,0.0,0.0,0.0,5,Saturday,6,2,2017,1,0.0,0.0,0,0.0,0.0,0.0,0.0,0.0
2017-06-18,Technology,0.0,0.0,0.0,6,Sunday,6,2,2017,1,0.0,0.0,0,0.0,0.0,0.0,0.0,0.0
2017-06-19,Technology,0.0,0.0,0.0,0,Monday,6,2,2017,0,0.0,0.0,0,0.0,0.0,0.0,0.0,0.0
2017-06-20,Technology,0.0,0.0,0.0,1,Tuesday,6,2,2017,0,0.0,0.0,0,0.0,0.0,0.0,0.0,0.0
2017-06-21,Technology,0.0,0.0,0.0,2,Wednesday,6,2,2017,0,0.0,0.0,0,0.0,0.0,0.0,0.0,0.0
2017-06-22,Technology,0.0,0.0,0.0,3,Thursday,6,2,2017,0,0.0,0.0,0,0.0,0.0,0.0,0.0,0.0
2017-06-23,Technology,0.0,0.0,0.0,4,Friday,6,2,2017,0,0.0,0.0,0,0.0,0.0,0.0,0.0,0.0
2017-06-24,Technology,0.0,0.0,0.0,5,Saturday,6,2,2017,1,0.0,0.0,0,0.0,0.0,0.0,0.0,0.0
2017-06-25,Technology,0.0,0.0,0.0,6,Sunday,6,2,2017,1,0.0,0.0,0,0.0,0.0,0.0,0.0,0.0
2017-06-26,Technology,0.0,0.0,0.0,0,Monday,6,2,2017,0,0.0,0.0,0,0.0,0.0,0.0,0.0,0.0
2017-06-27,Technology,0.0,0.0,0.0,1,Tuesday,6,2,2017,0,0.0,0.0,0,0.0,0.0,0.0,0.0,0.0
2017-06-28,Technology,0.0,0.0,0.0,2,Wednesday,6,2,2017,0,0.0,0.0,0,0.0,0.0,0.0,0.0,0.0
2017-06-29,Technology,0.0,0.0,0.0,3,Thursday,6,2,2017,0,0.0,0.0,0,0.0,0.0,0.0,0.0,0.0
2017-06-30,Technology,0.0,0.0,0.0,4,Friday,6,2,2017,0,0.0,0.0,0,0.0,0.0,0.0,0.0,0.0
2017-07-01,Technology,0.0,0.0,0.0,5,Saturday,7,3,2017,1,0.0,0.0,0,0.0,0.0,0.0,0.0,0.0
2017-07-02,Technology,723.96,0.0,0.0,6,Sunday,7,3,2017,1,723.96,0.0,1,0.0,0.0,0.0,0.0,0.0
2017-07-03,Technology,21.072,0.0,0.0,0,Monday,7,3,2017,0,21.072,0.0,1,0.0,0.0,0.0,0.0,0.0
2017-07-04,Technology,1199.976,0.0,0.0,1,Tuesday,7,3,2017,0,1199.976,0.0,1,0.0,0.0,0.0,0.0,0.0
2017-07-05,Technology,4199.9,0.0,0.0,2,Wednesday,7,3,2017,0,4199.9,0.0,1,0.0,0.0,0.0,0.0,0.0
2017-07-06,Technology,0.0,0.0,0.0,3,Thursday,7,3,2017,0,0.0,0.0,0,0.0,0.0,0.0,0.0,0.0
2017-07-07,Technology,2859.954,0.0,0.0,4,Friday,7,3,2017,0,2859.954,0.0,1,0.0,0.0,0.0,0.0,0.0
2017-07-08,Technology,179.97,0.0,0.0,5,Saturday,7,3,2017,1,179.97,0.0,1,0.0,0.0,0.0,0.0,0.0
2017-07-09,Technology,0.0,0.0,0.0,6,Sunday,7,3,2017,1,0.0,0.0,0,0.0,0.0,0.0,0.0,0.0
2017-07-10,Technology,837.6,0.0,0.0,0,Monday,7,3,2017,0,837.6,0.0,1,0.0,0.0,0.0,0.0,0.0
2017-07-11,Technology,1223.876,0.0,0.0,1,Tuesday,7,3,2017,0,1223.876,0.0,1,0.0,0.0,0.0,0.0,0.0
2017-07-12,Technology,0.0,0.0,0.0,2,Wednesday,7,3,2017,0,0.0,0.0,0,0.0,0.0,0.0,0.0,0.0
2017-07-13,Technology,0.0,0.0,0.0,3,Thursday,7,3,2017,0,0.0,0.0,0,0.0,0.0,0.0,0.0,0.0
2017-07-14,Technology,0.0,0.0,0.0,4,Friday,7,3,2017,0,0.0,0.0,0,0.0,0.0,0.0,0.0,0.0
2017-07-15,Technology,0.0,0.0,0.0,5,Saturday,7,3,2017,1,0.0,0.0,0,0.0,0.0,0.0,0.0,0.0
2017-07-16,Technology,0.0,0.0,0.0,6,Sunday,7,3,2017,1,0.0,0.0,0,0.0,0.0,0.0,0.0,0.0
2017-07-17,Technology,0.0,0.0,0.0,0,Monday,7,3,2017,0,0.0,0.0,0,0.0,0.0,0.0,0.0,0.0
2017-07-18,Technology,0.0,0.0,0.0,1,Tuesday,7,3,2017,0,0.0,0.0,0,0.0,0.0,0.0,0.0,0.0
2017-07-19,Technology,0.0,0.0,0.0,2,Wednesday,7,3,2017,0,0.0,0.0,0,0.0,0.0,0.0,0.0,0.0
2017-07-20,Technology,0.0,0.0,0.0,3,Thursday,7,3,2017,0,0.0,0.0,0,0.0,0.0,0.0,0.0,0.0
2017-07-21,Technology,0.0,0.0,0.0,4,Friday,7,3,2017,0,0.0,0.0,0,0.0,0.0,0.0,0.0,0.0
2017-07-22,Technology,0.0,0.0,0.0,5,Saturday,7,3,2017,1,0.0,0.0,0,0.0,0.0,0.0,0.0,0.0
2017-07-23,Technology,0.0,0.0,0.0,6,Sunday,7,3,2017,1,0.0,0.0,0,0.0,0.0,0.0,0.0,0.0
2017-07-24,Technology,0.0,0.0,0.0,0,Monday,7,3,2017,0,0.0,0.0,0,0.0,0.0,0.0,0.0,0.0
2017-07-25,Technology,0.0,0.0,0.0,1,Tuesday,7,3,2017,0,0.0,0.0,0,0.0,0.0,0.0,0.0,0.0
2017-07-26,Technology,0.0,0.0,0.0,2,Wednesday,7,3,2017,0,0.0,0.0,0,0.0,0.0,0.0,0.0,0.0
2017-07-27,Technology,0.0,0.0,0.0,3,Thursday,7,3,2017,0,0.0,0.0,0,0.0,0.0,0.0,0.0,0.0
2017-07-28,Technology,0.0,0.0,0.0,4,Friday,7,3,2017,0,0.0,0.0,0,0.0,0.0,0.0,0.0,0.0
2017-07-29,Technology,0.0,0.0,0.0,5,Saturday,7,3,2017,1,0.0,0.0,0,0.0,0.0,0.0,0.0,0.0
2017-07-30,Technology,0.0,0.0,0.0,6,Sunday,7,3,2017,1,0.0,0.0,0,0.0,0.0,0.0,0.0,0.0
2017-07-31,Technology,0.0,0.0,0.0,0,Monday,7,3,2017,0,0.0,0.0,0,0.0,0.0,0.0,0.0,0.0
2017-08-01,Technology,108.784,0.0,0.0,1,Tuesday,8,3,2017,0,108.784,0.0,1,0.0,0.0,0.0,0.0,0.0
2017-08-02,Technology,1127.976,0.0,0.0,2,Wednesday,8,3,2017,0,1127.976,0.0,1,0.0,0.0,0.0,0.0,0.0
2017-08-03,Technology,1500.496,0.0,0.0,3,Thursday,8,3,2017,0,1500.496,0.0,1,0.0,0.0,0.0,0.0,0.0
2017-08-04,Technology,431.928,0.0,0.0,4,Friday,8,3,2017,0,431.928,0.0,1,0.0,0.0,0.0,0.0,0.0
2017-08-05,Technology,58.112,0.0,0.0,5,Saturday,8,3,2017,1,58.112,0.0,1,0.0,0.0,0.0,0.0,0.0
2017-08-06,Technology,0.0,0.0,0.0,6,Sunday,8,3,2017,1,0.0,0.0,0,0.0,0.0,0.0,0.0,0.0
2017-08-07,Technology,1795.584,0.0,0.0,0,Monday,8,3,2017,0,1795.584,0.0,1,0.0,0.0,0.0,0.0,0.0
2017-08-08,Technology,0.0,0.0,0.0,1,Tuesday,8,3,2017,0,0.0,0.0,0,0.0,0.0,0.0,0.0,0.0
2017-08-09,Technology,152.712,0.0,0.0,2,Wednesday,8,3,2017,0,152.712,0.0,1,0.0,0.0,0.0,0.0,0.0
2017-08-10,Technology,0.0,0.0,0.0,3,Thursday,8,3,2017,0,0.0,0.0,0,0.0,0.0,0.0,0.0,0.0
2017-08-11,Technology,0.0,0.0,0.0,4,Friday,8,3,2017,0,0.0,0.0,0,0.0,0.0,0.0,0.0,0.0
2017-08-12,Technology,1546.75,0.0,0.0,5,Saturday,8,3,2017,1,1546.75,0.0,1,0.0,0.0,0.0,0.0,0.0
2017-08-13,Technology,0.0,0.0,0.0,6,Sunday,8,3,2017,1,0.0,0.0,0,0.0,0.0,0.0,0.0,0.0
2017-08-14,Technology,0.0,0.0,0.0,0,Monday,8,3,2017,0,0.0,0.0,0,0.0,0.0,0.0,0.0,0.0
2017-08-15,Technology,0.0,0.0,0.0,1,Tuesday,8,3,2017,0,0.0,0.0,0,0.0,0.0,0.0,0.0,0.0
2017-08-16,Technology,0.0,0.0,0.0,2,Wednesday,8,3,2017,0,0.0,0.0,0,0.0,0.0,0.0,0.0,0.0
2017-08-17,Technology,0.0,0.0,0.0,3,Thursday,8,3,2017,0,0.0,0.0,0,0.0,0.0,0.0,0.0,0.0
2017-08-18,Technology,0.0,0.0,0.0,4,Friday,8,3,2017,0,0.0,0.0,0,0.0,0.0,0.0,0.0,0.0
2017-08-19,Technology,0.0,0.0,0.0,5,Saturday,8,3,2017,1,0.0,0.0,0,0.0,0.0,0.0,0.0,0.0
2017-08-20,Technology,0.0,0.0,0.0,6,Sunday,8,3,2017,1,0.0,0.0,0,0.0,0.0,0.0,0.0,0.0
2017-08-21,Technology,0.0,0.0,0.0,0,Monday,8,3,2017,0,0.0,0.0,0,0.0,0.0,0.0,0.0,0.0
2017-08-22,Technology,0.0,0.0,0.0,1,Tuesday,8,3,2017,0,0.0,0.0,0,0.0,0.0,0.0,0.0,0.0
2017-08-23,Technology,0.0,0.0,0.0,2,Wednesday,8,3,2017,0,0.0,0.0,0,0.0,0.0,0.0,0.0,0.0
2017-08-24,Technology,0.0,0.0,0.0,3,Thursday,8,3,2017,0,0.0,0.0,0,0.0,0.0,0.0,0.0,0.0
2017-08-25,Technology,0.0,0.0,0.0,4,Friday,8,3,2017,0,0.0,0.0,0,0.0,0.0,0.0,0.0,0.0
2017-08-26,Technology,0.0,0.0,0.0,5,Saturday,8,3,2017,1,0.0,0.0,0,0.0,0.0,0.0,0.0,0.0
2017-08-27,Technology,0.0,0.0,0.0,6,Sunday,8,3,2017,1,0.0,0.0,0,0.0,0.0,0.0,0.0,0.0
2017-08-28,Technology,0.0,0.0,0.0,0,Monday,8,3,2017,0,0.0,0.0,0,0.0,0.0,0.0,0.0,0.0
2017-08-29,Technology,0.0,0.0,0.0,1,Tuesday,8,3,2017,0,0.0,0.0,0,0.0,0.0,0.0,0.0,0.0
2017-08-30,Technology,0.0,0.0,0.0,2,Wednesday,8,3,2017,0,0.0,0.0,0,0.0,0.0,0.0,0.0,0.0
2017-08-31,Technology,0.0,0.0,0.0,3,Thursday,8,3,2017,0,0.0,0.0,0,0.0,0.0,0.0,0.0,0.0
2017-09-01,Technology,727.8779999999999,1.0,0.0,4,Friday,9,3,2017,0,727.8779999999999,0.0,1,0.0,0.0,0.0,0.0,0.0
2017-09-02,Technology,121.83,0.0,0.0,5,Saturday,9,3,2017,1,121.83,0.0,1,0.0,0.0,0.0,0.0,0.0
2017-09-03,Technology,199.75,0.0,0.0,6,Sunday,9,3,2017,1,199.75,0.0,1,0.0,0.0,0.0,0.0,0.0
2017-09-04,Technology,517.9,0.0,0.0,0,Monday,9,3,2017,0,517.9,0.0,1,0.0,0.0,0.0,0.0,0.0
2017-09-05,Technology,113.116,0.0,0.0,1,Tuesday,9,3,2017,0,113.116,0.0,1,0.0,0.0,0.0,0.0,0.0
2017-09-06,Technology,873.1800000000001,0.0,0.0,2,Wednesday,9,3,2017,0,873.1800000000001,0.0,1,0.0,0.0,0.0,0.0,0.0
2017-09-07,Technology,0.0,0.0,0.0,3,Thursday,9,3,2017,0,0.0,0.0,0,0.0,0.0,0.0,0.0,0.0
2017-09-08,Technology,44.784,0.0,0.0,4,Friday,9,3,2017,0,44.784,0.0,1,0.0,0.0,0.0,0.0,0.0
2017-09-09,Technology,0.0,0.0,0.0,5,Saturday,9,3,2017,1,0.0,0.0,0,0.0,0.0,0.0,0.0,0.0
2017-09-10,Technology,23.976,0.0,0.0,6,Sunday,9,3,2017,1,23.976,0.0,1,0.0,0.0,0.0,0.0,0.0
2017-09-11,Technology,479.97,0.0,0.0,0,Monday,9,3,2017,0,479.97,0.0,1,0.0,0.0,0.0,0.0,0.0
2017-09-12,Technology,130.6,0.0,0.0,1,Tuesday,9,3,2017,0,130.6,0.0,1,0.0,0.0,0.0,0.0,0.0
2017-09-13,Technology,0.0,0.0,0.0,2,Wednesday,9,3,2017,0,0.0,0.0,0,0.0,0.0,0.0,0.0,0.0
2017-09-14,Technology,0.0,0.0,0.0,3,Thursday,9,3,2017,0,0.0,0.0,0,0.0,0.0,0.0,0.0,0.0
2017-09-15,Technology,0.0,0.0,0.0,4,Friday,9,3,2017,0,0.0,0.0,0,0.0,0.0,0.0,0.0,0.0
2017-09-16,Technology,0.0,0.0,0.0,5,Saturday,9,3,2017,1,0.0,0.0,0,0.0,0.0,0.0,0.0,0.0
2017-09-17,Technology,0.0,0.0,0.0,6,Sunday,9,3,2017,1,0.0,0.0,0,0.0,0.0,0.0,0.0,0.0
2017-09-18,Technology,0.0,0.0,0.0,0,Monday,9,3,2017,0,0.0,0.0,0,0.0,0.0,0.0,0.0,0.0
2017-09-19,Technology,0.0,0.0,0.0,1,Tuesday,9,3,2017,0,0.0,0.0,0,0.0,0.0,0.0,0.0,0.0
2017-09-20,Technology,0.0,0.0,0.0,2,Wednesday,9,3,2017,0,0.0,0.0,0,0.0,0.0,0.0,0.0,0.0
2017-09-21,Technology,0.0,0.0,0.0,3,Thursday,9,3,2017,0,0.0,0.0,0,0.0,0.0,0.0,0.0,0.0
2017-09-22,Technology,0.0,0.0,0.0,4,Friday,9,3,2017,0,0.0,0.0,0,0.0,0.0,0.0,0.0,0.0
2017-09-23,Technology,0.0,0.0,0.0,5,Saturday,9,3,2017,1,0.0,0.0,0,0.0,0.0,0.0,0.0,0.0
2017-09-24,Technology,0.0,0.0,0.0,6,Sunday,9,3,2017,1,0.0,0.0,0,0.0,0.0,0.0,0.0,0.0
2017-09-25,Technology,0.0,0.0,0.0,0,Monday,9,3,2017,0,0.0,0.0,0,0.0,0.0,0.0,0.0,0.0
2017-09-26,Technology,0.0,0.0,0.0,1,Tuesday,9,3,2017,0,0.0,0.0,0,0.0,0.0,0.0,0.0,0.0
2017-09-27,Technology,0.0,0.0,0.0,2,Wednesday,9,3,2017,0,0.0,0.0,0,0.0,0.0,0.0,0.0,0.0
2017-09-28,Technology,0.0,0.0,0.0,3,Thursday,9,3,2017,0,0.0,0.0,0,0.0,0.0,0.0,0.0,0.0
2017-09-29,Technology,0.0,0.0,0.0,4,Friday,9,3,2017,0,0.0,0.0,0,0.0,0.0,0.0,0.0,0.0
2017-09-30,Technology,0.0,0.0,0.0,5,Saturday,9,3,2017,1,0.0,0.0,0,0.0,0.0,0.0,0.0,0.0
2017-10-01,Technology,69.98,0.0,0.0,6,Sunday,10,4,2017,1,69.98,0.0,1,0.0,0.0,0.0,0.0,0.0
2017-10-02,Technology,0.0,0.0,0.0,0,Monday,10,4,2017,0,0.0,0.0,0,0.0,0.0,0.0,0.0,0.0
2017-10-03,Technology,7583.354,0.0,0.0,1,Tuesday,10,4,2017,0,7583.354,0.0,1,0.0,0.0,0.0,0.0,0.0
2017-10-04,Technology,0.0,0.0,0.0,2,Wednesday,10,4,2017,0,0.0,0.0,0,0.0,0.0,0.0,0.0,0.0
2017-10-05,Technology,743.988,0.0,0.0,3,Thursday,10,4,2017,0,743.988,0.0,1,0.0,0.0,0.0,0.0,0.0
2017-10-06,Technology,0.0,0.0,0.0,4,Friday,10,4,2017,0,0.0,0.0,0,0.0,0.0,0.0,0.0,0.0
2017-10-07,Technology,341.991,0.0,0.0,5,Saturday,10,4,2017,1,341.991,0.0,1,0.0,0.0,0.0,0.0,0.0
2017-10-08,Technology,0.0,0.0,0.0,6,Sunday,10,4,2017,1,0.0,0.0,0,0.0,0.0,0.0,0.0,0.0
2017-10-09,Technology,1239.6399999999999,0.0,0.0,0,Monday,10,4,2017,0,1239.6399999999999,0.0,1,0.0,0.0,0.0,0.0,0.0
2017-10-10,Technology,15.992,0.0,0.0,1,Tuesday,10,4,2017,0,15.992,0.0,1,0.0,0.0,0.0,0.0,0.0
2017-10-11,Technology,1604.732,0.0,0.0,2,Wednesday,10,4,2017,0,1604.732,0.0,1,0.0,0.0,0.0,0.0,0.0
2017-10-12,Technology,44.75,0.0,0.0,3,Thursday,10,4,2017,0,44.75,0.0,1,0.0,0.0,0.0,0.0,0.0
2017-10-13,Technology,0.0,0.0,0.0,4,Friday,10,4,2017,0,0.0,0.0,0,0.0,0.0,0.0,0.0,0.0
2017-10-14,Technology,0.0,0.0,0.0,5,Saturday,10,4,2017,1,0.0,0.0,0,0.0,0.0,0.0,0.0,0.0
2017-10-15,Technology,0.0,0.0,0.0,6,Sunday,10,4,2017,1,0.0,0.0,0,0.0,0.0,0.0,0.0,0.0
2017-10-16,Technology,0.0,0.0,0.0,0,Monday,10,4,2017,0,0.0,0.0,0,0.0,0.0,0.0,0.0,0.0
2017-10-17,Technology,0.0,0.0,0.0,1,Tuesday,10,4,2017,0,0.0,0.0,0,0.0,0.0,0.0,0.0,0.0
2017-10-18,Technology,0.0,0.0,0.0,2,Wednesday,10,4,2017,0,0.0,0.0,0,0.0,0.0,0.0,0.0,0.0
2017-10-19,Technology,0.0,0.0,0.0,3,Thursday,10,4,2017,0,0.0,0.0,0,0.0,0.0,0.0,0.0,0.0
2017-10-20,Technology,0.0,0.0,0.0,4,Friday,10,4,2017,0,0.0,0.0,0,0.0,0.0,0.0,0.0,0.0
2017-10-21,Technology,0.0,0.0,0.0,5,Saturday,10,4,2017,1,0.0,0.0,0,0.0,0.0,0.0,0.0,0.0
2017-10-22,Technology,0.0,0.0,0.0,6,Sunday,10,4,2017,1,0.0,0.0,0,0.0,0.0,0.0,0.0,0.0
2017-10-23,Technology,0.0,0.0,0.0,0,Monday,10,4,2017,0,0.0,0.0,0,0.0,0.0,0.0,0.0,0.0
2017-10-24,Technology,0.0,0.0,0.0,1,Tuesday,10,4,2017,0,0.0,0.0,0,0.0,0.0,0.0,0.0,0.0
2017-10-25,Technology,0.0,0.0,0.0,2,Wednesday,10,4,2017,0,0.0,0.0,0,0.0,0.0,0.0,0.0,0.0
2017-10-26,Technology,0.0,0.0,0.0,3,Thursday,10,4,2017,0,0.0,0.0,0,0.0,0.0,0.0,0.0,0.0
2017-10-27,Technology,0.0,0.0,0.0,4,Friday,10,4,2017,0,0.0,0.0,0,0.0,0.0,0.0,0.0,0.0
2017-10-28,Technology,0.0,0.0,0.0,5,Saturday,10,4,2017,1,0.0,0.0,0,0.0,0.0,0.0,0.0,0.0
2017-10-29,Technology,0.0,0.0,0.0,6,Sunday,10,4,2017,1,0.0,0.0,0,0.0,0.0,0.0,0.0,0.0
2017-10-30,Technology,0.0,0.0,0.0,0,Monday,10,4,2017,0,0.0,0.0,0,0.0,0.0,0.0,0.0,0.0
2017-10-31,Technology,0.0,0.0,0.0,1,Tuesday,10,4,2017,0,0.0,0.0,0,0.0,0.0,0.0,0.0,0.0
2017-11-01,Technology,15.588,0.0,0.0,2,Wednesday,11,4,2017,0,15.588,0.0,1,0.0,0.0,0.0,0.0,0.0
2017-11-02,Technology,69.93,0.0,0.0,3,Thursday,11,4,2017,0,69.93,0.0,1,0.0,0.0,0.0,0.0,0.0
2017-11-03,Technology,45.98,0.0,0.0,4,Friday,11,4,2017,0,45.98,0.0,1,0.0,0.0,0.0,0.0,0.0
2017-11-04,Technology,0.0,0.0,0.0,5,Saturday,11,4,2017,1,0.0,0.0,0,0.0,0.0,0.0,0.0,0.0
2017-11-05,Technology,0.0,0.0,0.0,6,Sunday,11,4,2017,1,0.0,0.0,0,0.0,0.0,0.0,0.0,0.0
2017-11-06,Technology,629.94,0.0,0.0,0,Monday,11,4,2017,0,629.94,0.0,1,0.0,0.0,0.0,0.0,0.0
2017-11-07,Technology,0.0,0.0,0.0,1,Tuesday,11,4,2017,0,0.0,0.0,0,0.0,0.0,0.0,0.0,0.0
2017-11-08,Technology,0.0,0.0,0.0,2,Wednesday,11,4,2017,0,0.0,0.0,0,0.0,0.0,0.0,0.0,0.0
2017-11-09,Technology,5900.986,0.0,0.0,3,Thursday,11,4,2017,0,5900.986,0.0,1,0.0,0.0,0.0,0.0,0.0
2017-11-10,Technology,0.0,0.0,0.0,4,Friday,11,4,2017,0,0.0,0.0,0,0.0,0.0,0.0,0.0,0.0
2017-11-11,Technology,449.918,0.0,0.0,5,Saturday,11,4,2017,1,449.918,0.0,1,0.0,0.0,0.0,0.0,0.0
2017-11-12,Technology,2188.854,0.0,0.0,6,Sunday,11,4,2017,1,2188.854,0.0,1,0.0,0.0,0.0,0.0,0.0
2017-11-13,Technology,0.0,0.0,0.0,0,Monday,11,4,2017,0,0.0,0.0,0,0.0,0.0,0.0,0.0,0.0
2017-11-14,Technology,0.0,0.0,0.0,1,Tuesday,11,4,2017,0,0.0,0.0,0,0.0,0.0,0.0,0.0,0.0
2017-11-15,Technology,0.0,0.0,0.0,2,Wednesday,11,4,2017,0,0.0,0.0,0,0.0,0.0,0.0,0.0,0.0
2017-11-16,Technology,0.0,0.0,0.0,3,Thursday,11,4,2017,0,0.0,0.0,0,0.0,0.0,0.0,0.0,0.0
2017-11-17,Technology,0.0,0.0,0.0,4,Friday,11,4,2017,0,0.0,0.0,0,0.0,0.0,0.0,0.0,0.0
2017-11-18,Technology,0.0,0.0,0.0,5,Saturday,11,4,2017,1,0.0,0.0,0,0.0,0.0,0.0,0.0,0.0
2017-11-19,Technology,0.0,0.0,0.0,6,Sunday,11,4,2017,1,0.0,0.0,0,0.0,0.0,0.0,0.0,0.0
2017-11-20,Technology,0.0,0.0,0.0,0,Monday,11,4,2017,0,0.0,0.0,0,0.0,0.0,0.0,0.0,0.0
2017-11-21,Technology,0.0,0.0,0.0,1,Tuesday,11,4,2017,0,0.0,0.0,0,0.0,0.0,0.0,0.0,0.0
2017-11-22,Technology,0.0,0.0,0.0,2,Wednesday,11,4,2017,0,0.0,0.0,0,0.0,0.0,0.0,0.0,0.0
2017-11-23,Technology,0.0,0.0,0.0,3,Thursday,11,4,2017,0,0.0,0.0,0,0.0,0.0,0.0,0.0,0.0
2017-11-24,Technology,0.0,0.0,0.0,4,Friday,11,4,2017,0,0.0,0.0,0,0.0,0.0,0.0,0.0,0.0
2017-11-25,Technology,0.0,0.0,0.0,5,Saturday,11,4,2017,1,0.0,0.0,0,0.0,0.0,0.0,0.0,0.0
2017-11-26,Technology,0.0,0.0,0.0,6,Sunday,11,4,2017,1,0.0,0.0,0,0.0,0.0,0.0,0.0,0.0
2017-11-27,Technology,0.0,0.0,0.0,0,Monday,11,4,2017,0,0.0,0.0,0,0.0,0.0,0.0,0.0,0.0
2017-11-28,Technology,0.0,0.0,0.0,1,Tuesday,11,4,2017,0,0.0,0.0,0,0.0,0.0,0.0,0.0,0.0
2017-11-29,Technology,0.0,0.0,0.0,2,Wednesday,11,4,2017,0,0.0,0.0,0,0.0,0.0,0.0,0.0,0.0
2017-11-30,Technology,0.0,0.0,0.0,3,Thursday,11,4,2017,0,0.0,0.0,0,0.0,0.0,0.0,0.0,0.0
2017-12-01,Technology,0.0,0.0,0.0,4,Friday,12,4,2017,0,0.0,0.0,0,0.0,0.0,0.0,0.0,0.0
2017-12-02,Technology,0.0,0.0,0.0,5,Saturday,12,4,2017,1,0.0,0.0,0,0.0,0.0,0.0,0.0,0.0
2017-12-03,Technology,0.0,0.0,0.0,6,Sunday,12,4,2017,1,0.0,0.0,0,0.0,0.0,0.0,0.0,0.0
2017-12-04,Technology,0.0,0.0,0.0,0,Monday,12,4,2017,0,0.0,0.0,0,0.0,0.0,0.0,0.0,0.0
2017-12-05,Technology,751.96,0.0,0.0,1,Tuesday,12,4,2017,0,751.96,0.0,1,0.0,0.0,0.0,0.0,0.0
2017-12-06,Technology,1076.019,0.0,0.0,2,Wednesday,12,4,2017,0,1076.019,0.0,1,0.0,0.0,0.0,0.0,0.0
2017-12-07,Technology,95.76,0.0,0.0,3,Thursday,12,4,2017,0,95.76,0.0,1,0.0,0.0,0.0,0.0,0.0
2017-12-08,Technology,1399.944,0.0,0.0,4,Friday,12,4,2017,0,1399.944,0.0,1,0.0,0.0,0.0,0.0,0.0
2017-12-09,Technology,167.652,0.0,0.0,5,Saturday,12,4,2017,1,167.652,0.0,1,0.0,0.0,0.0,0.0,0.0
2017-12-10,Technology,0.0,0.0,0.0,6,Sunday,12,4,2017,1,0.0,0.0,0,0.0,0.0,0.0,0.0,0.0
2017-12-11,Technology,235.96,0.0,0.0,0,Monday,12,4,2017,0,235.96,0.0,1,0.0,0.0,0.0,0.0,0.0
2017-12-12,Technology,1291.8319999999999,0.0,0.0,1,Tuesday,12,4,2017,0,1291.8319999999999,0.0,1,0.0,0.0,0.0,0.0,0.0
2017-12-13,Technology,0.0,0.0,0.0,2,Wednesday,12,4,2017,0,0.0,0.0,0,0.0,0.0,0.0,0.0,0.0
2017-12-14,Technology,0.0,0.0,0.0,3,Thursday,12,4,2017,0,0.0,0.0,0,0.0,0.0,0.0,0.0,0.0
2017-12-15,Technology,0.0,0.0,0.0,4,Friday,12,4,2017,0,0.0,0.0,0,0.0,0.0,0.0,0.0,0.0
2017-12-16,Technology,0.0,0.0,0.0,5,Saturday,12,4,2017,1,0.0,0.0,0,0.0,0.0,0.0,0.0,0.0
2017-12-17,Technology,0.0,0.0,0.0,6,Sunday,12,4,2017,1,0.0,0.0,0,0.0,0.0,0.0,0.0,0.0
2017-12-18,Technology,0.0,0.0,0.0,0,Monday,12,4,2017,0,0.0,0.0,0,0.0,0.0,0.0,0.0,0.0
2017-12-19,Technology,0.0,0.0,0.0,1,Tuesday,12,4,2017,0,0.0,0.0,0,0.0,0.0,0.0,0.0,0.0
2017-12-20,Technology,0.0,0.0,0.0,2,Wednesday,12,4,2017,0,0.0,0.0,0,0.0,0.0,0.0,0.0,0.0
2017-12-21,Technology,0.0,0.0,0.0,3,Thursday,12,4,2017,0,0.0,0.0,0,0.0,0.0,0.0,0.0,0.0
2017-12-22,Technology,0.0,0.0,0.0,4,Friday,12,4,2017,0,0.0,0.0,0,0.0,0.0,0.0,0.0,0.0
2017-12-23,Technology,0.0,0.0,0.0,5,Saturday,12,4,2017,1,0.0,0.0,0,0.0,0.0,0.0,0.0,0.0
2017-12-24,Technology,0.0,0.0,0.0,6,Sunday,12,4,2017,1,0.0,0.0,0,0.0,0.0,0.0,0.0,0.0
2017-12-25,Technology,0.0,0.0,0.0,0,Monday,12,4,2017,0,0.0,0.0,0,0.0,0.0,0.0,0.0,0.0
2017-12-26,Technology,0.0,0.0,0.0,1,Tuesday,12,4,2017,0,0.0,0.0,0,0.0,0.0,0.0,0.0,0.0
2017-12-27,Technology,0.0,0.0,0.0,2,Wednesday,12,4,2017,0,0.0,0.0,0,0.0,0.0,0.0,0.0,0.0
2017-12-28,Technology,0.0,0.0,0.0,3,Thursday,12,4,2017,0,0.0,0.0,0,0.0,0.0,0.0,0.0,0.0
2017-12-29,Technology,0.0,0.0,0.0,4,Friday,12,4,2017,0,0.0,0.0,0,0.0,0.0,0.0,0.0,0.0
2017-12-30,Technology,0.0,0.0,0.0,5,Saturday,12,4,2017,1,0.0,0.0,0,0.0,0.0,0.0,0.0,0.0
2017-12-31,Technology,0.0,0.0,0.0,6,Sunday,12,4,2017,1,0.0,0.0,0,0.0,0.0,0.0,0.0,0.0
2018-01-01,Technology,0.0,0.0,0.0,0,Monday,1,1,2018,0,0.0,0.0,0,0.0,0.0,0.0,0.0,0.0
2018-01-02,Technology,0.0,0.0,0.0,1,Tuesday,1,1,2018,0,0.0,0.0,0,0.0,0.0,0.0,0.0,0.0
2018-01-03,Technology,0.0,0.0,0.0,2,Wednesday,1,1,2018,0,0.0,0.0,0,0.0,0.0,0.0,0.0,0.0
2018-01-04,Technology,4823.96,0.0,0.0,3,Thursday,1,1,2018,0,4823.96,0.0,1,0.0,0.0,0.0,0.0,0.0
2018-01-05,Technology,48.9,0.0,0.0,4,Friday,1,1,2018,0,48.9,0.0,1,0.0,0.0,0.0,0.0,0.0
2018-01-06,Technology,158.376,0.0,0.0,5,Saturday,1,1,2018,1,158.376,0.0,1,0.0,0.0,0.0,0.0,0.0
2018-01-07,Technology,0.0,0.0,0.0,6,Sunday,1,1,2018,1,0.0,0.0,0,0.0,0.0,0.0,0.0,0.0
2018-01-08,Technology,1807.926,0.0,0.0,0,Monday,1,1,2018,0,1807.926,0.0,1,0.0,0.0,0.0,0.0,0.0
2018-01-09,Technology,19.99,0.0,0.0,1,Tuesday,1,1,2018,0,19.99,0.0,1,0.0,0.0,0.0,0.0,0.0
2018-01-10,Technology,1809.64,0.0,0.0,2,Wednesday,1,1,2018,0,1809.64,0.0,1,0.0,0.0,0.0,0.0,0.0
2018-01-11,Technology,0.0,0.0,0.0,3,Thursday,1,1,2018,0,0.0,0.0,0,0.0,0.0,0.0,0.0,0.0
2018-01-12,Technology,1417.436,0.0,0.0,4,Friday,1,1,2018,0,1417.436,0.0,1,0.0,0.0,0.0,0.0,0.0
2018-01-13,Technology,0.0,0.0,0.0,5,Saturday,1,1,2018,1,0.0,0.0,0,0.0,0.0,0.0,0.0,0.0
2018-01-14,Technology,0.0,0.0,0.0,6,Sunday,1,1,2018,1,0.0,0.0,0,0.0,0.0,0.0,0.0,0.0
2018-01-15,Technology,0.0,0.0,0.0,0,Monday,1,1,2018,0,0.0,0.0,0,0.0,0.0,0.0,0.0,0.0
2018-01-16,Technology,0.0,0.0,0.0,1,Tuesday,1,1,2018,0,0.0,0.0,0,0.0,0.0,0.0,0.0,0.0
2018-01-17,Technology,0.0,0.0,0.0,2,Wednesday,1,1,2018,0,0.0,0.0,0,0.0,0.0,0.0,0.0,0.0
2018-01-18,Technology,0.0,0.0,0.0,3,Thursday,1,1,2018,0,0.0,0.0,0,0.0,0.0,0.0,0.0,0.0
2018-01-19,Technology,0.0,0.0,0.0,4,Friday,1,1,2018,0,0.0,0.0,0,0.0,0.0,0.0,0.0,0.0
2018-01-20,Technology,0.0,0.0,0.0,5,Saturday,1,1,2018,1,0.0,0.0,0,0.0,0.0,0.0,0.0,0.0
2018-01-21,Technology,0.0,0.0,0.0,6,Sunday,1,1,2018,1,0.0,0.0,0,0.0,0.0,0.0,0.0,0.0
2018-01-22,Technology,0.0,0.0,0.0,0,Monday,1,1,2018,0,0.0,0.0,0,0.0,0.0,0.0,0.0,0.0
2018-01-23,Technology,0.0,0.0,0.0,1,Tuesday,1,1,2018,0,0.0,0.0,0,0.0,0.0,0.0,0.0,0.0
2018-01-24,Technology,0.0,0.0,0.0,2,Wednesday,1,1,2018,0,0.0,0.0,0,0.0,0.0,0.0,0.0,0.0
2018-01-25,Technology,0.0,0.0,0.0,3,Thursday,1,1,2018,0,0.0,0.0,0,0.0,0.0,0.0,0.0,0.0
2018-01-26,Technology,0.0,0.0,0.0,4,Friday,1,1,2018,0,0.0,0.0,0,0.0,0.0,0.0,0.0,0.0
2018-01-27,Technology,0.0,0.0,0.0,5,Saturday,1,1,2018,1,0.0,0.0,0,0.0,0.0,0.0,0.0,0.0
2018-01-28,Technology,0.0,0.0,0.0,6,Sunday,1,1,2018,1,0.0,0.0,0,0.0,0.0,0.0,0.0,0.0
2018-01-29,Technology,0.0,0.0,0.0,0,Monday,1,1,2018,0,0.0,0.0,0,0.0,0.0,0.0,0.0,0.0
2018-01-30,Technology,0.0,0.0,0.0,1,Tuesday,1,1,2018,0,0.0,0.0,0,0.0,0.0,0.0,0.0,0.0
2018-01-31,Technology,0.0,0.0,0.0,2,Wednesday,1,1,2018,0,0.0,0.0,0,0.0,0.0,0.0,0.0,0.0
2018-02-01,Technology,712.2900000000001,0.0,0.0,3,Thursday,2,1,2018,0,712.2900000000001,0.0,1,0.0,0.0,0.0,0.0,0.0
2018-02-02,Technology,299.954,0.0,0.0,4,Friday,2,1,2018,0,299.954,0.0,1,0.0,0.0,0.0,0.0,0.0
2018-02-03,Technology,676.716,0.0,0.0,5,Saturday,2,1,2018,1,676.716,0.0,1,0.0,0.0,0.0,0.0,0.0
2018-02-04,Technology,360.0,0.0,0.0,6,Sunday,2,1,2018,1,360.0,0.0,1,0.0,0.0,0.0,0.0,0.0
2018-02-05,Technology,159.56,0.0,0.0,0,Monday,2,1,2018,0,159.56,0.0,1,0.0,0.0,0.0,0.0,0.0
2018-02-06,Technology,2.97,0.0,0.0,1,Tuesday,2,1,2018,0,2.97,0.0,1,0.0,0.0,0.0,0.0,0.0
2018-02-07,Technology,0.0,0.0,0.0,2,Wednesday,2,1,2018,0,0.0,0.0,0,0.0,0.0,0.0,0.0,0.0
2018-02-08,Technology,0.0,0.0,0.0,3,Thursday,2,1,2018,0,0.0,0.0,0,0.0,0.0,0.0,0.0,0.0
2018-02-09,Technology,3974.784,0.0,0.0,4,Friday,2,1,2018,0,3974.784,0.0,1,0.0,0.0,0.0,0.0,0.0
2018-02-10,Technology,519.934,0.0,0.0,5,Saturday,2,1,2018,1,519.934,0.0,1,0.0,0.0,0.0,0.0,0.0
2018-02-11,Technology,3109.1099999999997,0.0,0.0,6,Sunday,2,1,2018,1,3109.1099999999997,0.0,1,0.0,0.0,0.0,0.0,0.0
2018-02-12,Technology,3758.066,0.0,0.0,0,Monday,2,1,2018,0,3758.066,0.0,1,0.0,0.0,0.0,0.0,0.0
2018-02-13,Technology,0.0,0.0,0.0,1,Tuesday,2,1,2018,0,0.0,0.0,0,0.0,0.0,0.0,0.0,0.0
2018-02-14,Technology,0.0,0.0,0.0,2,Wednesday,2,1,2018,0,0.0,0.0,0,0.0,0.0,0.0,0.0,0.0
2018-02-15,Technology,0.0,0.0,0.0,3,Thursday,2,1,2018,0,0.0,0.0,0,0.0,0.0,0.0,0.0,0.0
2018-02-16,Technology,0.0,0.0,0.0,4,Friday,2,1,2018,0,0.0,0.0,0,0.0,0.0,0.0,0.0,0.0
2018-02-17,Technology,0.0,0.0,0.0,5,Saturday,2,1,2018,1,0.0,0.0,0,0.0,0.0,0.0,0.0,0.0
2018-02-18,Technology,0.0,0.0,0.0,6,Sunday,2,1,2018,1,0.0,0.0,0,0.0,0.0,0.0,0.0,0.0
2018-02-19,Technology,0.0,0.0,0.0,0,Monday,2,1,2018,0,0.0,0.0,0,0.0,0.0,0.0,0.0,0.0
2018-02-20,Technology,0.0,0.0,0.0,1,Tuesday,2,1,2018,0,0.0,0.0,0,0.0,0.0,0.0,0.0,0.0
2018-02-21,Technology,0.0,0.0,0.0,2,Wednesday,2,1,2018,0,0.0,0.0,0,0.0,0.0,0.0,0.0,0.0
2018-02-22,Technology,0.0,0.0,0.0,3,Thursday,2,1,2018,0,0.0,0.0,0,0.0,0.0,0.0,0.0,0.0
2018-02-23,Technology,0.0,0.0,0.0,4,Friday,2,1,2018,0,0.0,0.0,0,0.0,0.0,0.0,0.0,0.0
2018-02-24,Technology,0.0,0.0,0.0,5,Saturday,2,1,2018,1,0.0,0.0,0,0.0,0.0,0.0,0.0,0.0
2018-02-25,Technology,0.0,0.0,0.0,6,Sunday,2,1,2018,1,0.0,0.0,0,0.0,0.0,0.0,0.0,0.0
2018-02-26,Technology,0.0,0.0,0.0,0,Monday,2,1,2018,0,0.0,0.0,0,0.0,0.0,0.0,0.0,0.0
2018-02-27,Technology,0.0,0.0,0.0,1,Tuesday,2,1,2018,0,0.0,0.0,0,0.0,0.0,0.0,0.0,0.0
2018-02-28,Technology,0.0,0.0,0.0,2,Wednesday,2,1,2018,0,0.0,0.0,0,0.0,0.0,0.0,0.0,0.0
2018-03-01,Technology,0.0,0.0,0.0,3,Thursday,3,1,2018,0,0.0,0.0,0,0.0,0.0,0.0,0.0,0.0
2018-03-02,Technology,0.0,0.0,0.0,4,Friday,3,1,2018,0,0.0,0.0,0,0.0,0.0,0.0,0.0,0.0
2018-03-03,Technology,1149.42,0.0,0.0,5,Saturday,3,1,2018,1,1149.42,0.0,1,0.0,0.0,0.0,0.0,0.0
2018-03-04,Technology,0.0,0.0,0.0,6,Sunday,3,1,2018,1,0.0,0.0,0,0.0,0.0,0.0,0.0,0.0
2018-03-05,Technology,0.0,0.0,0.0,0,Monday,3,1,2018,0,0.0,0.0,0,0.0,0.0,0.0,0.0,0.0
2018-03-06,Technology,2043.262,0.0,0.0,1,Tuesday,3,1,2018,0,2043.262,0.0,1,0.0,0.0,0.0,0.0,0.0
2018-03-07,Technology,5486.942,0.0,0.0,2,Wednesday,3,1,2018,0,5486.942,0.0,1,0.0,0.0,0.0,0.0,0.0
2018-03-08,Technology,39.816,0.0,0.0,3,Thursday,3,1,2018,0,39.816,0.0,1,0.0,0.0,0.0,0.0,0.0
2018-03-09,Technology,385.77000000000004,0.0,0.0,4,Friday,3,1,2018,0,385.77000000000004,0.0,1,0.0,0.0,0.0,0.0,0.0
2018-03-10,Technology,371.97,0.0,0.0,5,Saturday,3,1,2018,1,371.97,0.0,1,0.0,0.0,0.0,0.0,0.0
2018-03-11,Technology,1605.386,0.0,0.0,6,Sunday,3,1,2018,1,1605.386,0.0,1,0.0,0.0,0.0,0.0,0.0
2018-03-12,Technology,364.07,0.0,0.0,0,Monday,3,1,2018,0,364.07,0.0,1,0.0,0.0,0.0,0.0,0.0
2018-03-13,Technology,0.0,0.0,0.0,1,Tuesday,3,1,2018,0,0.0,0.0,0,0.0,0.0,0.0,0.0,0.0
2018-03-14,Technology,0.0,0.0,0.0,2,Wednesday,3,1,2018,0,0.0,0.0,0,0.0,0.0,0.0,0.0,0.0
2018-03-15,Technology,0.0,0.0,0.0,3,Thursday,3,1,2018,0,0.0,0.0,0,0.0,0.0,0.0,0.0,0.0
2018-03-16,Technology,0.0,0.0,0.0,4,Friday,3,1,2018,0,0.0,0.0,0,0.0,0.0,0.0,0.0,0.0
2018-03-17,Technology,0.0,0.0,0.0,5,Saturday,3,1,2018,1,0.0,0.0,0,0.0,0.0,0.0,0.0,0.0
2018-03-18,Technology,0.0,0.0,0.0,6,Sunday,3,1,2018,1,0.0,0.0,0,0.0,0.0,0.0,0.0,0.0
2018-03-19,Technology,0.0,0.0,0.0,0,Monday,3,1,2018,0,0.0,0.0,0,0.0,0.0,0.0,0.0,0.0
2018-03-20,Technology,0.0,0.0,0.0,1,Tuesday,3,1,2018,0,0.0,0.0,0,0.0,0.0,0.0,0.0,0.0
2018-03-21,Technology,0.0,0.0,0.0,2,Wednesday,3,1,2018,0,0.0,0.0,0,0.0,0.0,0.0,0.0,0.0
2018-03-22,Technology,0.0,0.0,0.0,3,Thursday,3,1,2018,0,0.0,0.0,0,0.0,0.0,0.0,0.0,0.0
2018-03-23,Technology,0.0,0.0,0.0,4,Friday,3,1,2018,0,0.0,0.0,0,0.0,0.0,0.0,0.0,0.0
2018-03-24,Technology,0.0,0.0,0.0,5,Saturday,3,1,2018,1,0.0,0.0,0,0.0,0.0,0.0,0.0,0.0
2018-03-25,Technology,0.0,0.0,0.0,6,Sunday,3,1,2018,1,0.0,0.0,0,0.0,0.0,0.0,0.0,0.0
2018-03-26,Technology,0.0,0.0,0.0,0,Monday,3,1,2018,0,0.0,0.0,0,0.0,0.0,0.0,0.0,0.0
2018-03-27,Technology,0.0,0.0,0.0,1,Tuesday,3,1,2018,0,0.0,0.0,0,0.0,0.0,0.0,0.0,0.0
2018-03-28,Technology,0.0,0.0,0.0,2,Wednesday,3,1,2018,0,0.0,0.0,0,0.0,0.0,0.0,0.0,0.0
2018-03-29,Technology,0.0,0.0,0.0,3,Thursday,3,1,2018,0,0.0,0.0,0,0.0,0.0,0.0,0.0,0.0
2018-03-30,Technology,0.0,0.0,0.0,4,Friday,3,1,2018,0,0.0,0.0,0,0.0,0.0,0.0,0.0,0.0
2018-03-31,Technology,0.0,0.0,0.0,5,Saturday,3,1,2018,1,0.0,0.0,0,0.0,0.0,0.0,0.0,0.0
2018-04-01,Technology,0.0,0.0,0.0,6,Sunday,4,2,2018,1,0.0,0.0,0,0.0,0.0,0.0,0.0,0.0
2018-04-02,Technology,0.0,0.0,0.0,0,Monday,4,2,2018,0,0.0,0.0,0,0.0,0.0,0.0,0.0,0.0
2018-04-03,Technology,0.0,0.0,0.0,1,Tuesday,4,2,2018,0,0.0,0.0,0,0.0,0.0,0.0,0.0,0.0
2018-04-04,Technology,544.0799999999999,0.0,0.0,2,Wednesday,4,2,2018,0,544.0799999999999,0.0,1,0.0,0.0,0.0,0.0,0.0
2018-04-05,Technology,183.96,0.0,0.0,3,Thursday,4,2,2018,0,183.96,0.0,1,0.0,0.0,0.0,0.0,0.0
2018-04-06,Technology,71.984,0.0,0.0,4,Friday,4,2,2018,0,71.984,0.0,1,0.0,0.0,0.0,0.0,0.0
2018-04-07,Technology,0.0,0.0,0.0,5,Saturday,4,2,2018,1,0.0,0.0,0,0.0,0.0,0.0,0.0,0.0
2018-04-08,Technology,0.0,0.0,0.0,6,Sunday,4,2,2018,1,0.0,0.0,0,0.0,0.0,0.0,0.0,0.0
2018-04-09,Technology,159.736,0.0,0.0,0,Monday,4,2,2018,0,159.736,0.0,1,0.0,0.0,0.0,0.0,0.0
2018-04-10,Technology,0.0,0.0,0.0,1,Tuesday,4,2,2018,0,0.0,0.0,0,0.0,0.0,0.0,0.0,0.0
2018-04-11,Technology,9670.564,0.0,0.0,2,Wednesday,4,2,2018,0,9670.564,0.0,1,0.0,0.0,0.0,0.0,0.0
2018-04-12,Technology,1447.7179999999998,0.0,0.0,3,Thursday,4,2,2018,0,1447.7179999999998,0.0,1,0.0,0.0,0.0,0.0,0.0
2018-04-13,Technology,0.0,0.0,0.0,4,Friday,4,2,2018,0,0.0,0.0,0,0.0,0.0,0.0,0.0,0.0
2018-04-14,Technology,0.0,0.0,0.0,5,Saturday,4,2,2018,1,0.0,0.0,0,0.0,0.0,0.0,0.0,0.0
2018-04-15,Technology,0.0,0.0,0.0,6,Sunday,4,2,2018,1,0.0,0.0,0,0.0,0.0,0.0,0.0,0.0
2018-04-16,Technology,0.0,0.0,0.0,0,Monday,4,2,2018,0,0.0,0.0,0,0.0,0.0,0.0,0.0,0.0
2018-04-17,Technology,0.0,0.0,0.0,1,Tuesday,4,2,2018,0,0.0,0.0,0,0.0,0.0,0.0,0.0,0.0
2018-04-18,Technology,0.0,0.0,0.0,2,Wednesday,4,2,2018,0,0.0,0.0,0,0.0,0.0,0.0,0.0,0.0
2018-04-19,Technology,0.0,0.0,0.0,3,Thursday,4,2,2018,0,0.0,0.0,0,0.0,0.0,0.0,0.0,0.0
2018-04-20,Technology,0.0,0.0,0.0,4,Friday,4,2,2018,0,0.0,0.0,0,0.0,0.0,0.0,0.0,0.0
2018-04-21,Technology,0.0,0.0,0.0,5,Saturday,4,2,2018,1,0.0,0.0,0,0.0,0.0,0.0,0.0,0.0
2018-04-22,Technology,0.0,0.0,0.0,6,Sunday,4,2,2018,1,0.0,0.0,0,0.0,0.0,0.0,0.0,0.0
2018-04-23,Technology,0.0,0.0,0.0,0,Monday,4,2,2018,0,0.0,0.0,0,0.0,0.0,0.0,0.0,0.0
2018-04-24,Technology,0.0,0.0,0.0,1,Tuesday,4,2,2018,0,0.0,0.0,0,0.0,0.0,0.0,0.0,0.0
2018-04-25,Technology,0.0,0.0,0.0,2,Wednesday,4,2,2018,0,0.0,0.0,0,0.0,0.0,0.0,0.0,0.0
2018-04-26,Technology,0.0,0.0,0.0,3,Thursday,4,2,2018,0,0.0,0.0,0,0.0,0.0,0.0,0.0,0.0
2018-04-27,Technology,0.0,0.0,0.0,4,Friday,4,2,2018,0,0.0,0.0,0,0.0,0.0,0.0,0.0,0.0
2018-04-28,Technology,0.0,0.0,0.0,5,Saturday,4,2,2018,1,0.0,0.0,0,0.0,0.0,0.0,0.0,0.0
2018-04-29,Technology,0.0,0.0,0.0,6,Sunday,4,2,2018,1,0.0,0.0,0,0.0,0.0,0.0,0.0,0.0
2018-04-30,Technology,0.0,0.0,0.0,0,Monday,4,2,2018,0,0.0,0.0,0,0.0,0.0,0.0,0.0,0.0
2018-05-01,Technology,0.0,0.0,0.0,1,Tuesday,5,2,2018,0,0.0,0.0,0,0.0,0.0,0.0,0.0,0.0
2018-05-02,Technology,371.2,0.0,0.0,2,Wednesday,5,2,2018,0,371.2,0.0,1,0.0,0.0,0.0,0.0,0.0
2018-05-03,Technology,299.97,0.0,0.0,3,Thursday,5,2,2018,0,299.97,0.0,1,0.0,0.0,0.0,0.0,0.0
2018-05-04,Technology,0.0,0.0,0.0,4,Friday,5,2,2018,0,0.0,0.0,0,0.0,0.0,0.0,0.0,0.0
2018-05-05,Technology,0.0,0.0,0.0,5,Saturday,5,2,2018,1,0.0,0.0,0,0.0,0.0,0.0,0.0,0.0
2018-05-06,Technology,470.376,0.0,0.0,6,Sunday,5,2,2018,1,470.376,0.0,1,0.0,0.0,0.0,0.0,0.0
2018-05-07,Technology,79.96,0.0,0.0,0,Monday,5,2,2018,0,79.96,0.0,1,0.0,0.0,0.0,0.0,0.0
2018-05-08,Technology,79.78,0.0,0.0,1,Tuesday,5,2,2018,0,79.78,0.0,1,0.0,0.0,0.0,0.0,0.0
2018-05-09,Technology,89.568,0.0,0.0,2,Wednesday,5,2,2018,0,89.568,0.0,1,0.0,0.0,0.0,0.0,0.0
2018-05-10,Technology,5520.505999999999,1.0,0.0,3,Thursday,5,2,2018,0,5520.505999999999,0.0,1,0.0,0.0,0.0,0.0,0.0
2018-05-11,Technology,1143.488,0.0,0.0,4,Friday,5,2,2018,0,1143.488,0.0,1,0.0,0.0,0.0,0.0,0.0
2018-05-12,Technology,335.596,0.0,0.0,5,Saturday,5,2,2018,1,335.596,0.0,1,0.0,0.0,0.0,0.0,0.0
2018-05-13,Technology,0.0,0.0,0.0,6,Sunday,5,2,2018,1,0.0,0.0,0,0.0,0.0,0.0,0.0,0.0
2018-05-14,Technology,0.0,0.0,0.0,0,Monday,5,2,2018,0,0.0,0.0,0,0.0,0.0,0.0,0.0,0.0
2018-05-15,Technology,0.0,0.0,0.0,1,Tuesday,5,2,2018,0,0.0,0.0,0,0.0,0.0,0.0,0.0,0.0
2018-05-16,Technology,0.0,0.0,0.0,2,Wednesday,5,2,2018,0,0.0,0.0,0,0.0,0.0,0.0,0.0,0.0
2018-05-17,Technology,0.0,0.0,0.0,3,Thursday,5,2,2018,0,0.0,0.0,0,0.0,0.0,0.0,0.0,0.0
2018-05-18,Technology,0.0,0.0,0.0,4,Friday,5,2,2018,0,0.0,0.0,0,0.0,0.0,0.0,0.0,0.0
2018-05-19,Technology,0.0,0.0,0.0,5,Saturday,5,2,2018,1,0.0,0.0,0,0.0,0.0,0.0,0.0,0.0
2018-05-20,Technology,0.0,0.0,0.0,6,Sunday,5,2,2018,1,0.0,0.0,0,0.0,0.0,0.0,0.0,0.0
2018-05-21,Technology,0.0,0.0,0.0,0,Monday,5,2,2018,0,0.0,0.0,0,0.0,0.0,0.0,0.0,0.0
2018-05-22,Technology,0.0,0.0,0.0,1,Tuesday,5,2,2018,0,0.0,0.0,0,0.0,0.0,0.0,0.0,0.0
2018-05-23,Technology,0.0,0.0,0.0,2,Wednesday,5,2,2018,0,0.0,0.0,0,0.0,0.0,0.0,0.0,0.0
2018-05-24,Technology,0.0,0.0,0.0,3,Thursday,5,2,2018,0,0.0,0.0,0,0.0,0.0,0.0,0.0,0.0
2018-05-25,Technology,0.0,0.0,0.0,4,Friday,5,2,2018,0,0.0,0.0,0,0.0,0.0,0.0,0.0,0.0
2018-05-26,Technology,0.0,0.0,0.0,5,Saturday,5,2,2018,1,0.0,0.0,0,0.0,0.0,0.0,0.0,0.0
2018-05-27,Technology,0.0,0.0,0.0,6,Sunday,5,2,2018,1,0.0,0.0,0,0.0,0.0,0.0,0.0,0.0
2018-05-28,Technology,0.0,0.0,0.0,0,Monday,5,2,2018,0,0.0,0.0,0,0.0,0.0,0.0,0.0,0.0
2018-05-29,Technology,0.0,0.0,0.0,1,Tuesday,5,2,2018,0,0.0,0.0,0,0.0,0.0,0.0,0.0,0.0
2018-05-30,Technology,0.0,0.0,0.0,2,Wednesday,5,2,2018,0,0.0,0.0,0,0.0,0.0,0.0,0.0,0.0
2018-05-31,Technology,0.0,0.0,0.0,3,Thursday,5,2,2018,0,0.0,0.0,0,0.0,0.0,0.0,0.0,0.0
2018-06-01,Technology,0.0,0.0,0.0,4,Friday,6,2,2018,0,0.0,0.0,0,0.0,0.0,0.0,0.0,0.0
2018-06-02,Technology,227.46,0.0,0.0,5,Saturday,6,2,2018,1,227.46,0.0,1,0.0,0.0,0.0,0.0,0.0
2018-06-03,Technology,206.384,0.0,0.0,6,Sunday,6,2,2018,1,206.384,0.0,1,0.0,0.0,0.0,0.0,0.0
2018-06-04,Technology,0.0,0.0,0.0,0,Monday,6,2,2018,0,0.0,0.0,0,0.0,0.0,0.0,0.0,0.0
2018-06-05,Technology,1035.912,0.0,0.0,1,Tuesday,6,2,2018,0,1035.912,0.0,1,0.0,0.0,0.0,0.0,0.0
2018-06-06,Technology,0.0,0.0,0.0,2,Wednesday,6,2,2018,0,0.0,0.0,0,0.0,0.0,0.0,0.0,0.0
2018-06-07,Technology,0.0,0.0,0.0,3,Thursday,6,2,2018,0,0.0,0.0,0,0.0,0.0,0.0,0.0,0.0
2018-06-08,Technology,824.95,0.0,0.0,4,Friday,6,2,2018,0,824.95,0.0,1,0.0,0.0,0.0,0.0,0.0
2018-06-09,Technology,0.0,0.0,0.0,5,Saturday,6,2,2018,1,0.0,0.0,0,0.0,0.0,0.0,0.0,0.0
2018-06-10,Technology,319.96,0.0,0.0,6,Sunday,6,2,2018,1,319.96,0.0,1,0.0,0.0,0.0,0.0,0.0
2018-06-11,Technology,125.91,0.0,0.0,0,Monday,6,2,2018,0,125.91,0.0,1,0.0,0.0,0.0,0.0,0.0
2018-06-12,Technology,0.0,0.0,0.0,1,Tuesday,6,2,2018,0,0.0,0.0,0,0.0,0.0,0.0,0.0,0.0
2018-06-13,Technology,0.0,0.0,0.0,2,Wednesday,6,2,2018,0,0.0,0.0,0,0.0,0.0,0.0,0.0,0.0
2018-06-14,Technology,0.0,0.0,0.0,3,Thursday,6,2,2018,0,0.0,0.0,0,0.0,0.0,0.0,0.0,0.0
2018-06-15,Technology,0.0,0.0,0.0,4,Friday,6,2,2018,0,0.0,0.0,0,0.0,0.0,0.0,0.0,0.0
2018-06-16,Technology,0.0,0.0,0.0,5,Saturday,6,2,2018,1,0.0,0.0,0,0.0,0.0,0.0,0.0,0.0
2018-06-17,Technology,0.0,0.0,0.0,6,Sunday,6,2,2018,1,0.0,0.0,0,0.0,0.0,0.0,0.0,0.0
2018-06-18,Technology,0.0,0.0,0.0,0,Monday,6,2,2018,0,0.0,0.0,0,0.0,0.0,0.0,0.0,0.0
2018-06-19,Technology,0.0,0.0,0.0,1,Tuesday,6,2,2018,0,0.0,0.0,0,0.0,0.0,0.0,0.0,0.0
2018-06-20,Technology,0.0,0.0,0.0,2,Wednesday,6,2,2018,0,0.0,0.0,0,0.0,0.0,0.0,0.0,0.0
2018-06-21,Technology,0.0,0.0,0.0,3,Thursday,6,2,2018,0,0.0,0.0,0,0.0,0.0,0.0,0.0,0.0
2018-06-22,Technology,0.0,0.0,0.0,4,Friday,6,2,2018,0,0.0,0.0,0,0.0,0.0,0.0,0.0,0.0
2018-06-23,Technology,0.0,0.0,0.0,5,Saturday,6,2,2018,1,0.0,0.0,0,0.0,0.0,0.0,0.0,0.0
2018-06-24,Technology,0.0,0.0,0.0,6,Sunday,6,2,2018,1,0.0,0.0,0,0.0,0.0,0.0,0.0,0.0
2018-06-25,Technology,0.0,0.0,0.0,0,Monday,6,2,2018,0,0.0,0.0,0,0.0,0.0,0.0,0.0,0.0
2018-06-26,Technology,0.0,0.0,0.0,1,Tuesday,6,2,2018,0,0.0,0.0,0,0.0,0.0,0.0,0.0,0.0
2018-06-27,Technology,0.0,0.0,0.0,2,Wednesday,6,2,2018,0,0.0,0.0,0,0.0,0.0,0.0,0.0,0.0
2018-06-28,Technology,0.0,0.0,0.0,3,Thursday,6,2,2018,0,0.0,0.0,0,0.0,0.0,0.0,0.0,0.0
2018-06-29,Technology,0.0,0.0,0.0,4,Friday,6,2,2018,0,0.0,0.0,0,0.0,0.0,0.0,0.0,0.0
2018-06-30,Technology,0.0,0.0,0.0,5,Saturday,6,2,2018,1,0.0,0.0,0,0.0,0.0,0.0,0.0,0.0
2018-07-01,Technology,3059.982,0.0,0.0,6,Sunday,7,3,2018,1,3059.982,0.0,1,0.0,0.0,0.0,0.0,0.0
2018-07-02,Technology,0.0,0.0,0.0,0,Monday,7,3,2018,0,0.0,0.0,0,0.0,0.0,0.0,0.0,0.0
2018-07-03,Technology,49.08,0.0,0.0,1,Tuesday,7,3,2018,0,49.08,0.0,1,0.0,0.0,0.0,0.0,0.0
2018-07-04,Technology,837.16,0.0,0.0,2,Wednesday,7,3,2018,0,837.16,0.0,1,0.0,0.0,0.0,0.0,0.0
2018-07-05,Technology,499.934,0.0,0.0,3,Thursday,7,3,2018,0,499.934,0.0,1,0.0,0.0,0.0,0.0,0.0
2018-07-06,Technology,0.0,0.0,0.0,4,Friday,7,3,2018,0,0.0,0.0,0,0.0,0.0,0.0,0.0,0.0
2018-07-07,Technology,1480.684,0.0,0.0,5,Saturday,7,3,2018,1,1480.684,0.0,1,0.0,0.0,0.0,0.0,0.0
2018-07-08,Technology,1187.0,0.0,0.0,6,Sunday,7,3,2018,1,1187.0,0.0,1,0.0,0.0,0.0,0.0,0.0
2018-07-09,Technology,989.216,0.0,0.0,0,Monday,7,3,2018,0,989.216,0.0,1,0.0,0.0,0.0,0.0,0.0
2018-07-10,Technology,1546.958,0.0,0.0,1,Tuesday,7,3,2018,0,1546.958,0.0,1,0.0,0.0,0.0,0.0,0.0
2018-07-11,Technology,1629.164,0.0,0.0,2,Wednesday,7,3,2018,0,1629.164,0.0,1,0.0,0.0,0.0,0.0,0.0
2018-07-12,Technology,554.36,0.0,0.0,3,Thursday,7,3,2018,0,554.36,0.0,1,0.0,0.0,0.0,0.0,0.0
2018-07-13,Technology,0.0,0.0,0.0,4,Friday,7,3,2018,0,0.0,0.0,0,0.0,0.0,0.0,0.0,0.0
2018-07-14,Technology,0.0,0.0,0.0,5,Saturday,7,3,2018,1,0.0,0.0,0,0.0,0.0,0.0,0.0,0.0
2018-07-15,Technology,0.0,0.0,0.0,6,Sunday,7,3,2018,1,0.0,0.0,0,0.0,0.0,0.0,0.0,0.0
2018-07-16,Technology,0.0,0.0,0.0,0,Monday,7,3,2018,0,0.0,0.0,0,0.0,0.0,0.0,0.0,0.0
2018-07-17,Technology,0.0,0.0,0.0,1,Tuesday,7,3,2018,0,0.0,0.0,0,0.0,0.0,0.0,0.0,0.0
2018-07-18,Technology,0.0,0.0,0.0,2,Wednesday,7,3,2018,0,0.0,0.0,0,0.0,0.0,0.0,0.0,0.0
2018-07-19,Technology,0.0,0.0,0.0,3,Thursday,7,3,2018,0,0.0,0.0,0,0.0,0.0,0.0,0.0,0.0
2018-07-20,Technology,0.0,0.0,0.0,4,Friday,7,3,2018,0,0.0,0.0,0,0.0,0.0,0.0,0.0,0.0
2018-07-21,Technology,0.0,0.0,0.0,5,Saturday,7,3,2018,1,0.0,0.0,0,0.0,0.0,0.0,0.0,0.0
2018-07-22,Technology,0.0,0.0,0.0,6,Sunday,7,3,2018,1,0.0,0.0,0,0.0,0.0,0.0,0.0,0.0
2018-07-23,Technology,0.0,0.0,0.0,0,Monday,7,3,2018,0,0.0,0.0,0,0.0,0.0,0.0,0.0,0.0
2018-07-24,Technology,0.0,0.0,0.0,1,Tuesday,7,3,2018,0,0.0,0.0,0,0.0,0.0,0.0,0.0,0.0
2018-07-25,Technology,0.0,0.0,0.0,2,Wednesday,7,3,2018,0,0.0,0.0,0,0.0,0.0,0.0,0.0,0.0
2018-07-26,Technology,0.0,0.0,0.0,3,Thursday,7,3,2018,0,0.0,0.0,0,0.0,0.0,0.0,0.0,0.0
2018-07-27,Technology,0.0,0.0,0.0,4,Friday,7,3,2018,0,0.0,0.0,0,0.0,0.0,0.0,0.0,0.0
2018-07-28,Technology,0.0,0.0,0.0,5,Saturday,7,3,2018,1,0.0,0.0,0,0.0,0.0,0.0,0.0,0.0
2018-07-29,Technology,0.0,0.0,0.0,6,Sunday,7,3,2018,1,0.0,0.0,0,0.0,0.0,0.0,0.0,0.0
2018-07-30,Technology,0.0,0.0,0.0,0,Monday,7,3,2018,0,0.0,0.0,0,0.0,0.0,0.0,0.0,0.0
2018-07-31,Technology,0.0,0.0,0.0,1,Tuesday,7,3,2018,0,0.0,0.0,0,0.0,0.0,0.0,0.0,0.0
2018-08-01,Technology,0.0,0.0,0.0,2,Wednesday,8,3,2018,0,0.0,0.0,0,0.0,0.0,0.0,0.0,0.0
2018-08-02,Technology,0.0,0.0,0.0,3,Thursday,8,3,2018,0,0.0,0.0,0,0.0,0.0,0.0,0.0,0.0
2018-08-03,Technology,0.0,0.0,0.0,4,Friday,8,3,2018,0,0.0,0.0,0,0.0,0.0,0.0,0.0,0.0
2018-08-04,Technology,0.0,0.0,0.0,5,Saturday,8,3,2018,1,0.0,0.0,0,0.0,0.0,0.0,0.0,0.0
2018-08-05,Technology,3359.952,0.0,0.0,6,Sunday,8,3,2018,1,3359.952,0.0,1,0.0,0.0,0.0,0.0,0.0
2018-08-06,Technology,488.64,0.0,0.0,0,Monday,8,3,2018,0,488.64,0.0,1,0.0,0.0,0.0,0.0,0.0
2018-08-07,Technology,191.9,0.0,0.0,1,Tuesday,8,3,2018,0,191.9,0.0,1,0.0,0.0,0.0,0.0,0.0
2018-08-08,Technology,0.0,0.0,0.0,2,Wednesday,8,3,2018,0,0.0,0.0,0,0.0,0.0,0.0,0.0,0.0
2018-08-09,Technology,948.016,0.0,0.0,3,Thursday,8,3,2018,0,948.016,0.0,1,0.0,0.0,0.0,0.0,0.0
2018-08-10,Technology,379.152,0.0,0.0,4,Friday,8,3,2018,0,379.152,0.0,1,0.0,0.0,0.0,0.0,0.0
2018-08-11,Technology,0.0,0.0,0.0,5,Saturday,8,3,2018,1,0.0,0.0,0,0.0,0.0,0.0,0.0,0.0
2018-08-12,Technology,1642.0240000000001,0.0,0.0,6,Sunday,8,3,2018,1,1642.0240000000001,0.0,1,0.0,0.0,0.0,0.0,0.0
2018-08-13,Technology,0.0,0.0,0.0,0,Monday,8,3,2018,0,0.0,0.0,0,0.0,0.0,0.0,0.0,0.0
2018-08-14,Technology,0.0,0.0,0.0,1,Tuesday,8,3,2018,0,0.0,0.0,0,0.0,0.0,0.0,0.0,0.0
2018-08-15,Technology,0.0,0.0,0.0,2,Wednesday,8,3,2018,0,0.0,0.0,0,0.0,0.0,0.0,0.0,0.0
2018-08-16,Technology,0.0,0.0,0.0,3,Thursday,8,3,2018,0,0.0,0.0,0,0.0,0.0,0.0,0.0,0.0
2018-08-17,Technology,0.0,0.0,0.0,4,Friday,8,3,2018,0,0.0,0.0,0,0.0,0.0,0.0,0.0,0.0
2018-08-18,Technology,0.0,0.0,0.0,5,Saturday,8,3,2018,1,0.0,0.0,0,0.0,0.0,0.0,0.0,0.0
2018-08-19,Technology,0.0,0.0,0.0,6,Sunday,8,3,2018,1,0.0,0.0,0,0.0,0.0,0.0,0.0,0.0
2018-08-20,Technology,0.0,0.0,0.0,0,Monday,8,3,2018,0,0.0,0.0,0,0.0,0.0,0.0,0.0,0.0
2018-08-21,Technology,0.0,0.0,0.0,1,Tuesday,8,3,2018,0,0.0,0.0,0,0.0,0.0,0.0,0.0,0.0
2018-08-22,Technology,0.0,0.0,0.0,2,Wednesday,8,3,2018,0,0.0,0.0,0,0.0,0.0,0.0,0.0,0.0
2018-08-23,Technology,0.0,0.0,0.0,3,Thursday,8,3,2018,0,0.0,0.0,0,0.0,0.0,0.0,0.0,0.0
2018-08-24,Technology,0.0,0.0,0.0,4,Friday,8,3,2018,0,0.0,0.0,0,0.0,0.0,0.0,0.0,0.0
2018-08-25,Technology,0.0,0.0,0.0,5,Saturday,8,3,2018,1,0.0,0.0,0,0.0,0.0,0.0,0.0,0.0
2018-08-26,Technology,0.0,0.0,0.0,6,Sunday,8,3,2018,1,0.0,0.0,0,0.0,0.0,0.0,0.0,0.0
2018-08-27,Technology,0.0,0.0,0.0,0,Monday,8,3,2018,0,0.0,0.0,0,0.0,0.0,0.0,0.0,0.0
2018-08-28,Technology,0.0,0.0,0.0,1,Tuesday,8,3,2018,0,0.0,0.0,0,0.0,0.0,0.0,0.0,0.0
2018-08-29,Technology,0.0,0.0,0.0,2,Wednesday,8,3,2018,0,0.0,0.0,0,0.0,0.0,0.0,0.0,0.0
2018-08-30,Technology,0.0,0.0,0.0,3,Thursday,8,3,2018,0,0.0,0.0,0,0.0,0.0,0.0,0.0,0.0
2018-08-31,Technology,0.0,0.0,0.0,4,Friday,8,3,2018,0,0.0,0.0,0,0.0,0.0,0.0,0.0,0.0
2018-09-01,Technology,0.0,0.0,0.0,5,Saturday,9,3,2018,1,0.0,0.0,0,0.0,0.0,0.0,0.0,0.0
2018-09-02,Technology,127.984,0.0,0.0,6,Sunday,9,3,2018,1,127.984,0.0,1,0.0,0.0,0.0,0.0,0.0
2018-09-03,Technology,679.9639999999999,0.0,0.0,0,Monday,9,3,2018,0,679.9639999999999,0.0,1,0.0,0.0,0.0,0.0,0.0
2018-09-04,Technology,0.0,0.0,0.0,1,Tuesday,9,3,2018,0,0.0,0.0,0,0.0,0.0,0.0,0.0,0.0
2018-09-05,Technology,199.98,0.0,0.0,2,Wednesday,9,3,2018,0,199.98,0.0,1,0.0,0.0,0.0,0.0,0.0
2018-09-06,Technology,0.0,0.0,0.0,3,Thursday,9,3,2018,0,0.0,0.0,0,0.0,0.0,0.0,0.0,0.0
2018-09-07,Technology,257.98,0.0,0.0,4,Friday,9,3,2018,0,257.98,0.0,1,0.0,0.0,0.0,0.0,0.0
2018-09-08,Technology,0.0,0.0,0.0,5,Saturday,9,3,2018,1,0.0,0.0,0,0.0,0.0,0.0,0.0,0.0
2018-09-09,Technology,2446.494,0.0,0.0,6,Sunday,9,3,2018,1,2446.494,0.0,1,0.0,0.0,0.0,0.0,0.0
2018-09-10,Technology,0.0,0.0,0.0,0,Monday,9,3,2018,0,0.0,0.0,0,0.0,0.0,0.0,0.0,0.0
2018-09-11,Technology,1617.754,1.0,0.0,1,Tuesday,9,3,2018,0,1617.754,0.0,1,0.0,0.0,0.0,0.0,0.0
2018-09-12,Technology,2096.078,0.0,0.0,2,Wednesday,9,3,2018,0,2096.078,0.0,1,0.0,0.0,0.0,0.0,0.0
2018-09-13,Technology,0.0,0.0,0.0,3,Thursday,9,3,2018,0,0.0,0.0,0,0.0,0.0,0.0,0.0,0.0
2018-09-14,Technology,0.0,0.0,0.0,4,Friday,9,3,2018,0,0.0,0.0,0,0.0,0.0,0.0,0.0,0.0
2018-09-15,Technology,0.0,0.0,0.0,5,Saturday,9,3,2018,1,0.0,0.0,0,0.0,0.0,0.0,0.0,0.0
2018-09-16,Technology,0.0,0.0,0.0,6,Sunday,9,3,2018,1,0.0,0.0,0,0.0,0.0,0.0,0.0,0.0
2018-09-17,Technology,0.0,0.0,0.0,0,Monday,9,3,2018,0,0.0,0.0,0,0.0,0.0,0.0,0.0,0.0
2018-09-18,Technology,0.0,0.0,0.0,1,Tuesday,9,3,2018,0,0.0,0.0,0,0.0,0.0,0.0,0.0,0.0
2018-09-19,Technology,0.0,0.0,0.0,2,Wednesday,9,3,2018,0,0.0,0.0,0,0.0,0.0,0.0,0.0,0.0
2018-09-20,Technology,0.0,0.0,0.0,3,Thursday,9,3,2018,0,0.0,0.0,0,0.0,0.0,0.0,0.0,0.0
2018-09-21,Technology,0.0,0.0,0.0,4,Friday,9,3,2018,0,0.0,0.0,0,0.0,0.0,0.0,0.0,0.0
2018-09-22,Technology,0.0,0.0,0.0,5,Saturday,9,3,2018,1,0.0,0.0,0,0.0,0.0,0.0,0.0,0.0
2018-09-23,Technology,0.0,0.0,0.0,6,Sunday,9,3,2018,1,0.0,0.0,0,0.0,0.0,0.0,0.0,0.0
2018-09-24,Technology,0.0,0.0,0.0,0,Monday,9,3,2018,0,0.0,0.0,0,0.0,0.0,0.0,0.0,0.0
2018-09-25,Technology,0.0,0.0,0.0,1,Tuesday,9,3,2018,0,0.0,0.0,0,0.0,0.0,0.0,0.0,0.0
2018-09-26,Technology,0.0,0.0,0.0,2,Wednesday,9,3,2018,0,0.0,0.0,0,0.0,0.0,0.0,0.0,0.0
2018-09-27,Technology,0.0,0.0,0.0,3,Thursday,9,3,2018,0,0.0,0.0,0,0.0,0.0,0.0,0.0,0.0
2018-09-28,Technology,0.0,0.0,0.0,4,Friday,9,3,2018,0,0.0,0.0,0,0.0,0.0,0.0,0.0,0.0
2018-09-29,Technology,0.0,0.0,0.0,5,Saturday,9,3,2018,1,0.0,0.0,0,0.0,0.0,0.0,0.0,0.0
2018-09-30,Technology,0.0,0.0,0.0,6,Sunday,9,3,2018,1,0.0,0.0,0,0.0,0.0,0.0,0.0,0.0
2018-10-01,Technology,0.0,0.0,0.0,0,Monday,10,4,2018,0,0.0,0.0,0,0.0,0.0,0.0,0.0,0.0
2018-10-02,Technology,0.0,0.0,0.0,1,Tuesday,10,4,2018,0,0.0,0.0,0,0.0,0.0,0.0,0.0,0.0
2018-10-03,Technology,201.85199999999998,0.0,0.0,2,Wednesday,10,4,2018,0,201.85199999999998,0.0,1,0.0,0.0,0.0,0.0,0.0
2018-10-04,Technology,195.726,0.0,0.0,3,Thursday,10,4,2018,0,195.726,0.0,1,0.0,0.0,0.0,0.0,0.0
2018-10-05,Technology,0.0,0.0,0.0,4,Friday,10,4,2018,0,0.0,0.0,0,0.0,0.0,0.0,0.0,0.0
2018-10-06,Technology,501.256,0.0,0.0,5,Saturday,10,4,2018,1,501.256,0.0,1,0.0,0.0,0.0,0.0,0.0
2018-10-07,Technology,0.0,0.0,0.0,6,Sunday,10,4,2018,1,0.0,0.0,0,0.0,0.0,0.0,0.0,0.0
2018-10-08,Technology,1454.49,0.0,0.0,0,Monday,10,4,2018,0,1454.49,0.0,1,0.0,0.0,0.0,0.0,0.0
2018-10-09,Technology,853.77,0.0,0.0,1,Tuesday,10,4,2018,0,853.77,0.0,1,0.0,0.0,0.0,0.0,0.0
2018-10-10,Technology,0.0,0.0,0.0,2,Wednesday,10,4,2018,0,0.0,0.0,0,0.0,0.0,0.0,0.0,0.0
2018-10-11,Technology,1080.2,0.0,0.0,3,Thursday,10,4,2018,0,1080.2,0.0,1,0.0,0.0,0.0,0.0,0.0
2018-10-12,Technology,798.06,0.0,0.0,4,Friday,10,4,2018,0,798.06,0.0,1,0.0,0.0,0.0,0.0,0.0
2018-10-13,Technology,0.0,0.0,0.0,5,Saturday,10,4,2018,1,0.0,0.0,0,0.0,0.0,0.0,0.0,0.0
2018-10-14,Technology,0.0,0.0,0.0,6,Sunday,10,4,2018,1,0.0,0.0,0,0.0,0.0,0.0,0.0,0.0
2018-10-15,Technology,0.0,0.0,0.0,0,Monday,10,4,2018,0,0.0,0.0,0,0.0,0.0,0.0,0.0,0.0
2018-10-16,Technology,0.0,0.0,0.0,1,Tuesday,10,4,2018,0,0.0,0.0,0,0.0,0.0,0.0,0.0,0.0
2018-10-17,Technology,0.0,0.0,0.0,2,Wednesday,10,4,2018,0,0.0,0.0,0,0.0,0.0,0.0,0.0,0.0
2018-10-18,Technology,0.0,0.0,0.0,3,Thursday,10,4,2018,0,0.0,0.0,0,0.0,0.0,0.0,0.0,0.0
2018-10-19,Technology,0.0,0.0,0.0,4,Friday,10,4,2018,0,0.0,0.0,0,0.0,0.0,0.0,0.0,0.0
2018-10-20,Technology,0.0,0.0,0.0,5,Saturday,10,4,2018,1,0.0,0.0,0,0.0,0.0,0.0,0.0,0.0
2018-10-21,Technology,0.0,0.0,0.0,6,Sunday,10,4,2018,1,0.0,0.0,0,0.0,0.0,0.0,0.0,0.0
2018-10-22,Technology,0.0,0.0,0.0,0,Monday,10,4,2018,0,0.0,0.0,0,0.0,0.0,0.0,0.0,0.0
2018-10-23,Technology,0.0,0.0,0.0,1,Tuesday,10,4,2018,0,0.0,0.0,0,0.0,0.0,0.0,0.0,0.0
2018-10-24,Technology,0.0,0.0,0.0,2,Wednesday,10,4,2018,0,0.0,0.0,0,0.0,0.0,0.0,0.0,0.0
2018-10-25,Technology,0.0,0.0,0.0,3,Thursday,10,4,2018,0,0.0,0.0,0,0.0,0.0,0.0,0.0,0.0
2018-10-26,Technology,0.0,0.0,0.0,4,Friday,10,4,2018,0,0.0,0.0,0,0.0,0.0,0.0,0.0,0.0
2018-10-27,Technology,0.0,0.0,0.0,5,Saturday,10,4,2018,1,0.0,0.0,0,0.0,0.0,0.0,0.0,0.0
2018-10-28,Technology,0.0,0.0,0.0,6,Sunday,10,4,2018,1,0.0,0.0,0,0.0,0.0,0.0,0.0,0.0
2018-10-29,Technology,0.0,0.0,0.0,0,Monday,10,4,2018,0,0.0,0.0,0,0.0,0.0,0.0,0.0,0.0
2018-10-30,Technology,0.0,0.0,0.0,1,Tuesday,10,4,2018,0,0.0,0.0,0,0.0,0.0,0.0,0.0,0.0
2018-10-31,Technology,0.0,0.0,0.0,2,Wednesday,10,4,2018,0,0.0,0.0,0,0.0,0.0,0.0,0.0,0.0
2018-11-01,Technology,0.0,0.0,0.0,3,Thursday,11,4,2018,0,0.0,0.0,0,0.0,0.0,0.0,0.0,0.0
2018-11-02,Technology,88.776,0.0,0.0,4,Friday,11,4,2018,0,88.776,0.0,1,0.0,0.0,0.0,0.0,0.0
2018-11-03,Technology,840.73,0.0,0.0,5,Saturday,11,4,2018,1,840.73,0.0,1,0.0,0.0,0.0,0.0,0.0
2018-11-04,Technology,227.07,0.0,0.0,6,Sunday,11,4,2018,1,227.07,0.0,1,0.0,0.0,0.0,0.0,0.0
2018-11-05,Technology,0.0,0.0,0.0,0,Monday,11,4,2018,0,0.0,0.0,0,0.0,0.0,0.0,0.0,0.0
2018-11-06,Technology,385.8,0.0,0.0,1,Tuesday,11,4,2018,0,385.8,0.0,1,0.0,0.0,0.0,0.0,0.0
2018-11-07,Technology,1492.002,0.0,0.0,2,Wednesday,11,4,2018,0,1492.002,0.0,1,0.0,0.0,0.0,0.0,0.0
2018-11-08,Technology,153.584,0.0,0.0,3,Thursday,11,4,2018,0,153.584,0.0,1,0.0,0.0,0.0,0.0,0.0
2018-11-09,Technology,223.91199999999998,0.0,0.0,4,Friday,11,4,2018,0,223.91199999999998,0.0,1,0.0,0.0,0.0,0.0,0.0
2018-11-10,Technology,0.0,0.0,0.0,5,Saturday,11,4,2018,1,0.0,0.0,0,0.0,0.0,0.0,0.0,0.0
2018-11-11,Technology,35.184,0.0,0.0,6,Sunday,11,4,2018,1,35.184,0.0,1,0.0,0.0,0.0,0.0,0.0
2018-11-12,Technology,475.69,0.0,0.0,0,Monday,11,4,2018,0,475.69,0.0,1,0.0,0.0,0.0,0.0,0.0
2018-11-13,Technology,0.0,0.0,0.0,1,Tuesday,11,4,2018,0,0.0,0.0,0,0.0,0.0,0.0,0.0,0.0
2018-11-14,Technology,0.0,0.0,0.0,2,Wednesday,11,4,2018,0,0.0,0.0,0,0.0,0.0,0.0,0.0,0.0
2018-11-15,Technology,0.0,0.0,0.0,3,Thursday,11,4,2018,0,0.0,0.0,0,0.0,0.0,0.0,0.0,0.0
2018-11-16,Technology,0.0,0.0,0.0,4,Friday,11,4,2018,0,0.0,0.0,0,0.0,0.0,0.0,0.0,0.0
2018-11-17,Technology,0.0,0.0,0.0,5,Saturday,11,4,2018,1,0.0,0.0,0,0.0,0.0,0.0,0.0,0.0
2018-11-18,Technology,0.0,0.0,0.0,6,Sunday,11,4,2018,1,0.0,0.0,0,0.0,0.0,0.0,0.0,0.0
2018-11-19,Technology,0.0,0.0,0.0,0,Monday,11,4,2018,0,0.0,0.0,0,0.0,0.0,0.0,0.0,0.0
2018-11-20,Technology,0.0,0.0,0.0,1,Tuesday,11,4,2018,0,0.0,0.0,0,0.0,0.0,0.0,0.0,0.0
2018-11-21,Technology,0.0,0.0,0.0,2,Wednesday,11,4,2018,0,0.0,0.0,0,0.0,0.0,0.0,0.0,0.0
2018-11-22,Technology,0.0,0.0,0.0,3,Thursday,11,4,2018,0,0.0,0.0,0,0.0,0.0,0.0,0.0,0.0
2018-11-23,Technology,0.0,0.0,0.0,4,Friday,11,4,2018,0,0.0,0.0,0,0.0,0.0,0.0,0.0,0.0
2018-11-24,Technology,0.0,0.0,0.0,5,Saturday,11,4,2018,1,0.0,0.0,0,0.0,0.0,0.0,0.0,0.0
2018-11-25,Technology,0.0,0.0,0.0,6,Sunday,11,4,2018,1,0.0,0.0,0,0.0,0.0,0.0,0.0,0.0
2018-11-26,Technology,0.0,0.0,0.0,0,Monday,11,4,2018,0,0.0,0.0,0,0.0,0.0,0.0,0.0,0.0
2018-11-27,Technology,0.0,0.0,0.0,1,Tuesday,11,4,2018,0,0.0,0.0,0,0.0,0.0,0.0,0.0,0.0
2018-11-28,Technology,0.0,0.0,0.0,2,Wednesday,11,4,2018,0,0.0,0.0,0,0.0,0.0,0.0,0.0,0.0
2018-11-29,Technology,0.0,0.0,0.0,3,Thursday,11,4,2018,0,0.0,0.0,0,0.0,0.0,0.0,0.0,0.0
2018-11-30,Technology,0.0,0.0,0.0,4,Friday,11,4,2018,0,0.0,0.0,0,0.0,0.0,0.0,0.0,0.0
2018-12-01,Technology,0.0,0.0,0.0,5,Saturday,12,4,2018,1,0.0,0.0,0,0.0,0.0,0.0,0.0,0.0
2018-12-02,Technology,0.0,0.0,0.0,6,Sunday,12,4,2018,1,0.0,0.0,0,0.0,0.0,0.0,0.0,0.0
2018-12-03,Technology,69.93,0.0,0.0,0,Monday,12,4,2018,0,69.93,0.0,1,0.0,0.0,0.0,0.0,0.0
2018-12-04,Technology,0.0,0.0,0.0,1,Tuesday,12,4,2018,0,0.0,0.0,0,0.0,0.0,0.0,0.0,0.0
2018-12-05,Technology,87.4,0.0,0.0,2,Wednesday,12,4,2018,0,87.4,0.0,1,0.0,0.0,0.0,0.0,0.0
2018-12-06,Technology,135.89600000000002,0.0,0.0,3,Thursday,12,4,2018,0,135.89600000000002,0.0,1,0.0,0.0,0.0,0.0,0.0
2018-12-07,Technology,0.0,0.0,0.0,4,Friday,12,4,2018,0,0.0,0.0,0,0.0,0.0,0.0,0.0,0.0
2018-12-08,Technology,717.564,0.0,0.0,5,Saturday,12,4,2018,1,717.564,0.0,1,0.0,0.0,0.0,0.0,0.0
2018-12-09,Technology,0.0,0.0,0.0,6,Sunday,12,4,2018,1,0.0,0.0,0,0.0,0.0,0.0,0.0,0.0
2018-12-10,Technology,2278.238,0.0,0.0,0,Monday,12,4,2018,0,2278.238,0.0,1,0.0,0.0,0.0,0.0,0.0
2018-12-11,Technology,1285.9579999999999,0.0,0.0,1,Tuesday,12,4,2018,0,1285.9579999999999,0.0,1,0.0,0.0,0.0,0.0,0.0
